{"textures":{"0":"modelengine:entity/smaug","particle":"#0"},"elements":[{"from":[6.7220306,8.0,6.9688263],"to":[30.467026,8.049999,30.968824],"faces":{"up":{"uv":[4.875,8.625,5.24219,8.25],"tintindex":0,"rotation":0,"texture":"#0"},"down":{"uv":[4.875,8.25,5.24219,8.625],"tintindex":0,"rotation":0,"texture":"#0"}}},{"from":[6.6599274,8.0,-14.924877],"to":[30.404922,8.049999,9.075119],"faces":{"up":{"uv":[4.5,8.625,4.86719,8.25],"tintindex":0,"rotation":0,"texture":"#0"},"down":{"uv":[4.5,8.25,4.86719,8.625],"tintindex":0,"rotation":0,"texture":"#0"}}},{"from":[-14.579376,8.0,7.0007744],"to":[9.165634,8.049999,31.000774],"faces":{"up":{"uv":[3.75,8.625,4.11719,8.25],"tintindex":0,"rotation":0,"texture":"#0"},"down":{"uv":[3.75,8.25,4.11719,8.625],"tintindex":0,"rotation":0,"texture":"#0"}}},{"from":[-14.641464,8.0,-14.892933],"to":[9.103531,8.049999,9.107071],"faces":{"up":{"uv":[4.125,8.625,4.49219,8.25],"tintindex":0,"rotation":0,"texture":"#0"},"down":{"uv":[4.125,8.25,4.49219,8.625],"tintindex":0,"rotation":0,"texture":"#0"}}}],"display":{"head":{"rotation":[0.0,0.0,0.0]},"firstperson_righthand":{"rotation":[0.0,0.0,0.0]},"thirdperson_lefthand":{"rotation":[0.0,-0.0,-0.0]},"firstperson_lefthand":{"rotation":[0.0,-0.0,-0.0]},"fixed":{"rotation":[0.0,0.0,0.0]},"ground":{"rotation":[0.0,0.0,0.0]},"thirdperson_righthand":{"rotation":[0.0,0.0,0.0]},"gui":{"rotation":[-150.0,-45.0,180.0]}}}