{"textures":{"0":"modelengine:entity/smaug","particle":"#0"},"elements":[{"from":[-15.19455,8.0,-15.10215],"to":[8.75145,8.049999,8.89785],"faces":{"up":{"uv":[3.59375,0.375,3.96875,0.0],"tintindex":0,"rotation":0,"texture":"#0"},"down":{"uv":[3.59375,0.0,3.96875,0.375],"tintindex":0,"rotation":0,"texture":"#0"}}},{"from":[6.774288,8.0,6.828453],"to":[30.720287,8.049999,30.828453],"faces":{"up":{"uv":[3.375,3.375,3.75,3.0],"tintindex":0,"rotation":0,"texture":"#0"},"down":{"uv":[3.375,3.0,3.75,3.375],"tintindex":0,"rotation":0,"texture":"#0"}}},{"from":[6.7471123,8.0,-15.157333],"to":[30.693113,8.049999,8.842667],"faces":{"up":{"uv":[3.46875,1.875,3.84375,1.5],"tintindex":0,"rotation":0,"texture":"#0"},"down":{"uv":[3.46875,1.5,3.84375,1.875],"tintindex":0,"rotation":0,"texture":"#0"}}},{"from":[-15.167377,8.0,6.8836365],"to":[8.7786255,8.049999,30.883633],"faces":{"up":{"uv":[1.125,4.0,1.5,3.625],"tintindex":0,"rotation":0,"texture":"#0"},"down":{"uv":[1.125,3.625,1.5,4.0],"tintindex":0,"rotation":0,"texture":"#0"}}}],"display":{"head":{"rotation":[0.0,0.0,0.0]},"firstperson_righthand":{"rotation":[0.0,0.0,0.0]},"thirdperson_lefthand":{"rotation":[0.0,-0.0,-0.0]},"firstperson_lefthand":{"rotation":[0.0,-0.0,-0.0]},"fixed":{"rotation":[0.0,0.0,0.0]},"ground":{"rotation":[0.0,0.0,0.0]},"thirdperson_righthand":{"rotation":[0.0,0.0,0.0]},"gui":{"rotation":[-150.0,-45.0,180.0]}}}