{"textures":{"0":"modelengine:entity/smaug","particle":"#0"},"elements":[{"from":[-15.101593,8.0,6.6733932],"to":[8.643402,8.049999,30.673395],"faces":{"up":{"uv":[2.24219,9.0,1.875,8.625],"tintindex":0,"rotation":0,"texture":"#0"},"down":{"uv":[2.24219,8.625,1.875,9.0],"tintindex":0,"rotation":0,"texture":"#0"}}},{"from":[-15.039505,8.0,-15.22031],"to":[8.70549,8.049999,8.77969],"faces":{"up":{"uv":[8.99219,3.375,8.625,3.0],"tintindex":0,"rotation":0,"texture":"#0"},"down":{"uv":[8.99219,3.0,8.625,3.375],"tintindex":0,"rotation":0,"texture":"#0"}}},{"from":[7.263275,8.0,-15.25079],"to":[31.008278,8.049999,8.74921],"faces":{"up":{"uv":[8.99219,3.0,8.625,2.625],"tintindex":0,"rotation":0,"texture":"#0"},"down":{"uv":[8.99219,2.625,8.625,3.0],"tintindex":0,"rotation":0,"texture":"#0"}}},{"from":[7.201187,8.0,6.642914],"to":[30.94619,8.049999,30.642914],"faces":{"up":{"uv":[8.99219,2.625,8.625,2.25],"tintindex":0,"rotation":0,"texture":"#0"},"down":{"uv":[8.99219,2.25,8.625,2.625],"tintindex":0,"rotation":0,"texture":"#0"}}}],"display":{"head":{"rotation":[0.0,0.0,0.0]},"firstperson_righthand":{"rotation":[0.0,0.0,0.0]},"thirdperson_lefthand":{"rotation":[0.0,-0.0,-0.0]},"firstperson_lefthand":{"rotation":[0.0,-0.0,-0.0]},"fixed":{"rotation":[0.0,0.0,0.0]},"ground":{"rotation":[0.0,0.0,0.0]},"thirdperson_righthand":{"rotation":[0.0,0.0,0.0]},"gui":{"rotation":[-150.0,-45.0,180.0]}}}