{"textures":{"0":"modelengine:entity/smaug","particle":"#0"},"elements":[{"from":[-14.4049225,8.0,-14.924877],"to":[9.340073,8.049999,9.075119],"faces":{"up":{"uv":[4.86719,8.625,4.5,8.25],"tintindex":0,"rotation":0,"texture":"#0"},"down":{"uv":[4.86719,8.25,4.5,8.625],"tintindex":0,"rotation":0,"texture":"#0"}}},{"from":[-14.467026,8.0,6.9688263],"to":[9.277969,8.049999,30.968824],"faces":{"up":{"uv":[5.24219,8.625,4.875,8.25],"tintindex":0,"rotation":0,"texture":"#0"},"down":{"uv":[5.24219,8.25,4.875,8.625],"tintindex":0,"rotation":0,"texture":"#0"}}},{"from":[6.896469,8.0,-14.892933],"to":[30.641464,8.049999,9.107071],"faces":{"up":{"uv":[4.49219,8.625,4.125,8.25],"tintindex":0,"rotation":0,"texture":"#0"},"down":{"uv":[4.49219,8.25,4.125,8.625],"tintindex":0,"rotation":0,"texture":"#0"}}},{"from":[6.834366,8.0,7.0007744],"to":[30.579376,8.049999,31.000774],"faces":{"up":{"uv":[4.11719,8.625,3.75,8.25],"tintindex":0,"rotation":0,"texture":"#0"},"down":{"uv":[4.11719,8.25,3.75,8.625],"tintindex":0,"rotation":0,"texture":"#0"}}}],"display":{"head":{"rotation":[0.0,0.0,0.0]},"firstperson_righthand":{"rotation":[0.0,0.0,0.0]},"thirdperson_lefthand":{"rotation":[0.0,-0.0,-0.0]},"firstperson_lefthand":{"rotation":[0.0,-0.0,-0.0]},"fixed":{"rotation":[0.0,0.0,0.0]},"ground":{"rotation":[0.0,0.0,0.0]},"thirdperson_righthand":{"rotation":[0.0,0.0,0.0]},"gui":{"rotation":[-150.0,-45.0,180.0]}}}