{"textures":{"0":"modelengine:entity/smaug","particle":"#0"},"elements":[{"from":[3.715641,4.104931,-3.835022],"to":[11.100983,11.66611,10.328995],"faces":{"east":{"uv":[11.375,10.46875,11.48438,10.53125],"tintindex":0,"rotation":0,"texture":"#0"},"south":{"uv":[11.4375,8.59375,11.49219,8.65625],"tintindex":0,"rotation":0,"texture":"#0"},"north":{"uv":[11.4375,8.53125,11.49219,8.59375],"tintindex":0,"rotation":0,"texture":"#0"},"west":{"uv":[11.375,11.15625,11.48438,11.21875],"tintindex":0,"rotation":0,"texture":"#0"},"up":{"uv":[2.42969,11.51563,2.375,11.40625],"tintindex":0,"rotation":0,"texture":"#0"},"down":{"uv":[2.64844,11.40625,2.59375,11.51563],"tintindex":0,"rotation":0,"texture":"#0"}}}],"display":{"head":{"rotation":[0.0,0.0,0.0]},"firstperson_righthand":{"rotation":[0.0,0.0,0.0]},"thirdperson_lefthand":{"rotation":[0.0,-0.0,-0.0]},"firstperson_lefthand":{"rotation":[0.0,-0.0,-0.0]},"fixed":{"rotation":[0.0,0.0,0.0]},"ground":{"rotation":[0.0,0.0,0.0]},"thirdperson_righthand":{"rotation":[0.0,0.0,0.0]},"gui":{"rotation":[-150.0,-45.0,180.0]}}}