{"textures":{"0":"modelengine:entity/smaug","particle":"#0"},"elements":[{"from":[6.391465,8.100468,8.236008],"to":[8.772265,8.100468,22.57103],"faces":{"down":{"uv":[4.47656,11.3125,4.4375,11.53906],"tintindex":0,"rotation":0,"texture":"#0"}}},{"from":[6.791465,6.3179054,8.236008],"to":[8.775465,8.043987,15.850235],"faces":{"south":{"uv":[10.09375,8.5,10.125,8.52344],"tintindex":0,"rotation":0,"texture":"#0"},"west":{"uv":[10.21875,6.4375,10.33594,6.46094],"tintindex":0,"rotation":0,"texture":"#0"},"down":{"uv":[10.0625,2.125,10.03125,2.24219],"tintindex":0,"rotation":0,"texture":"#0"}}},{"from":[8.772265,5.7196655,8.236008],"to":[8.772265,8.100468,22.57103],"faces":{"west":{"uv":[11.34375,3.65625,11.57031,3.69531],"tintindex":0,"rotation":0,"texture":"#0"}}}],"display":{"head":{"rotation":[0.0,0.0,0.0]},"firstperson_righthand":{"rotation":[0.0,0.0,0.0]},"thirdperson_lefthand":{"rotation":[0.0,-0.0,-0.0]},"firstperson_lefthand":{"rotation":[0.0,-0.0,-0.0]},"fixed":{"rotation":[0.0,0.0,0.0]},"ground":{"rotation":[0.0,0.0,0.0]},"thirdperson_righthand":{"rotation":[0.0,0.0,0.0]},"gui":{"rotation":[-150.0,-45.0,180.0]}}}