{"textures":{"0":"modelengine:entity/smaug","particle":"#0"},"elements":[{"from":[-14.524475,8.0,-14.8022],"to":[9.384033,8.049999,9.1978],"faces":{"up":{"uv":[4.875,4.5,5.25,4.125],"tintindex":0,"rotation":0,"texture":"#0"},"down":{"uv":[4.875,4.125,5.25,4.5],"tintindex":0,"rotation":0,"texture":"#0"}}},{"from":[-14.656342,8.0,6.5017624],"to":[9.252167,8.049999,30.501762],"faces":{"up":{"uv":[4.96875,1.875,5.34375,1.5],"tintindex":0,"rotation":0,"texture":"#0"},"down":{"uv":[4.96875,1.5,5.34375,1.875],"tintindex":0,"rotation":0,"texture":"#0"}}},{"from":[7.036194,8.0,6.497429],"to":[30.944702,8.049999,30.497429],"faces":{"up":{"uv":[4.875,4.125,5.25,3.75],"tintindex":0,"rotation":0,"texture":"#0"},"down":{"uv":[4.88281,3.75,5.25781,4.125],"tintindex":0,"rotation":0,"texture":"#0"}}},{"from":[7.1680603,8.0,-14.806541],"to":[31.076569,8.049999,9.193459],"faces":{"up":{"uv":[4.875,4.875,5.25,4.5],"tintindex":0,"rotation":0,"texture":"#0"},"down":{"uv":[4.875,4.5,5.25,4.875],"tintindex":0,"rotation":0,"texture":"#0"}}}],"display":{"head":{"rotation":[0.0,0.0,0.0]},"firstperson_righthand":{"rotation":[0.0,0.0,0.0]},"thirdperson_lefthand":{"rotation":[0.0,-0.0,-0.0]},"firstperson_lefthand":{"rotation":[0.0,-0.0,-0.0]},"fixed":{"rotation":[0.0,0.0,0.0]},"ground":{"rotation":[0.0,0.0,0.0]},"thirdperson_righthand":{"rotation":[0.0,0.0,0.0]},"gui":{"rotation":[-150.0,-45.0,180.0]}}}