{"textures":{"0":"modelengine:entity/smaug","particle":"#0"},"elements":[{"from":[11.62727,3.5260792,-6.5684814],"to":[11.62727,10.741329,17.36728],"faces":{"west":{"uv":[10.8125,2.125,10.4375,2.23438],"tintindex":0,"rotation":0,"texture":"#0"}},"rotation":{"origin":[9.297,8.0,-1.0],"angle":22.5,"axis":"z"}},{"from":[9.84696,9.267479,-5.4125366],"to":[9.84696,16.98648,14.473953],"faces":{"west":{"uv":[10.6875,3.1875,11.0,3.30469],"tintindex":0,"rotation":0,"texture":"#0"}}},{"from":[6.39046,6.1364784,-4.6375427],"to":[11.72246,11.61573,19.278961],"faces":{"east":{"uv":[10.625,8.1875,11.0,8.27344],"tintindex":0,"rotation":0,"texture":"#0"},"south":{"uv":[3.4375,11.375,3.52344,11.46094],"tintindex":0,"rotation":0,"texture":"#0"},"north":{"uv":[0.0,11.375,0.08594,11.46094],"tintindex":0,"rotation":0,"texture":"#0"},"west":{"uv":[10.75,2.9375,11.125,3.02344],"tintindex":0,"rotation":0,"texture":"#0"},"up":{"uv":[8.42969,11.125,8.34375,10.75],"tintindex":0,"rotation":0,"texture":"#0"},"down":{"uv":[0.30469,10.78125,0.21875,11.15625],"tintindex":0,"rotation":0,"texture":"#0"}}},{"from":[11.67222,3.4888039,18.038452],"to":[11.67222,10.704056,23.54921],"faces":{"east":{"uv":[11.34375,0.75,11.42969,0.85938],"tintindex":0,"rotation":0,"texture":"#0"}},"rotation":{"origin":[11.67222,7.09643,20.793823],"angle":22.5,"axis":"z"}}],"display":{"head":{"rotation":[0.0,0.0,0.0]},"firstperson_righthand":{"rotation":[0.0,0.0,0.0]},"thirdperson_lefthand":{"rotation":[0.0,-0.0,-0.0]},"firstperson_lefthand":{"rotation":[0.0,-0.0,-0.0]},"fixed":{"rotation":[0.0,0.0,0.0]},"ground":{"rotation":[0.0,0.0,0.0]},"thirdperson_righthand":{"rotation":[0.0,0.0,0.0]},"gui":{"rotation":[-150.0,-45.0,180.0]}}}