{"textures":{"0":"modelengine:entity/smaug","particle":"#0"},"elements":[{"from":[-15.041336,4.75,4.4794464],"to":[8.954666,11.2439995,10.836952],"faces":{"east":{"uv":[5.78906,11.28125,5.6875,11.38281],"tintindex":0,"rotation":0,"texture":"#0"},"south":{"uv":[10.96875,0.15625,10.59375,0.25781],"tintindex":0,"rotation":0,"texture":"#0"},"north":{"uv":[10.71875,10.5625,10.34375,10.66406],"tintindex":0,"rotation":0,"texture":"#0"},"west":{"uv":[5.47656,11.28125,5.375,11.38281],"tintindex":0,"rotation":0,"texture":"#0"},"up":{"uv":[10.59375,0.38281,10.96875,0.28125],"tintindex":0,"rotation":0,"texture":"#0"},"down":{"uv":[0.375,10.59375,0.75,10.69531],"tintindex":0,"rotation":0,"texture":"#0"}}},{"from":[-14.569595,8.0,-8.092445],"to":[9.337906,8.049999,15.907555],"faces":{"up":{"uv":[3.375,4.125,3.75,3.75],"tintindex":0,"rotation":0,"texture":"#0"},"down":{"uv":[3.375,3.75,3.75,4.125],"tintindex":0,"rotation":0,"texture":"#0"}}},{"from":[6.831787,8.0,-7.1243973],"to":[30.726791,8.049999,15.87561],"faces":{"up":{"uv":[9.09375,2.23438,9.46875,1.875],"tintindex":0,"rotation":0,"texture":"#0"},"down":{"uv":[9.09375,1.875,9.46875,2.23438],"tintindex":0,"rotation":0,"texture":"#0"}}},{"from":[5.958664,4.75,4.4794464],"to":[29.85466,11.2439995,10.836952],"faces":{"east":{"uv":[11.38281,7.375,11.28125,7.47656],"tintindex":0,"rotation":0,"texture":"#0"},"south":{"uv":[1.9375,10.59375,1.5625,10.69531],"tintindex":0,"rotation":0,"texture":"#0"},"north":{"uv":[10.96875,0.40625,10.59375,0.50781],"tintindex":0,"rotation":0,"texture":"#0"},"west":{"uv":[11.38281,7.0625,11.28125,7.16406],"tintindex":0,"rotation":0,"texture":"#0"},"up":{"uv":[10.59375,2.35156,10.96875,2.25],"tintindex":0,"rotation":0,"texture":"#0"},"down":{"uv":[10.59375,2.375,10.96875,2.47656],"tintindex":0,"rotation":0,"texture":"#0"}}}],"display":{"head":{"rotation":[0.0,0.0,0.0]},"firstperson_righthand":{"rotation":[0.0,0.0,0.0]},"thirdperson_lefthand":{"rotation":[0.0,-0.0,-0.0]},"firstperson_lefthand":{"rotation":[0.0,-0.0,-0.0]},"fixed":{"rotation":[0.0,0.0,0.0]},"ground":{"rotation":[0.0,0.0,0.0]},"thirdperson_righthand":{"rotation":[0.0,0.0,0.0]},"gui":{"rotation":[-150.0,-45.0,180.0]}}}