{"textures":{"0":"modelengine:entity/smaug","particle":"#0"},"elements":[{"from":[-6.9885025,12.912502,-5.5358734],"to":[12.994995,12.962502,18.464119],"faces":{"up":{"uv":[9.59375,9.75,9.28125,9.375],"tintindex":0,"rotation":0,"texture":"#0"},"down":{"uv":[9.59375,9.375,9.28125,9.75],"tintindex":0,"rotation":0,"texture":"#0"}}},{"from":[-5.9600067,9.225002,3.2125015],"to":[12.960999,15.719002,9.57],"faces":{"east":{"uv":[0.59375,11.28125,0.69531,11.38281],"tintindex":0,"rotation":0,"texture":"#0"},"south":{"uv":[0.3125,10.84375,0.60938,10.94531],"tintindex":0,"rotation":0,"texture":"#0"},"north":{"uv":[10.78125,10.8125,11.07813,10.91406],"tintindex":0,"rotation":0,"texture":"#0"},"west":{"uv":[11.28125,0.9375,11.38281,1.03906],"tintindex":0,"rotation":0,"texture":"#0"},"up":{"uv":[1.48438,10.94531,1.1875,10.84375],"tintindex":0,"rotation":0,"texture":"#0"},"down":{"uv":[1.79688,10.84375,1.5,10.94531],"tintindex":0,"rotation":0,"texture":"#0"}}}],"display":{"head":{"rotation":[0.0,0.0,0.0]},"firstperson_righthand":{"rotation":[0.0,0.0,0.0]},"thirdperson_lefthand":{"rotation":[0.0,-0.0,-0.0]},"firstperson_lefthand":{"rotation":[0.0,-0.0,-0.0]},"fixed":{"rotation":[0.0,0.0,0.0]},"ground":{"rotation":[0.0,0.0,0.0]},"thirdperson_righthand":{"rotation":[0.0,0.0,0.0]},"gui":{"rotation":[-150.0,-45.0,180.0]}}}