{"textures":{"0":"modelengine:entity/smaug","particle":"#0"},"elements":[{"from":[-15.829254,8.0,5.7249985],"to":[8.079254,8.050003,29.724998],"faces":{"up":{"uv":[4.21875,2.25,3.84375,1.875],"tintindex":0,"rotation":0,"texture":"#0"},"down":{"uv":[4.21875,1.875,3.84375,2.25],"tintindex":0,"rotation":0,"texture":"#0"}}},{"from":[6.108261,8.0,5.7330246],"to":[30.01677,8.050003,29.733025],"faces":{"up":{"uv":[1.125,4.375,0.75,4.0],"tintindex":0,"rotation":0,"texture":"#0"},"down":{"uv":[1.125,4.0,0.75,4.375],"tintindex":0,"rotation":0,"texture":"#0"}}},{"from":[-15.829254,8.0,-15.900002],"to":[8.079254,8.050003,8.099998],"faces":{"up":{"uv":[4.125,4.125,3.75,3.75],"tintindex":0,"rotation":0,"texture":"#0"},"down":{"uv":[4.125,3.74219,3.75,4.11719],"tintindex":0,"rotation":0,"texture":"#0"}}},{"from":[-0.0667572,8.275002,-15.699997],"to":[23.841751,8.325001,8.300003],"faces":{"up":{"uv":[12.4375,3.39063,12.0625,3.01563],"tintindex":0,"rotation":0,"texture":"#0"},"down":{"uv":[12.4375,3.01563,12.0625,3.39063],"tintindex":0,"rotation":0,"texture":"#0"}}}],"display":{"head":{"rotation":[0.0,0.0,0.0]},"firstperson_righthand":{"rotation":[0.0,0.0,0.0]},"thirdperson_lefthand":{"rotation":[0.0,-0.0,-0.0]},"firstperson_lefthand":{"rotation":[0.0,-0.0,-0.0]},"fixed":{"rotation":[0.0,0.0,0.0]},"ground":{"rotation":[0.0,0.0,0.0]},"thirdperson_righthand":{"rotation":[0.0,0.0,0.0]},"gui":{"rotation":[-150.0,-45.0,180.0]}}}