{"textures":{"0":"modelengine:entity/smaug","particle":"#0"},"elements":[{"from":[6.9164124,8.0,-5.469063],"to":[30.661407,8.049999,15.530945],"faces":{"up":{"uv":[8.55469,9.70313,8.1875,9.375],"tintindex":0,"rotation":0,"texture":"#0"},"down":{"uv":[8.55469,9.375,8.1875,9.70313],"tintindex":0,"rotation":0,"texture":"#0"}}},{"from":[6.307831,4.75,4.1919403],"to":[31.59134,11.2439995,10.549446],"faces":{"east":{"uv":[9.5625,11.28125,9.66406,11.38281],"tintindex":0,"rotation":0,"texture":"#0"},"south":{"uv":[10.4375,7.8125,10.83594,7.91406],"tintindex":0,"rotation":0,"texture":"#0"},"north":{"uv":[7.25,10.4375,7.64844,10.53906],"tintindex":0,"rotation":0,"texture":"#0"},"west":{"uv":[10.28125,11.28125,10.38281,11.38281],"tintindex":0,"rotation":0,"texture":"#0"},"up":{"uv":[10.83594,8.03906,10.4375,7.9375],"tintindex":0,"rotation":0,"texture":"#0"},"down":{"uv":[10.61719,10.4375,10.21875,10.53906],"tintindex":0,"rotation":0,"texture":"#0"}}}],"display":{"head":{"rotation":[0.0,0.0,0.0]},"firstperson_righthand":{"rotation":[0.0,0.0,0.0]},"thirdperson_lefthand":{"rotation":[0.0,-0.0,-0.0]},"firstperson_lefthand":{"rotation":[0.0,-0.0,-0.0]},"fixed":{"rotation":[0.0,0.0,0.0]},"ground":{"rotation":[0.0,0.0,0.0]},"thirdperson_righthand":{"rotation":[0.0,0.0,0.0]},"gui":{"rotation":[-150.0,-45.0,180.0]}}}