{"textures":{"0":"modelengine:entity/smaug","particle":"#0"},"elements":[{"from":[7.2053223,8.0,-14.898109],"to":[31.113815,8.050003,9.101891],"faces":{"up":{"uv":[4.34375,0.375,4.71875,0.0],"tintindex":0,"rotation":0,"texture":"#0"},"down":{"uv":[4.34375,0.0,4.71875,0.375],"tintindex":0,"rotation":0,"texture":"#0"}}},{"from":[-14.732193,8.0,-14.890091],"to":[9.1763,8.050003,9.109909],"faces":{"up":{"uv":[1.125,4.75,1.5,4.375],"tintindex":0,"rotation":0,"texture":"#0"},"down":{"uv":[1.125,4.375,1.5,4.75],"tintindex":0,"rotation":0,"texture":"#0"}}},{"from":[-14.721664,8.0,6.67243],"to":[9.186829,8.050003,30.67243],"faces":{"up":{"uv":[4.125,4.125,4.5,3.75],"tintindex":0,"rotation":0,"texture":"#0"},"down":{"uv":[4.125,3.75,4.5,4.125],"tintindex":0,"rotation":0,"texture":"#0"}}},{"from":[7.215851,8.0,6.6644154],"to":[31.124344,8.050003,30.664415],"faces":{"up":{"uv":[4.21875,1.875,4.59375,1.5],"tintindex":0,"rotation":0,"texture":"#0"},"down":{"uv":[4.21875,1.5,4.59375,1.875],"tintindex":0,"rotation":0,"texture":"#0"}}}],"display":{"head":{"rotation":[0.0,0.0,0.0]},"firstperson_righthand":{"rotation":[0.0,0.0,0.0]},"thirdperson_lefthand":{"rotation":[0.0,-0.0,-0.0]},"firstperson_lefthand":{"rotation":[0.0,-0.0,-0.0]},"fixed":{"rotation":[0.0,0.0,0.0]},"ground":{"rotation":[0.0,0.0,0.0]},"thirdperson_righthand":{"rotation":[0.0,0.0,0.0]},"gui":{"rotation":[-150.0,-45.0,180.0]}}}