{"textures":{"0":"modelengine:entity/smaug","particle":"#0"},"elements":[{"from":[7.867445,6.1364784,3.7180176],"to":[13.199445,11.61573,27.634537],"faces":{"east":{"uv":[10.75,5.59375,11.125,5.67969],"tintindex":0,"rotation":0,"texture":"#0"},"south":{"uv":[11.375,5.46875,11.46094,5.55469],"tintindex":0,"rotation":0,"texture":"#0"},"north":{"uv":[4.875,11.375,4.96094,11.46094],"tintindex":0,"rotation":0,"texture":"#0"},"west":{"uv":[10.75,6.03125,11.125,6.11719],"tintindex":0,"rotation":0,"texture":"#0"},"up":{"uv":[2.21094,11.15625,2.125,10.78125],"tintindex":0,"rotation":0,"texture":"#0"},"down":{"uv":[2.30469,10.78125,2.21875,11.15625],"tintindex":0,"rotation":0,"texture":"#0"}}},{"from":[9.742945,9.267479,2.9430237],"to":[9.742945,16.98648,22.829529],"faces":{"east":{"uv":[10.6875,3.3125,11.0,3.42969],"tintindex":0,"rotation":0,"texture":"#0"}}},{"from":[8.26973,3.5260792,26.356537],"to":[8.26973,10.741329,31.904785],"faces":{"east":{"uv":[0.9375,11.34375,1.02344,11.45313],"tintindex":0,"rotation":0,"texture":"#0"}},"rotation":{"origin":[8.0,8.0,8.0],"angle":-22.5,"axis":"z"}},{"from":[8.26973,3.5260792,2.4315186],"to":[8.26973,10.741329,26.36728],"faces":{"east":{"uv":[10.4375,2.125,10.8125,2.23438],"tintindex":0,"rotation":0,"texture":"#0"}},"rotation":{"origin":[8.0,8.0,8.0],"angle":-22.5,"axis":"z"}}],"display":{"head":{"rotation":[0.0,0.0,0.0]},"firstperson_righthand":{"rotation":[0.0,0.0,0.0]},"thirdperson_lefthand":{"rotation":[0.0,-0.0,-0.0]},"firstperson_lefthand":{"rotation":[0.0,-0.0,-0.0]},"fixed":{"rotation":[0.0,0.0,0.0]},"ground":{"rotation":[0.0,0.0,0.0]},"thirdperson_righthand":{"rotation":[0.0,0.0,0.0]},"gui":{"rotation":[-150.0,-45.0,180.0]}}}