{"textures":{"0":"modelengine:entity/smaug","particle":"#0"},"elements":[{"from":[7.2277346,5.7196655,8.236008],"to":[7.2277346,8.100468,22.57103],"faces":{"east":{"uv":[11.34375,3.59375,11.57031,3.63281],"tintindex":0,"rotation":0,"texture":"#0"}}},{"from":[7.224535,6.3179054,8.236008],"to":[9.208535,8.043987,15.850235],"faces":{"east":{"uv":[10.21875,0.5625,10.33594,0.58594],"tintindex":0,"rotation":0,"texture":"#0"},"south":{"uv":[10.03125,4.84375,10.0625,4.86719],"tintindex":0,"rotation":0,"texture":"#0"},"down":{"uv":[10.03125,4.0,10.0,4.11719],"tintindex":0,"rotation":0,"texture":"#0"}}},{"from":[7.2277346,8.100468,8.236008],"to":[9.608535,8.100468,22.57103],"faces":{"down":{"uv":[5.85156,11.28125,5.8125,11.50781],"tintindex":0,"rotation":0,"texture":"#0"}}}],"display":{"head":{"rotation":[0.0,0.0,0.0]},"firstperson_righthand":{"rotation":[0.0,0.0,0.0]},"thirdperson_lefthand":{"rotation":[0.0,-0.0,-0.0]},"firstperson_lefthand":{"rotation":[0.0,-0.0,-0.0]},"fixed":{"rotation":[0.0,0.0,0.0]},"ground":{"rotation":[0.0,0.0,0.0]},"thirdperson_righthand":{"rotation":[0.0,0.0,0.0]},"gui":{"rotation":[-150.0,-45.0,180.0]}}}