{"textures":{"0":"modelengine:entity/smaug","particle":"#0"},"elements":[{"from":[5.6654053,5.674492,-0.123062134],"to":[10.534592,10.325512,7.653549],"faces":{"east":{"uv":[3.875,11.34375,4.0,11.41406],"tintindex":0,"rotation":0,"texture":"#0"},"south":{"uv":[11.40625,6.90625,11.48438,6.97656],"tintindex":0,"rotation":0,"texture":"#0"},"north":{"uv":[11.40625,6.8125,11.48438,6.88281],"tintindex":0,"rotation":0,"texture":"#0"},"west":{"uv":[11.34375,3.90625,11.46875,3.97656],"tintindex":0,"rotation":0,"texture":"#0"},"up":{"uv":[9.23438,11.4375,9.15625,11.3125],"tintindex":0,"rotation":0,"texture":"#0"},"down":{"uv":[0.29688,11.34375,0.21875,11.46875],"tintindex":0,"rotation":0,"texture":"#0"}}},{"from":[5.8949127,8.374489,-7.083557],"to":[10.305084,8.374489,1.4025421],"faces":{"up":{"uv":[11.41406,1.78906,11.34375,1.65625],"tintindex":0,"rotation":0,"texture":"#0"},"down":{"uv":[2.10156,11.34375,2.03125,11.47656],"tintindex":0,"rotation":0,"texture":"#0"}}}],"display":{"head":{"rotation":[0.0,0.0,0.0]},"firstperson_righthand":{"rotation":[0.0,0.0,0.0]},"thirdperson_lefthand":{"rotation":[0.0,-0.0,-0.0]},"firstperson_lefthand":{"rotation":[0.0,-0.0,-0.0]},"fixed":{"rotation":[0.0,0.0,0.0]},"ground":{"rotation":[0.0,0.0,0.0]},"thirdperson_righthand":{"rotation":[0.0,0.0,0.0]},"gui":{"rotation":[-150.0,-45.0,180.0]}}}