{"textures":{"0":"modelengine:entity/smaug","particle":"#0"},"elements":[{"from":[-14.650955,8.0,6.783081],"to":[9.257538,8.050003,30.783081],"faces":{"up":{"uv":[4.03125,1.125,4.40625,0.75],"tintindex":0,"rotation":0,"texture":"#0"},"down":{"uv":[4.03125,0.75,4.40625,1.125],"tintindex":0,"rotation":0,"texture":"#0"}}},{"from":[7.286545,8.0,6.7750587],"to":[31.195053,8.050003,30.775059],"faces":{"up":{"uv":[0.0,4.46875,0.375,4.09375],"tintindex":0,"rotation":0,"texture":"#0"},"down":{"uv":[0.0,4.09375,0.375,4.46875],"tintindex":0,"rotation":0,"texture":"#0"}}},{"from":[7.2769012,8.0,-15.012459],"to":[31.185394,8.050003,8.987541],"faces":{"up":{"uv":[1.875,4.5,2.25,4.125],"tintindex":0,"rotation":0,"texture":"#0"},"down":{"uv":[1.875,4.125,2.25,4.5],"tintindex":0,"rotation":0,"texture":"#0"}}},{"from":[-14.660629,8.0,-15.00444],"to":[9.247879,8.050003,8.99556],"faces":{"up":{"uv":[1.5,4.375,1.875,4.0],"tintindex":0,"rotation":0,"texture":"#0"},"down":{"uv":[1.5,4.0,1.875,4.375],"tintindex":0,"rotation":0,"texture":"#0"}}}],"display":{"head":{"rotation":[0.0,0.0,0.0]},"firstperson_righthand":{"rotation":[0.0,0.0,0.0]},"thirdperson_lefthand":{"rotation":[0.0,-0.0,-0.0]},"firstperson_lefthand":{"rotation":[0.0,-0.0,-0.0]},"fixed":{"rotation":[0.0,0.0,0.0]},"ground":{"rotation":[0.0,0.0,0.0]},"thirdperson_righthand":{"rotation":[0.0,0.0,0.0]},"gui":{"rotation":[-150.0,-45.0,180.0]}}}