{"textures":{"0":"modelengine:entity/smaug","particle":"#0"},"elements":[{"from":[4.8218403,-0.08066845,-1.2049208],"to":[20.443174,15.9193325,14.725413],"faces":{"east":{"uv":[1.5,2.5,1.875,2.875],"tintindex":0,"rotation":0,"texture":"#0"},"south":{"uv":[6.375,7.875,6.74219,8.25],"tintindex":0,"rotation":0,"texture":"#0"},"north":{"uv":[7.875,6.0,8.24219,6.375],"tintindex":0,"rotation":0,"texture":"#0"},"west":{"uv":[2.53125,0.375,2.90625,0.75],"tintindex":0,"rotation":0,"texture":"#0"},"up":{"uv":[8.24219,6.75,7.875,6.375],"tintindex":0,"rotation":0,"texture":"#0"},"down":{"uv":[7.11719,7.875,6.75,8.25],"tintindex":0,"rotation":0,"texture":"#0"}},"rotation":{"origin":[18.169334,9.677831,2.3851671],"angle":22.5,"axis":"y"}},{"from":[0.9539995,16.391333,-5.966833],"to":[16.912666,19.687666,4.386164],"faces":{"east":{"uv":[11.0625,9.53125,11.30469,9.60938],"tintindex":0,"rotation":0,"texture":"#0"},"south":{"uv":[10.84375,7.9375,11.21875,8.01563],"tintindex":0,"rotation":0,"texture":"#0"},"north":{"uv":[10.8125,2.15625,11.1875,2.23438],"tintindex":0,"rotation":0,"texture":"#0"},"west":{"uv":[11.0625,10.0625,11.30469,10.14063],"tintindex":0,"rotation":0,"texture":"#0"},"up":{"uv":[10.125,8.77344,9.75,8.53125],"tintindex":0,"rotation":0,"texture":"#0"},"down":{"uv":[9.3125,9.75,8.9375,9.99219],"tintindex":0,"rotation":0,"texture":"#0"}},"rotation":{"origin":[8.0,16.333334,5.0],"angle":-22.5,"axis":"x"}},{"from":[-4.594166,-0.022335052,-1.287837],"to":[11.027167,15.977667,14.642502],"faces":{"east":{"uv":[2.53125,0.75,2.90625,1.125],"tintindex":0,"rotation":0,"texture":"#0"},"south":{"uv":[7.125,7.875,7.49219,8.25],"tintindex":0,"rotation":0,"texture":"#0"},"north":{"uv":[7.875,6.75,8.24219,7.125],"tintindex":0,"rotation":0,"texture":"#0"},"west":{"uv":[2.53125,1.125,2.90625,1.5],"tintindex":0,"rotation":0,"texture":"#0"},"up":{"uv":[8.24219,7.5,7.875,7.125],"tintindex":0,"rotation":0,"texture":"#0"},"down":{"uv":[7.86719,7.875,7.5,8.25],"tintindex":0,"rotation":0,"texture":"#0"}},"rotation":{"origin":[-2.5205002,9.677831,2.3851671],"angle":-22.5,"axis":"y"}},{"from":[3.5436668,15.574667,3.516169],"to":[12.456333,18.179665,13.869166],"faces":{"east":{"uv":[10.71875,7.0625,10.96094,7.125],"tintindex":0,"rotation":0,"texture":"#0"},"south":{"uv":[11.1875,9.875,11.39844,9.9375],"tintindex":0,"rotation":0,"texture":"#0"},"north":{"uv":[10.75,8.8125,10.96094,8.875],"tintindex":0,"rotation":0,"texture":"#0"},"west":{"uv":[11.15625,7.875,11.39844,7.9375],"tintindex":0,"rotation":0,"texture":"#0"},"up":{"uv":[10.49219,8.92969,10.28125,8.6875],"tintindex":0,"rotation":0,"texture":"#0"},"down":{"uv":[10.52344,6.96875,10.3125,7.21094],"tintindex":0,"rotation":0,"texture":"#0"}}}],"display":{"head":{"rotation":[0.0,0.0,0.0]},"firstperson_righthand":{"rotation":[0.0,0.0,0.0]},"thirdperson_lefthand":{"rotation":[0.0,-0.0,-0.0]},"firstperson_lefthand":{"rotation":[0.0,-0.0,-0.0]},"fixed":{"rotation":[0.0,0.0,0.0]},"ground":{"rotation":[0.0,0.0,0.0]},"thirdperson_righthand":{"rotation":[0.0,0.0,0.0]},"gui":{"rotation":[-150.0,-45.0,180.0]}}}