{"textures":{"0":"modelengine:entity/smaug","particle":"#0"},"elements":[{"from":[1.5481873,1.3137436,-12.383942],"to":[11.28653,10.615784,10.886246],"faces":{"east":{"uv":[11.21875,3.34375,11.39844,3.41406],"tintindex":0,"rotation":0,"texture":"#0"},"south":{"uv":[11.40625,7.0625,11.48438,7.13281],"tintindex":0,"rotation":0,"texture":"#0"},"north":{"uv":[7.0625,11.40625,7.14063,11.47656],"tintindex":0,"rotation":0,"texture":"#0"},"west":{"uv":[4.3125,11.21875,4.49219,11.28906],"tintindex":0,"rotation":0,"texture":"#0"},"up":{"uv":[3.51563,11.36719,3.4375,11.1875],"tintindex":0,"rotation":0,"texture":"#0"},"down":{"uv":[4.29688,11.1875,4.21875,11.36719],"tintindex":0,"rotation":0,"texture":"#0"}}}],"display":{"head":{"rotation":[0.0,0.0,0.0]},"firstperson_righthand":{"rotation":[0.0,0.0,0.0]},"thirdperson_lefthand":{"rotation":[0.0,-0.0,-0.0]},"firstperson_lefthand":{"rotation":[0.0,-0.0,-0.0]},"fixed":{"rotation":[0.0,0.0,0.0]},"ground":{"rotation":[0.0,0.0,0.0]},"thirdperson_righthand":{"rotation":[0.0,0.0,0.0]},"gui":{"rotation":[-150.0,-45.0,180.0]}}}