{"textures":{"0":"modelengine:entity/smaug","particle":"#0"},"elements":[{"from":[6.953827,8.0,6.6943455],"to":[30.862335,8.049999,30.694345],"faces":{"up":{"uv":[5.90625,0.75,6.28125,0.375],"tintindex":0,"rotation":0,"texture":"#0"},"down":{"uv":[5.90625,0.375,6.28125,0.75],"tintindex":0,"rotation":0,"texture":"#0"}}},{"from":[6.790619,7.0,-13.958355],"to":[30.699127,7.049999,10.041645],"faces":{"up":{"uv":[5.90625,1.5,6.28125,1.125],"tintindex":0,"rotation":0,"texture":"#0"},"down":{"uv":[5.90625,1.125,6.28125,1.5],"tintindex":0,"rotation":0,"texture":"#0"}}},{"from":[-14.650665,8.0,-13.958225],"to":[9.257843,8.049999,10.041775],"faces":{"up":{"uv":[0.375,6.375,0.75,6.0],"tintindex":0,"rotation":0,"texture":"#0"},"down":{"uv":[0.375,6.0,0.75,6.375],"tintindex":0,"rotation":0,"texture":"#0"}}}],"display":{"head":{"rotation":[0.0,0.0,0.0]},"firstperson_righthand":{"rotation":[0.0,0.0,0.0]},"thirdperson_lefthand":{"rotation":[0.0,-0.0,-0.0]},"firstperson_lefthand":{"rotation":[0.0,-0.0,-0.0]},"fixed":{"rotation":[0.0,0.0,0.0]},"ground":{"rotation":[0.0,0.0,0.0]},"thirdperson_righthand":{"rotation":[0.0,0.0,0.0]},"gui":{"rotation":[-150.0,-45.0,180.0]}}}