{"textures":{"0":"modelengine:entity/smaug","particle":"#0"},"elements":[{"from":[7.9082336,8.5,-15.90625],"to":[31.816742,8.5,8.09375],"faces":{"up":{"uv":[4.875,3.75,5.25,3.375],"tintindex":0,"rotation":0,"texture":"#0"},"down":{"uv":[3.75,4.875,4.125,5.25],"tintindex":0,"rotation":0,"texture":"#0"}}},{"from":[-13.582794,8.0,-15.911568],"to":[10.325714,8.049999,8.088432],"faces":{"up":{"uv":[4.875,3.0,5.25,2.625],"tintindex":0,"rotation":0,"texture":"#0"},"down":{"uv":[4.875,2.625,5.25,3.0],"tintindex":0,"rotation":0,"texture":"#0"}}},{"from":[-13.582794,8.0,6.0884323],"to":[10.325714,8.049999,30.088432],"faces":{"up":{"uv":[12.82813,4.71094,13.20313,4.33594],"tintindex":0,"rotation":0,"texture":"#0"},"down":{"uv":[12.82813,4.33594,13.20313,4.71094],"tintindex":0,"rotation":0,"texture":"#0"}}}],"display":{"head":{"rotation":[0.0,0.0,0.0]},"firstperson_righthand":{"rotation":[0.0,0.0,0.0]},"thirdperson_lefthand":{"rotation":[0.0,-0.0,-0.0]},"firstperson_lefthand":{"rotation":[0.0,-0.0,-0.0]},"fixed":{"rotation":[0.0,0.0,0.0]},"ground":{"rotation":[0.0,0.0,0.0]},"thirdperson_righthand":{"rotation":[0.0,0.0,0.0]},"gui":{"rotation":[-150.0,-45.0,180.0]}}}