{"textures":{"0":"modelengine:entity/smaug","particle":"#0"},"elements":[{"from":[7.8728547,8.763115,8.25235],"to":[10.82505,8.763115,26.777359],"faces":{"down":{"uv":[7.04688,9.75,7.0,10.03906],"tintindex":0,"rotation":0,"texture":"#0"}}},{"from":[7.8728547,5.8109207,8.25235],"to":[7.8728547,8.763115,26.777359],"faces":{"east":{"uv":[11.1875,9.40625,11.47656,9.45313],"tintindex":0,"rotation":0,"texture":"#0"}}},{"from":[7.8728547,6.622776,8.25235],"to":[10.3330145,8.763115,18.443558],"faces":{"east":{"uv":[9.90625,9.71875,10.0625,9.75],"tintindex":0,"rotation":0,"texture":"#0"},"south":{"uv":[7.0,10.0625,7.03906,10.09375],"tintindex":0,"rotation":0,"texture":"#0"},"down":{"uv":[9.53906,11.375,9.5,11.53125],"tintindex":0,"rotation":0,"texture":"#0"}}}],"display":{"head":{"rotation":[0.0,0.0,0.0]},"firstperson_righthand":{"rotation":[0.0,0.0,0.0]},"thirdperson_lefthand":{"rotation":[0.0,-0.0,-0.0]},"firstperson_lefthand":{"rotation":[0.0,-0.0,-0.0]},"fixed":{"rotation":[0.0,0.0,0.0]},"ground":{"rotation":[0.0,0.0,0.0]},"thirdperson_righthand":{"rotation":[0.0,0.0,0.0]},"gui":{"rotation":[-150.0,-45.0,180.0]}}}