{"textures":{"0":"modelengine:entity/smaug","particle":"#0"},"elements":[{"from":[-15.181427,8.0,7.0735245],"to":[8.727081,8.050003,31.073524],"faces":{"up":{"uv":[2.625,4.875,2.25,4.5],"tintindex":0,"rotation":0,"texture":"#0"},"down":{"uv":[2.625,4.5,2.25,4.875],"tintindex":0,"rotation":0,"texture":"#0"}}},{"from":[6.7561035,8.0,7.0820847],"to":[30.664581,8.050003,31.082085],"faces":{"up":{"uv":[3.0,4.875,2.625,4.5],"tintindex":0,"rotation":0,"texture":"#0"},"down":{"uv":[3.0,4.50781,2.625,4.88281],"tintindex":0,"rotation":0,"texture":"#0"}}},{"from":[-15.1716,8.0,-14.676502],"to":[8.736877,8.050003,9.323502],"faces":{"up":{"uv":[0.75,4.875,0.375,4.5],"tintindex":0,"rotation":0,"texture":"#0"},"down":{"uv":[0.75,4.5,0.375,4.875],"tintindex":0,"rotation":0,"texture":"#0"}}},{"from":[1.1750183,7.7750015,-15.273037],"to":[25.083496,7.825001,8.726967],"faces":{"up":{"uv":[1.875,5.875,1.5,5.5],"tintindex":0,"rotation":0,"texture":"#0"},"down":{"uv":[1.875,5.5,1.5,5.875],"tintindex":0,"rotation":0,"texture":"#0"}}}],"display":{"head":{"rotation":[0.0,0.0,0.0]},"firstperson_righthand":{"rotation":[0.0,0.0,0.0]},"thirdperson_lefthand":{"rotation":[0.0,-0.0,-0.0]},"firstperson_lefthand":{"rotation":[0.0,-0.0,-0.0]},"fixed":{"rotation":[0.0,0.0,0.0]},"ground":{"rotation":[0.0,0.0,0.0]},"thirdperson_righthand":{"rotation":[0.0,0.0,0.0]},"gui":{"rotation":[-150.0,-45.0,180.0]}}}