{"textures":{"0":"modelengine:entity/smaug","particle":"#0"},"elements":[{"from":[4.6903076,5.6306095,-2.690506],"to":[10.493069,11.785059,11.385582],"faces":{"east":{"uv":[11.4375,0.125,11.54688,0.17188],"tintindex":0,"rotation":0,"texture":"#0"},"south":{"uv":[2.96875,11.46875,3.01563,11.51563],"tintindex":0,"rotation":0,"texture":"#0"},"north":{"uv":[2.90625,11.46875,2.95313,11.51563],"tintindex":0,"rotation":0,"texture":"#0"},"west":{"uv":[11.4375,0.1875,11.54688,0.23438],"tintindex":0,"rotation":0,"texture":"#0"},"up":{"uv":[4.85938,11.51563,4.8125,11.40625],"tintindex":0,"rotation":0,"texture":"#0"},"down":{"uv":[6.32813,11.40625,6.28125,11.51563],"tintindex":0,"rotation":0,"texture":"#0"}}}],"display":{"head":{"rotation":[0.0,0.0,0.0]},"firstperson_righthand":{"rotation":[0.0,0.0,0.0]},"thirdperson_lefthand":{"rotation":[0.0,-0.0,-0.0]},"firstperson_lefthand":{"rotation":[0.0,-0.0,-0.0]},"fixed":{"rotation":[0.0,0.0,0.0]},"ground":{"rotation":[0.0,0.0,0.0]},"thirdperson_righthand":{"rotation":[0.0,0.0,0.0]},"gui":{"rotation":[-150.0,-45.0,180.0]}}}