{"textures":{"0":"modelengine:entity/smaug","particle":"#0"},"elements":[{"from":[6.938614,8.0,6.986075],"to":[30.683609,8.049999,30.986074],"faces":{"up":{"uv":[5.25,8.625,5.61719,8.25],"tintindex":0,"rotation":0,"texture":"#0"},"down":{"uv":[5.25,8.25,5.61719,8.625],"tintindex":0,"rotation":0,"texture":"#0"}}},{"from":[6.7841034,8.0,-15.03698],"to":[30.529099,8.049999,8.96302],"faces":{"up":{"uv":[6.0,8.625,6.36719,8.25],"tintindex":0,"rotation":0,"texture":"#0"},"down":{"uv":[6.0,8.25,6.36719,8.625],"tintindex":0,"rotation":0,"texture":"#0"}}},{"from":[-14.517288,8.0,-15.005035],"to":[9.227707,8.049999,8.994965],"faces":{"up":{"uv":[6.375,8.625,6.74219,8.25],"tintindex":0,"rotation":0,"texture":"#0"},"down":{"uv":[6.375,8.25,6.74219,8.625],"tintindex":0,"rotation":0,"texture":"#0"}}},{"from":[-14.362778,8.0,7.018025],"to":[9.382233,8.049999,31.018024],"faces":{"up":{"uv":[5.625,8.625,5.99219,8.25],"tintindex":0,"rotation":0,"texture":"#0"},"down":{"uv":[5.625,8.25,5.99219,8.625],"tintindex":0,"rotation":0,"texture":"#0"}}}],"display":{"head":{"rotation":[0.0,0.0,0.0]},"firstperson_righthand":{"rotation":[0.0,0.0,0.0]},"thirdperson_lefthand":{"rotation":[0.0,-0.0,-0.0]},"firstperson_lefthand":{"rotation":[0.0,-0.0,-0.0]},"fixed":{"rotation":[0.0,0.0,0.0]},"ground":{"rotation":[0.0,0.0,0.0]},"thirdperson_righthand":{"rotation":[0.0,0.0,0.0]},"gui":{"rotation":[-150.0,-45.0,180.0]}}}