{"textures":{"0":"modelengine:entity/smaug","particle":"#0"},"elements":[{"from":[5.17495,8.763115,8.25235],"to":[8.127146,8.763115,26.777359],"faces":{"down":{"uv":[1.23438,10.375,1.1875,10.66406],"tintindex":0,"rotation":0,"texture":"#0"}}},{"from":[8.127146,5.8109207,8.25235],"to":[8.127146,8.763115,26.777359],"faces":{"west":{"uv":[11.1875,9.46875,11.47656,9.51563],"tintindex":0,"rotation":0,"texture":"#0"}}},{"from":[5.6669855,6.622776,8.25235],"to":[8.127146,8.763115,18.443558],"faces":{"south":{"uv":[0.25,10.09375,0.28906,10.125],"tintindex":0,"rotation":0,"texture":"#0"},"west":{"uv":[10.375,3.0625,10.53125,3.09375],"tintindex":0,"rotation":0,"texture":"#0"},"down":{"uv":[1.94531,11.40625,1.90625,11.5625],"tintindex":0,"rotation":0,"texture":"#0"}}}],"display":{"head":{"rotation":[0.0,0.0,0.0]},"firstperson_righthand":{"rotation":[0.0,0.0,0.0]},"thirdperson_lefthand":{"rotation":[0.0,-0.0,-0.0]},"firstperson_lefthand":{"rotation":[0.0,-0.0,-0.0]},"fixed":{"rotation":[0.0,0.0,0.0]},"ground":{"rotation":[0.0,0.0,0.0]},"thirdperson_righthand":{"rotation":[0.0,0.0,0.0]},"gui":{"rotation":[-150.0,-45.0,180.0]}}}