{"textures":{"0":"modelengine:entity/smaug","particle":"#0"},"elements":[{"from":[-15.860001,12.912502,-4.787506],"to":[8.085999,12.962502,19.212502],"faces":{"up":{"uv":[3.75,2.625,3.375,2.25],"tintindex":0,"rotation":0,"texture":"#0"},"down":{"uv":[3.75,2.25,3.375,2.625],"tintindex":0,"rotation":0,"texture":"#0"}}},{"from":[0.2649994,9.225002,4.2125015],"to":[9.6735,15.719002,10.57],"faces":{"east":{"uv":[3.53125,11.28125,3.63281,11.38281],"tintindex":0,"rotation":0,"texture":"#0"},"south":{"uv":[10.28125,11.15625,10.42969,11.25781],"tintindex":0,"rotation":0,"texture":"#0"},"north":{"uv":[9.5625,11.15625,9.71094,11.25781],"tintindex":0,"rotation":0,"texture":"#0"},"west":{"uv":[4.5,11.28125,4.60156,11.38281],"tintindex":0,"rotation":0,"texture":"#0"},"up":{"uv":[11.30469,11.16406,11.15625,11.0625],"tintindex":0,"rotation":0,"texture":"#0"},"down":{"uv":[1.33594,11.1875,1.1875,11.28906],"tintindex":0,"rotation":0,"texture":"#0"}}},{"from":[8.127499,9.225002,4.2125015],"to":[31.9735,15.719002,10.57],"faces":{"east":{"uv":[2.125,11.28125,2.22656,11.38281],"tintindex":0,"rotation":0,"texture":"#0"},"south":{"uv":[10.53125,8.28125,10.90625,8.38281],"tintindex":0,"rotation":0,"texture":"#0"},"north":{"uv":[10.53125,1.03125,10.90625,1.13281],"tintindex":0,"rotation":0,"texture":"#0"},"west":{"uv":[2.9375,11.28125,3.03906,11.38281],"tintindex":0,"rotation":0,"texture":"#0"},"up":{"uv":[10.9375,3.16406,10.5625,3.0625],"tintindex":0,"rotation":0,"texture":"#0"},"down":{"uv":[7.625,10.5625,7.25,10.66406],"tintindex":0,"rotation":0,"texture":"#0"}}},{"from":[6.031666,12.912502,-4.732315],"to":[30.015163,12.962502,19.267677],"faces":{"up":{"uv":[3.75,3.0,3.375,2.625],"tintindex":0,"rotation":0,"texture":"#0"},"down":{"uv":[3.75,2.625,3.375,3.0],"tintindex":0,"rotation":0,"texture":"#0"}}}],"display":{"head":{"rotation":[0.0,0.0,0.0]},"firstperson_righthand":{"rotation":[0.0,0.0,0.0]},"thirdperson_lefthand":{"rotation":[0.0,-0.0,-0.0]},"firstperson_lefthand":{"rotation":[0.0,-0.0,-0.0]},"fixed":{"rotation":[0.0,0.0,0.0]},"ground":{"rotation":[0.0,0.0,0.0]},"thirdperson_righthand":{"rotation":[0.0,0.0,0.0]},"gui":{"rotation":[-150.0,-45.0,180.0]}}}