{"textures":{"0":"modelengine:entity/smaug","particle":"#0"},"elements":[{"from":[-14.710762,8.0,6.3491364],"to":[9.235237,8.049999,30.349136],"faces":{"up":{"uv":[1.875,3.625,1.5,3.25],"tintindex":0,"rotation":0,"texture":"#0"},"down":{"uv":[1.875,3.25,1.5,3.625],"tintindex":0,"rotation":0,"texture":"#0"}}},{"from":[7.505333,8.0,-14.986496],"to":[31.451332,8.049999,9.013504],"faces":{"up":{"uv":[0.375,3.71875,0.0,3.34375],"tintindex":0,"rotation":0,"texture":"#0"},"down":{"uv":[0.375,3.34375,0.0,3.71875],"tintindex":0,"rotation":0,"texture":"#0"}}},{"from":[7.5523605,8.0,6.429188],"to":[31.498367,8.049999,30.429188],"faces":{"up":{"uv":[3.65625,1.125,3.28125,0.75],"tintindex":0,"rotation":0,"texture":"#0"},"down":{"uv":[3.65625,0.75,3.28125,1.125],"tintindex":0,"rotation":0,"texture":"#0"}}},{"from":[-14.757786,8.0,-15.066544],"to":[9.188217,8.049999,8.933456],"faces":{"up":{"uv":[2.25,3.75,1.875,3.375],"tintindex":0,"rotation":0,"texture":"#0"},"down":{"uv":[2.25,3.375,1.875,3.75],"tintindex":0,"rotation":0,"texture":"#0"}}}],"display":{"head":{"rotation":[0.0,0.0,0.0]},"firstperson_righthand":{"rotation":[0.0,0.0,0.0]},"thirdperson_lefthand":{"rotation":[0.0,-0.0,-0.0]},"firstperson_lefthand":{"rotation":[0.0,-0.0,-0.0]},"fixed":{"rotation":[0.0,0.0,0.0]},"ground":{"rotation":[0.0,0.0,0.0]},"thirdperson_righthand":{"rotation":[0.0,0.0,0.0]},"gui":{"rotation":[-150.0,-45.0,180.0]}}}