{"textures":{"0":"modelengine:entity/smaug","particle":"#0"},"elements":[{"from":[-14.327148,8.0,-14.831116],"to":[9.581329,8.050003,9.168884],"faces":{"up":{"uv":[5.15625,1.125,4.78125,0.75],"tintindex":0,"rotation":0,"texture":"#0"},"down":{"uv":[5.15625,0.75,4.78125,1.125],"tintindex":0,"rotation":0,"texture":"#0"}}},{"from":[-14.33725,8.0,6.8189096],"to":[9.571259,8.050003,30.818909],"faces":{"up":{"uv":[0.375,5.21875,0.0,4.84375],"tintindex":0,"rotation":0,"texture":"#0"},"down":{"uv":[0.375,4.84375,0.0,5.21875],"tintindex":0,"rotation":0,"texture":"#0"}}},{"from":[6.725281,8.0,6.2307997],"to":[30.63379,8.050003,30.2308],"faces":{"up":{"uv":[1.875,5.125,1.5,4.75],"tintindex":0,"rotation":0,"texture":"#0"},"down":{"uv":[5.15625,0.375,4.78125,0.75],"tintindex":0,"rotation":0,"texture":"#0"}}}],"display":{"head":{"rotation":[0.0,0.0,0.0]},"firstperson_righthand":{"rotation":[0.0,0.0,0.0]},"thirdperson_lefthand":{"rotation":[0.0,-0.0,-0.0]},"firstperson_lefthand":{"rotation":[0.0,-0.0,-0.0]},"fixed":{"rotation":[0.0,0.0,0.0]},"ground":{"rotation":[0.0,0.0,0.0]},"thirdperson_righthand":{"rotation":[0.0,0.0,0.0]},"gui":{"rotation":[-150.0,-45.0,180.0]}}}