{"textures":{"0":"modelengine:entity/smaug","particle":"#0"},"elements":[{"from":[7.020508,8.0,6.81649],"to":[14.765518,8.0,30.816494],"faces":{"up":{"uv":[6.49219,10.75,6.375,10.375],"tintindex":0,"rotation":0,"texture":"#0"},"down":{"uv":[10.52344,1.5,10.40625,1.875],"tintindex":0,"rotation":0,"texture":"#0"}}},{"from":[-14.677704,8.0,-14.848221],"to":[9.0673065,8.049999,9.151779],"faces":{"up":{"uv":[8.46094,0.375,8.09375,0.0],"tintindex":0,"rotation":0,"texture":"#0"},"down":{"uv":[8.46094,0.0,8.09375,0.375],"tintindex":0,"rotation":0,"texture":"#0"}}},{"from":[-14.695831,8.0,6.744835],"to":[9.049179,8.049999,30.744839],"faces":{"up":{"uv":[8.33594,1.875,7.96875,1.5],"tintindex":0,"rotation":0,"texture":"#0"},"down":{"uv":[8.33594,1.5,7.96875,1.875],"tintindex":0,"rotation":0,"texture":"#0"}}},{"from":[7.0386353,8.0,-14.776566],"to":[18.783646,8.0,9.223434],"faces":{"up":{"uv":[2.80469,10.4375,2.625,10.0625],"tintindex":0,"rotation":0,"texture":"#0"},"down":{"uv":[2.99219,10.0625,2.8125,10.4375],"tintindex":0,"rotation":0,"texture":"#0"}}}],"display":{"head":{"rotation":[0.0,0.0,0.0]},"firstperson_righthand":{"rotation":[0.0,0.0,0.0]},"thirdperson_lefthand":{"rotation":[0.0,-0.0,-0.0]},"firstperson_lefthand":{"rotation":[0.0,-0.0,-0.0]},"fixed":{"rotation":[0.0,0.0,0.0]},"ground":{"rotation":[0.0,0.0,0.0]},"thirdperson_righthand":{"rotation":[0.0,0.0,0.0]},"gui":{"rotation":[-150.0,-45.0,180.0]}}}