{"textures":{"0":"modelengine:entity/smaug","particle":"#0"},"elements":[{"from":[8.86775,-5.6553593,-0.39313507],"to":[31.407251,18.317642,23.523369],"faces":{"east":{"uv":[1.125,2.125,1.5,2.5],"tintindex":0,"rotation":0,"texture":"#0"},"south":{"uv":[9.28125,0.375,9.63281,0.75],"tintindex":0,"rotation":0,"texture":"#0"},"north":{"uv":[1.5,9.25,1.85156,9.625],"tintindex":0,"rotation":0,"texture":"#0"},"west":{"uv":[1.5,2.125,1.875,2.5],"tintindex":0,"rotation":0,"texture":"#0"},"up":{"uv":[9.63281,1.125,9.28125,0.75],"tintindex":0,"rotation":0,"texture":"#0"},"down":{"uv":[9.63281,1.125,9.28125,1.5],"tintindex":0,"rotation":0,"texture":"#0"}},"rotation":{"origin":[9.075,6.3311405,11.565117],"angle":-22.5,"axis":"x"}},{"from":[-15.00725,-5.6553593,-0.39313507],"to":[8.894751,18.317642,23.523369],"faces":{"east":{"uv":[2.15625,0.75,2.53125,1.125],"tintindex":0,"rotation":0,"texture":"#0"},"south":{"uv":[2.15625,1.125,2.53125,1.5],"tintindex":0,"rotation":0,"texture":"#0"},"north":{"uv":[2.15625,0.375,2.53125,0.75],"tintindex":0,"rotation":0,"texture":"#0"},"west":{"uv":[0.0,2.21875,0.375,2.59375],"tintindex":0,"rotation":0,"texture":"#0"},"up":{"uv":[0.75,2.625,0.375,2.25],"tintindex":0,"rotation":0,"texture":"#0"},"down":{"uv":[2.25,2.25,1.875,2.625],"tintindex":0,"rotation":0,"texture":"#0"}},"rotation":{"origin":[9.44375,6.3311405,11.565117],"angle":-22.5,"axis":"x"}},{"from":[-2.3197498,22.29805,-0.46784973],"to":[18.71975,28.246052,11.56115],"faces":{"east":{"uv":[11.09375,8.84375,11.28125,8.9375],"tintindex":0,"rotation":0,"texture":"#0"},"south":{"uv":[10.8125,2.0625,11.14063,2.15625],"tintindex":0,"rotation":0,"texture":"#0"},"north":{"uv":[10.78125,9.25,11.10938,9.34375],"tintindex":0,"rotation":0,"texture":"#0"},"west":{"uv":[11.125,0.21875,11.3125,0.3125],"tintindex":0,"rotation":0,"texture":"#0"},"up":{"uv":[8.23438,10.28125,7.90625,10.09375],"tintindex":0,"rotation":0,"texture":"#0"},"down":{"uv":[10.42188,7.90625,10.09375,8.09375],"tintindex":0,"rotation":0,"texture":"#0"}},"rotation":{"origin":[2.01575,5.9028015,-10.454346],"angle":-22.5,"axis":"x"}},{"from":[-15.00725,-5.0478497,-4.5150223],"to":[8.894751,18.925152,2.0514755],"faces":{"east":{"uv":[4.25,10.4375,4.35156,10.8125],"tintindex":0,"rotation":0,"texture":"#0"},"south":{"uv":[2.34375,1.5,2.71875,1.875],"tintindex":0,"rotation":0,"texture":"#0"},"north":{"uv":[2.25,2.25,2.625,2.625],"tintindex":0,"rotation":0,"texture":"#0"},"west":{"uv":[4.6875,10.5,4.78906,10.875],"tintindex":0,"rotation":0,"texture":"#0"},"up":{"uv":[10.875,0.88281,10.5,0.78125],"tintindex":0,"rotation":0,"texture":"#0"},"down":{"uv":[10.875,9.90625,10.5,10.00781],"tintindex":0,"rotation":0,"texture":"#0"}},"rotation":{"origin":[8.35625,0.5,14.3125],"angle":-22.5,"axis":"x"}},{"from":[8.86775,16.83715,-7.594757],"to":[31.407251,30.597652,16.32174],"faces":{"east":{"uv":[9.75,8.78125,10.125,9.0],"tintindex":0,"rotation":0,"texture":"#0"},"south":{"uv":[10.03125,4.0,10.38281,4.21875],"tintindex":0,"rotation":0,"texture":"#0"},"north":{"uv":[10.03125,1.90625,10.38281,2.125],"tintindex":0,"rotation":0,"texture":"#0"},"west":{"uv":[9.96875,0.59375,10.34375,0.8125],"tintindex":0,"rotation":0,"texture":"#0"},"up":{"uv":[2.22656,9.75,1.875,9.375],"tintindex":0,"rotation":0,"texture":"#0"},"down":{"uv":[2.60156,9.375,2.25,9.75],"tintindex":0,"rotation":0,"texture":"#0"}},"rotation":{"origin":[7.925,23.7174,4.363495],"angle":-22.5,"axis":"x"}},{"from":[-15.00725,9.810551,-8.46785],"to":[8.894751,23.571053,-1.9013519],"faces":{"east":{"uv":[10.03125,11.0,10.13281,11.21875],"tintindex":0,"rotation":0,"texture":"#0"},"south":{"uv":[9.96875,1.03125,10.34375,1.25],"tintindex":0,"rotation":0,"texture":"#0"},"north":{"uv":[9.96875,0.8125,10.34375,1.03125],"tintindex":0,"rotation":0,"texture":"#0"},"west":{"uv":[10.15625,11.0,10.25781,11.21875],"tintindex":0,"rotation":0,"texture":"#0"},"up":{"uv":[10.875,10.13281,10.5,10.03125],"tintindex":0,"rotation":0,"texture":"#0"},"down":{"uv":[10.90625,0.90625,10.53125,1.00781],"tintindex":0,"rotation":0,"texture":"#0"}},"rotation":{"origin":[2.01575,5.9028015,-10.454346],"angle":-22.5,"axis":"x"}},{"from":[-15.00725,16.83715,-7.594757],"to":[8.894751,30.597652,16.32174],"faces":{"east":{"uv":[0.625,10.0,1.0,10.21875],"tintindex":0,"rotation":0,"texture":"#0"},"south":{"uv":[1.0,10.0,1.375,10.21875],"tintindex":0,"rotation":0,"texture":"#0"},"north":{"uv":[9.96875,1.25,10.34375,1.46875],"tintindex":0,"rotation":0,"texture":"#0"},"west":{"uv":[8.9375,10.0,9.3125,10.21875],"tintindex":0,"rotation":0,"texture":"#0"},"up":{"uv":[2.71875,2.25,2.34375,1.875],"tintindex":0,"rotation":0,"texture":"#0"},"down":{"uv":[2.84375,0.0,2.46875,0.375],"tintindex":0,"rotation":0,"texture":"#0"}},"rotation":{"origin":[9.03125,23.7174,4.363495],"angle":-22.5,"axis":"x"}},{"from":[8.86775,9.810551,-8.46785],"to":[31.407251,23.571053,-1.9013519],"faces":{"east":{"uv":[4.09375,11.0,4.19531,11.21875],"tintindex":0,"rotation":0,"texture":"#0"},"south":{"uv":[10.03125,4.4375,10.38281,4.65625],"tintindex":0,"rotation":0,"texture":"#0"},"north":{"uv":[10.03125,4.21875,10.38281,4.4375],"tintindex":0,"rotation":0,"texture":"#0"},"west":{"uv":[6.375,11.0,6.47656,11.21875],"tintindex":0,"rotation":0,"texture":"#0"},"up":{"uv":[7.53906,10.78906,7.1875,10.6875],"tintindex":0,"rotation":0,"texture":"#0"},"down":{"uv":[11.03906,7.25,10.6875,7.35156],"tintindex":0,"rotation":0,"texture":"#0"}},"rotation":{"origin":[2.01575,5.9028015,-10.454346],"angle":-22.5,"axis":"x"}},{"from":[8.86775,-5.358779,-4.576874],"to":[31.407251,18.61422,1.989624],"faces":{"east":{"uv":[9.59375,10.5,9.69531,10.875],"tintindex":0,"rotation":0,"texture":"#0"},"south":{"uv":[0.375,9.375,0.72656,9.75],"tintindex":0,"rotation":0,"texture":"#0"},"north":{"uv":[0.0,9.34375,0.35156,9.71875],"tintindex":0,"rotation":0,"texture":"#0"},"west":{"uv":[10.53125,1.5,10.63281,1.875],"tintindex":0,"rotation":0,"texture":"#0"},"up":{"uv":[11.03906,5.82031,10.6875,5.71875],"tintindex":0,"rotation":0,"texture":"#0"},"down":{"uv":[11.03906,7.125,10.6875,7.22656],"tintindex":0,"rotation":0,"texture":"#0"}},"rotation":{"origin":[8.0,0.5,13.5],"angle":-22.5,"axis":"x"}},{"from":[-0.55725,21.23555,11.019653],"to":[16.957249,26.858551,23.048653],"faces":{"east":{"uv":[3.6875,11.15625,3.875,11.24219],"tintindex":0,"rotation":0,"texture":"#0"},"south":{"uv":[10.96875,5.46875,11.24219,5.55469],"tintindex":0,"rotation":0,"texture":"#0"},"north":{"uv":[9.75,6.8125,10.02344,6.89844],"tintindex":0,"rotation":0,"texture":"#0"},"west":{"uv":[11.15625,6.8125,11.34375,6.89844],"tintindex":0,"rotation":0,"texture":"#0"},"up":{"uv":[8.21094,10.46875,7.9375,10.28125],"tintindex":0,"rotation":0,"texture":"#0"},"down":{"uv":[10.55469,8.5,10.28125,8.6875],"tintindex":0,"rotation":0,"texture":"#0"}},"rotation":{"origin":[2.01575,5.9028015,-10.454346],"angle":-22.5,"axis":"x"}}],"display":{"head":{"rotation":[0.0,0.0,0.0]},"firstperson_righthand":{"rotation":[0.0,0.0,0.0]},"thirdperson_lefthand":{"rotation":[0.0,-0.0,-0.0]},"firstperson_lefthand":{"rotation":[0.0,-0.0,-0.0]},"fixed":{"rotation":[0.0,0.0,0.0]},"ground":{"rotation":[0.0,0.0,0.0]},"thirdperson_righthand":{"rotation":[0.0,0.0,0.0]},"gui":{"rotation":[-150.0,-45.0,180.0]}}}