{"textures":{"0":"modelengine:entity/smaug","particle":"#0"},"elements":[{"from":[5.019226,7.3568687,-8.442978],"to":[9.429398,7.3568687,-2.0628662],"faces":{"up":{"uv":[7.9375,11.47656,8.00781,11.375],"tintindex":0,"rotation":0,"texture":"#0"},"down":{"uv":[8.25,11.375,8.32031,11.47656],"tintindex":0,"rotation":0,"texture":"#0"}}},{"from":[4.7897186,4.656868,-2.0304718],"to":[9.658905,9.307888,7.657135],"faces":{"east":{"uv":[10.71094,11.25,10.5625,11.32031],"tintindex":0,"rotation":0,"texture":"#0"},"south":{"uv":[5.76563,11.40625,5.6875,11.47656],"tintindex":0,"rotation":0,"texture":"#0"},"north":{"uv":[5.45313,11.40625,5.375,11.47656],"tintindex":0,"rotation":0,"texture":"#0"},"west":{"uv":[11.39844,10.15625,11.25,10.22656],"tintindex":0,"rotation":0,"texture":"#0"},"up":{"uv":[2.84375,11.36719,2.92188,11.21875],"tintindex":0,"rotation":0,"texture":"#0"},"down":{"uv":[7.75,11.21875,7.82813,11.36719],"tintindex":0,"rotation":0,"texture":"#0"}}}],"display":{"head":{"rotation":[0.0,0.0,0.0]},"firstperson_righthand":{"rotation":[0.0,0.0,0.0]},"thirdperson_lefthand":{"rotation":[0.0,-0.0,-0.0]},"firstperson_lefthand":{"rotation":[0.0,-0.0,-0.0]},"fixed":{"rotation":[0.0,0.0,0.0]},"ground":{"rotation":[0.0,0.0,0.0]},"thirdperson_righthand":{"rotation":[0.0,0.0,0.0]},"gui":{"rotation":[-150.0,-45.0,180.0]}}}