{"textures":{"0":"modelengine:entity/smaug","particle":"#0"},"elements":[{"from":[4.6733685,3.5556107,0.13671875],"to":[11.443258,9.710051,11.13559],"faces":{"east":{"uv":[11.4375,5.5625,11.52344,5.60938],"tintindex":0,"rotation":0,"texture":"#0"},"south":{"uv":[1.78125,11.46875,1.83594,11.51563],"tintindex":0,"rotation":0,"texture":"#0"},"north":{"uv":[1.71875,11.46875,1.77344,11.51563],"tintindex":0,"rotation":0,"texture":"#0"},"west":{"uv":[11.4375,5.625,11.52344,5.67188],"tintindex":0,"rotation":0,"texture":"#0"},"up":{"uv":[11.49219,2.21094,11.4375,2.125],"tintindex":0,"rotation":0,"texture":"#0"},"down":{"uv":[11.49219,2.21875,11.4375,2.30469],"tintindex":0,"rotation":0,"texture":"#0"}}}],"display":{"head":{"rotation":[0.0,0.0,0.0]},"firstperson_righthand":{"rotation":[0.0,0.0,0.0]},"thirdperson_lefthand":{"rotation":[0.0,-0.0,-0.0]},"firstperson_lefthand":{"rotation":[0.0,-0.0,-0.0]},"fixed":{"rotation":[0.0,0.0,0.0]},"ground":{"rotation":[0.0,0.0,0.0]},"thirdperson_righthand":{"rotation":[0.0,0.0,0.0]},"gui":{"rotation":[-150.0,-45.0,180.0]}}}