{"textures":{"0":"modelengine:entity/smaug","particle":"#0"},"elements":[{"from":[-14.624313,8.0,6.9008102],"to":[9.120697,8.049999,30.90081],"faces":{"up":{"uv":[2.61719,8.625,2.25,8.25],"tintindex":0,"rotation":0,"texture":"#0"},"down":{"uv":[2.61719,8.25,2.25,8.625],"tintindex":0,"rotation":0,"texture":"#0"}}},{"from":[6.6770935,8.0,6.932762],"to":[30.422089,8.049999,30.932762],"faces":{"up":{"uv":[2.99219,8.625,2.625,8.25],"tintindex":0,"rotation":0,"texture":"#0"},"down":{"uv":[2.99219,8.25,2.625,8.625],"tintindex":0,"rotation":0,"texture":"#0"}}},{"from":[6.663803,8.0,-15.011902],"to":[30.408798,8.049999,8.988098],"faces":{"up":{"uv":[3.36719,8.625,3.0,8.25],"tintindex":0,"rotation":0,"texture":"#0"},"down":{"uv":[3.36719,8.25,3.0,8.625],"tintindex":0,"rotation":0,"texture":"#0"}}},{"from":[-14.637604,8.0,-15.043846],"to":[9.107407,8.049999,8.956154],"faces":{"up":{"uv":[3.74219,8.625,3.375,8.25],"tintindex":0,"rotation":0,"texture":"#0"},"down":{"uv":[3.74219,8.25,3.375,8.625],"tintindex":0,"rotation":0,"texture":"#0"}}}],"display":{"head":{"rotation":[0.0,0.0,0.0]},"firstperson_righthand":{"rotation":[0.0,0.0,0.0]},"thirdperson_lefthand":{"rotation":[0.0,-0.0,-0.0]},"firstperson_lefthand":{"rotation":[0.0,-0.0,-0.0]},"fixed":{"rotation":[0.0,0.0,0.0]},"ground":{"rotation":[0.0,0.0,0.0]},"thirdperson_righthand":{"rotation":[0.0,0.0,0.0]},"gui":{"rotation":[-150.0,-45.0,180.0]}}}