{"textures":{"0":"modelengine:entity/smaug","particle":"#0"},"elements":[{"from":[-14.8667755,8.0,-14.75198],"to":[9.041733,8.050003,9.248016],"faces":{"up":{"uv":[4.40625,0.75,4.78125,0.375],"tintindex":0,"rotation":0,"texture":"#0"},"down":{"uv":[4.40625,0.375,4.78125,0.75],"tintindex":0,"rotation":0,"texture":"#0"}}},{"from":[7.070755,8.0,-14.760002],"to":[30.979248,8.050003,9.239998],"faces":{"up":{"uv":[4.40625,1.5,4.78125,1.125],"tintindex":0,"rotation":0,"texture":"#0"},"down":{"uv":[4.40625,1.125,4.78125,1.5],"tintindex":0,"rotation":0,"texture":"#0"}}},{"from":[7.070755,8.0,6.4524994],"to":[30.979248,8.050003,28.2725],"faces":{"up":{"uv":[9.375,4.84375,9.75,4.5],"tintindex":0,"rotation":0,"texture":"#0"},"down":{"uv":[9.375,4.5,9.75,4.84375],"tintindex":0,"rotation":0,"texture":"#0"}}}],"display":{"head":{"rotation":[0.0,0.0,0.0]},"firstperson_righthand":{"rotation":[0.0,0.0,0.0]},"thirdperson_lefthand":{"rotation":[0.0,-0.0,-0.0]},"firstperson_lefthand":{"rotation":[0.0,-0.0,-0.0]},"fixed":{"rotation":[0.0,0.0,0.0]},"ground":{"rotation":[0.0,0.0,0.0]},"thirdperson_righthand":{"rotation":[0.0,0.0,0.0]},"gui":{"rotation":[-150.0,-45.0,180.0]}}}