{"textures":{"0":"modelengine:entity/smaug","particle":"#0"},"elements":[{"from":[4.583084,7.3568687,-6.1799774],"to":[8.993271,7.3568687,2.0436249],"faces":{"up":{"uv":[11.41406,4.125,11.34375,4.0],"tintindex":0,"rotation":0,"texture":"#0"},"down":{"uv":[4.16406,11.34375,4.09375,11.46875],"tintindex":0,"rotation":0,"texture":"#0"}}},{"from":[4.353592,4.656868,1.3805237],"to":[9.222763,9.307888,10.494629],"faces":{"east":{"uv":[9.96875,11.3125,10.10938,11.38281],"tintindex":0,"rotation":0,"texture":"#0"},"south":{"uv":[11.40625,7.75,11.48438,7.82031],"tintindex":0,"rotation":0,"texture":"#0"},"north":{"uv":[11.40625,7.5625,11.48438,7.63281],"tintindex":0,"rotation":0,"texture":"#0"},"west":{"uv":[11.3125,10.0625,11.45313,10.13281],"tintindex":0,"rotation":0,"texture":"#0"},"up":{"uv":[11.32813,2.48438,11.25,2.34375],"tintindex":0,"rotation":0,"texture":"#0"},"down":{"uv":[11.32813,2.5,11.25,2.64063],"tintindex":0,"rotation":0,"texture":"#0"}}}],"display":{"head":{"rotation":[0.0,0.0,0.0]},"firstperson_righthand":{"rotation":[0.0,0.0,0.0]},"thirdperson_lefthand":{"rotation":[0.0,-0.0,-0.0]},"firstperson_lefthand":{"rotation":[0.0,-0.0,-0.0]},"fixed":{"rotation":[0.0,0.0,0.0]},"ground":{"rotation":[0.0,0.0,0.0]},"thirdperson_righthand":{"rotation":[0.0,0.0,0.0]},"gui":{"rotation":[-150.0,-45.0,180.0]}}}