{"textures":{"0":"modelengine:entity/smaug","particle":"#0"},"elements":[{"from":[-15.12561,8.0,-14.963516],"to":[8.619392,8.049999,9.036484],"faces":{"up":{"uv":[8.53125,1.125,8.89844,0.75],"tintindex":0,"rotation":0,"texture":"#0"},"down":{"uv":[8.53125,0.75,8.89844,1.125],"tintindex":0,"rotation":0,"texture":"#0"}}},{"from":[7.17717,8.0,-14.933029],"to":[30.922173,8.049999,9.066971],"faces":{"up":{"uv":[0.0,8.96875,0.36719,8.59375],"tintindex":0,"rotation":0,"texture":"#0"},"down":{"uv":[0.0,8.59375,0.36719,8.96875],"tintindex":0,"rotation":0,"texture":"#0"}}},{"from":[-15.138901,8.0,6.9311447],"to":[8.606094,8.049999,30.931145],"faces":{"up":{"uv":[1.5,8.875,1.86719,8.5],"tintindex":0,"rotation":0,"texture":"#0"},"down":{"uv":[1.5,8.5,1.86719,8.875],"tintindex":0,"rotation":0,"texture":"#0"}}},{"from":[7.1638794,8.0,6.961624],"to":[30.908882,8.049999,30.961624],"faces":{"up":{"uv":[0.75,8.875,1.11719,8.5],"tintindex":0,"rotation":0,"texture":"#0"},"down":{"uv":[0.75,8.5,1.11719,8.875],"tintindex":0,"rotation":0,"texture":"#0"}}}],"display":{"head":{"rotation":[0.0,0.0,0.0]},"firstperson_righthand":{"rotation":[0.0,0.0,0.0]},"thirdperson_lefthand":{"rotation":[0.0,-0.0,-0.0]},"firstperson_lefthand":{"rotation":[0.0,-0.0,-0.0]},"fixed":{"rotation":[0.0,0.0,0.0]},"ground":{"rotation":[0.0,0.0,0.0]},"thirdperson_righthand":{"rotation":[0.0,0.0,0.0]},"gui":{"rotation":[-150.0,-45.0,180.0]}}}