{"textures":{"0":"modelengine:entity/smaug","particle":"#0"},"elements":[{"from":[7.169739,8.0,6.5793343],"to":[31.078217,8.049999,30.579334],"faces":{"up":{"uv":[0.0,5.96875,0.375,5.59375],"tintindex":0,"rotation":0,"texture":"#0"},"down":{"uv":[0.0,5.59375,0.375,5.96875],"tintindex":0,"rotation":0,"texture":"#0"}}},{"from":[-14.873322,8.0,-14.510414],"to":[9.035187,8.049999,9.489582],"faces":{"up":{"uv":[5.625,2.625,6.0,2.25],"tintindex":0,"rotation":0,"texture":"#0"},"down":{"uv":[5.625,2.25,6.0,2.625],"tintindex":0,"rotation":0,"texture":"#0"}}},{"from":[7.1674805,8.0,-14.623398],"to":[31.075989,8.049999,9.376598],"faces":{"up":{"uv":[5.53125,1.125,5.90625,0.75],"tintindex":0,"rotation":0,"texture":"#0"},"down":{"uv":[5.53125,0.75,5.90625,1.125],"tintindex":0,"rotation":0,"texture":"#0"}}},{"from":[-14.871063,8.0,6.692322],"to":[9.037445,8.049999,30.692322],"faces":{"up":{"uv":[1.875,6.0,2.25,5.625],"tintindex":0,"rotation":0,"texture":"#0"},"down":{"uv":[1.875,5.625,2.25,6.0],"tintindex":0,"rotation":0,"texture":"#0"}}}],"display":{"head":{"rotation":[0.0,0.0,0.0]},"firstperson_righthand":{"rotation":[0.0,0.0,0.0]},"thirdperson_lefthand":{"rotation":[0.0,-0.0,-0.0]},"firstperson_lefthand":{"rotation":[0.0,-0.0,-0.0]},"fixed":{"rotation":[0.0,0.0,0.0]},"ground":{"rotation":[0.0,0.0,0.0]},"thirdperson_righthand":{"rotation":[0.0,0.0,0.0]},"gui":{"rotation":[-150.0,-45.0,180.0]}}}