{"textures":{"0":"modelengine:entity/smaug","particle":"#0"},"elements":[{"from":[-14.616257,8.0,6.922545],"to":[9.128746,8.0,30.922546],"faces":{"up":{"uv":[8.625,3.75,8.99219,3.375],"tintindex":0,"rotation":0,"texture":"#0"},"down":{"uv":[3.75,8.625,4.11719,9.0],"tintindex":0,"rotation":0,"texture":"#0"}}},{"from":[-14.770767,7.5,-15.10051],"to":[8.974236,7.549999,8.89949],"faces":{"up":{"uv":[8.625,4.125,8.99219,3.75],"tintindex":0,"rotation":0,"texture":"#0"},"down":{"uv":[8.625,3.75,8.99219,4.125],"tintindex":0,"rotation":0,"texture":"#0"}}},{"from":[7.5320206,8.0,-15.070034],"to":[31.277016,8.049999,6.225965],"faces":{"up":{"uv":[5.96875,9.71094,6.33594,9.375],"tintindex":0,"rotation":0,"texture":"#0"},"down":{"uv":[5.96875,9.375,6.33594,9.71094],"tintindex":0,"rotation":0,"texture":"#0"}}}],"display":{"head":{"rotation":[0.0,0.0,0.0]},"firstperson_righthand":{"rotation":[0.0,0.0,0.0]},"thirdperson_lefthand":{"rotation":[0.0,-0.0,-0.0]},"firstperson_lefthand":{"rotation":[0.0,-0.0,-0.0]},"fixed":{"rotation":[0.0,0.0,0.0]},"ground":{"rotation":[0.0,0.0,0.0]},"thirdperson_righthand":{"rotation":[0.0,0.0,0.0]},"gui":{"rotation":[-150.0,-45.0,180.0]}}}