{"textures":{"0":"modelengine:entity/smaug","particle":"#0"},"elements":[{"from":[6.757889,8.0,-15.118305],"to":[30.502884,8.049999,8.881695],"faces":{"up":{"uv":[7.875,8.625,8.24219,8.25],"tintindex":0,"rotation":0,"texture":"#0"},"down":{"uv":[7.875,8.25,8.24219,8.625],"tintindex":0,"rotation":0,"texture":"#0"}}},{"from":[-14.543503,8.0,-15.086355],"to":[9.201492,8.049999,8.913643],"faces":{"up":{"uv":[7.5,8.625,7.86719,8.25],"tintindex":0,"rotation":0,"texture":"#0"},"down":{"uv":[7.5,8.25,7.86719,8.625],"tintindex":0,"rotation":0,"texture":"#0"}}},{"from":[-14.50737,8.0,6.7324486],"to":[9.237625,8.049999,30.732452],"faces":{"up":{"uv":[7.125,8.625,7.49219,8.25],"tintindex":0,"rotation":0,"texture":"#0"},"down":{"uv":[7.125,8.25,7.49219,8.625],"tintindex":0,"rotation":0,"texture":"#0"}}},{"from":[6.7940216,8.0,6.7005043],"to":[30.539017,8.049999,30.7005],"faces":{"up":{"uv":[6.75,8.625,7.11719,8.25],"tintindex":0,"rotation":0,"texture":"#0"},"down":{"uv":[6.75,8.25,7.11719,8.625],"tintindex":0,"rotation":0,"texture":"#0"}}}],"display":{"head":{"rotation":[0.0,0.0,0.0]},"firstperson_righthand":{"rotation":[0.0,0.0,0.0]},"thirdperson_lefthand":{"rotation":[0.0,-0.0,-0.0]},"firstperson_lefthand":{"rotation":[0.0,-0.0,-0.0]},"fixed":{"rotation":[0.0,0.0,0.0]},"ground":{"rotation":[0.0,0.0,0.0]},"thirdperson_righthand":{"rotation":[0.0,0.0,0.0]},"gui":{"rotation":[-150.0,-45.0,180.0]}}}