{"textures":{"0":"modelengine:entity/smaug","particle":"#0"},"elements":[{"from":[7.12381,8.0,6.441902],"to":[31.032318,8.049999,30.441902],"faces":{"up":{"uv":[1.5,5.5,1.125,5.125],"tintindex":0,"rotation":0,"texture":"#0"},"down":{"uv":[1.5,5.125,1.125,5.5],"tintindex":0,"rotation":0,"texture":"#0"}}},{"from":[-14.936981,8.0,-14.989212],"to":[8.971527,8.049999,9.010788],"faces":{"up":{"uv":[5.53125,1.5,5.15625,1.125],"tintindex":0,"rotation":0,"texture":"#0"},"down":{"uv":[5.53125,1.125,5.15625,1.5],"tintindex":0,"rotation":0,"texture":"#0"}}},{"from":[6.9919434,8.0,-14.862061],"to":[30.900452,8.049999,9.137939],"faces":{"up":{"uv":[5.53125,0.75,5.15625,0.375],"tintindex":0,"rotation":0,"texture":"#0"},"down":{"uv":[5.53125,0.375,5.15625,0.75],"tintindex":0,"rotation":0,"texture":"#0"}}},{"from":[-14.805115,8.0,6.3147507],"to":[9.103394,8.049999,30.31475],"faces":{"up":{"uv":[5.46875,0.375,5.09375,0.0],"tintindex":0,"rotation":0,"texture":"#0"},"down":{"uv":[5.46875,0.0,5.09375,0.375],"tintindex":0,"rotation":0,"texture":"#0"}}}],"display":{"head":{"rotation":[0.0,0.0,0.0]},"firstperson_righthand":{"rotation":[0.0,0.0,0.0]},"thirdperson_lefthand":{"rotation":[0.0,-0.0,-0.0]},"firstperson_lefthand":{"rotation":[0.0,-0.0,-0.0]},"fixed":{"rotation":[0.0,0.0,0.0]},"ground":{"rotation":[0.0,0.0,0.0]},"thirdperson_righthand":{"rotation":[0.0,0.0,0.0]},"gui":{"rotation":[-150.0,-45.0,180.0]}}}