{"textures":{"0":"modelengine:entity/smaug","particle":"#0"},"elements":[{"from":[6.871254,8.0,6.922545],"to":[30.616257,8.0,30.922546],"faces":{"up":{"uv":[8.99219,3.75,8.625,3.375],"tintindex":0,"rotation":0,"texture":"#0"},"down":{"uv":[4.11719,8.625,3.75,9.0],"tintindex":0,"rotation":0,"texture":"#0"}}},{"from":[-15.277016,8.0,-15.070034],"to":[8.467979,8.049999,6.225965],"faces":{"up":{"uv":[6.33594,9.71094,5.96875,9.375],"tintindex":0,"rotation":0,"texture":"#0"},"down":{"uv":[6.33594,9.375,5.96875,9.71094],"tintindex":0,"rotation":0,"texture":"#0"}}},{"from":[7.0257645,7.5,-15.10051],"to":[30.770767,7.549999,8.89949],"faces":{"up":{"uv":[8.99219,4.125,8.625,3.75],"tintindex":0,"rotation":0,"texture":"#0"},"down":{"uv":[8.99219,3.75,8.625,4.125],"tintindex":0,"rotation":0,"texture":"#0"}}}],"display":{"head":{"rotation":[0.0,0.0,0.0]},"firstperson_righthand":{"rotation":[0.0,0.0,0.0]},"thirdperson_lefthand":{"rotation":[0.0,-0.0,-0.0]},"firstperson_lefthand":{"rotation":[0.0,-0.0,-0.0]},"fixed":{"rotation":[0.0,0.0,0.0]},"ground":{"rotation":[0.0,0.0,0.0]},"thirdperson_righthand":{"rotation":[0.0,0.0,0.0]},"gui":{"rotation":[-150.0,-45.0,180.0]}}}