{"textures":{"0":"modelengine:entity/smaug","particle":"#0"},"elements":[{"from":[7.920746,8.0,5.7249985],"to":[31.829254,8.050003,29.724998],"faces":{"up":{"uv":[3.84375,2.25,4.21875,1.875],"tintindex":0,"rotation":0,"texture":"#0"},"down":{"uv":[3.84375,1.875,4.21875,2.25],"tintindex":0,"rotation":0,"texture":"#0"}}},{"from":[7.920746,8.0,-15.900002],"to":[31.829254,8.050003,8.099998],"faces":{"up":{"uv":[3.75,4.125,4.125,3.75],"tintindex":0,"rotation":0,"texture":"#0"},"down":{"uv":[3.75,3.74219,4.125,4.11719],"tintindex":0,"rotation":0,"texture":"#0"}}},{"from":[-14.016769,8.0,5.7330246],"to":[9.891739,8.050003,29.733025],"faces":{"up":{"uv":[0.75,4.375,1.125,4.0],"tintindex":0,"rotation":0,"texture":"#0"},"down":{"uv":[0.75,4.0,1.125,4.375],"tintindex":0,"rotation":0,"texture":"#0"}}},{"from":[-7.841751,8.275002,-15.699997],"to":[16.066757,8.325001,8.300003],"faces":{"up":{"uv":[12.0625,3.39063,12.4375,3.01563],"tintindex":0,"rotation":0,"texture":"#0"},"down":{"uv":[12.0625,3.01563,12.4375,3.39063],"tintindex":0,"rotation":0,"texture":"#0"}}}],"display":{"head":{"rotation":[0.0,0.0,0.0]},"firstperson_righthand":{"rotation":[0.0,0.0,0.0]},"thirdperson_lefthand":{"rotation":[0.0,-0.0,-0.0]},"firstperson_lefthand":{"rotation":[0.0,-0.0,-0.0]},"fixed":{"rotation":[0.0,0.0,0.0]},"ground":{"rotation":[0.0,0.0,0.0]},"thirdperson_righthand":{"rotation":[0.0,0.0,0.0]},"gui":{"rotation":[-150.0,-45.0,180.0]}}}