{"textures":{"0":"modelengine:entity/smaug","particle":"#0"},"elements":[{"from":[-10.597195,8.0,-13.538956],"to":[13.402804,16.944,-3.7564545],"faces":{"east":{"uv":[3.15625,11.03125,3.0,11.17188],"tintindex":0,"rotation":0,"texture":"#0"},"south":{"uv":[10.625,5.3125,10.25,5.45313],"tintindex":0,"rotation":0,"texture":"#0"},"north":{"uv":[10.625,5.15625,10.25,5.29688],"tintindex":0,"rotation":0,"texture":"#0"},"west":{"uv":[11.1875,1.65625,11.03125,1.79688],"tintindex":0,"rotation":0,"texture":"#0"},"up":{"uv":[10.1875,9.90625,10.5625,9.75],"tintindex":0,"rotation":0,"texture":"#0"},"down":{"uv":[10.21875,0.25,10.59375,0.40625],"tintindex":0,"rotation":0,"texture":"#0"}},"rotation":{"origin":[2.8383045,12.472,-8.647705],"angle":22.5,"axis":"y"}},{"from":[-13.0485,8.0,-1.7825012],"to":[13.8225,16.906502,8.0],"faces":{"east":{"uv":[5.03125,11.03125,4.875,11.17188],"tintindex":0,"rotation":0,"texture":"#0"},"south":{"uv":[10.54688,3.09375,10.125,3.23438],"tintindex":0,"rotation":0,"texture":"#0"},"north":{"uv":[10.51563,8.34375,10.09375,8.48438],"tintindex":0,"rotation":0,"texture":"#0"},"west":{"uv":[4.875,11.03125,4.71875,11.17188],"tintindex":0,"rotation":0,"texture":"#0"},"up":{"uv":[10.0625,5.96875,10.48438,5.8125],"tintindex":0,"rotation":0,"texture":"#0"},"down":{"uv":[10.0625,5.96875,10.48438,6.125],"tintindex":0,"rotation":0,"texture":"#0"}},"rotation":{"origin":[8.0,8.0,8.0],"angle":-22.5,"axis":"y"}},{"from":[-15.529461,1.6954765,-8.93],"to":[8.41654,10.639477,0.8525009],"faces":{"east":{"uv":[4.71875,11.03125,4.5625,11.17188],"tintindex":0,"rotation":0,"texture":"#0"},"south":{"uv":[4.0,10.28125,3.625,10.42188],"tintindex":0,"rotation":0,"texture":"#0"},"north":{"uv":[10.65625,0.0,10.28125,0.14063],"tintindex":0,"rotation":0,"texture":"#0"},"west":{"uv":[4.375,11.03125,4.21875,11.17188],"tintindex":0,"rotation":0,"texture":"#0"},"up":{"uv":[10.21875,0.5625,10.59375,0.40625],"tintindex":0,"rotation":0,"texture":"#0"},"down":{"uv":[0.5,10.21875,0.875,10.375],"tintindex":0,"rotation":0,"texture":"#0"}},"rotation":{"origin":[-3.5564594,6.1674767,-4.0387497],"angle":-22.5,"axis":"z"}}],"display":{"head":{"rotation":[0.0,0.0,0.0]},"firstperson_righthand":{"rotation":[0.0,0.0,0.0]},"thirdperson_lefthand":{"rotation":[0.0,-0.0,-0.0]},"firstperson_lefthand":{"rotation":[0.0,-0.0,-0.0]},"fixed":{"rotation":[0.0,0.0,0.0]},"ground":{"rotation":[0.0,0.0,0.0]},"thirdperson_righthand":{"rotation":[0.0,0.0,0.0]},"gui":{"rotation":[-150.0,-45.0,180.0]}}}