{"textures":{"0":"modelengine:entity/smaug","particle":"#0"},"elements":[{"from":[1.3426447,-14.339794,10.169506],"to":[12.7736845,9.536865,25.730822],"faces":{"east":{"uv":[9.3125,9.75,9.55469,10.125],"tintindex":0,"rotation":0,"texture":"#0"},"south":{"uv":[10.0625,3.625,10.24219,4.0],"tintindex":0,"rotation":0,"texture":"#0"},"north":{"uv":[10.0625,3.25,10.24219,3.625],"tintindex":0,"rotation":0,"texture":"#0"},"west":{"uv":[9.5625,9.75,9.80469,10.125],"tintindex":0,"rotation":0,"texture":"#0"},"up":{"uv":[3.55469,10.64844,3.375,10.40625],"tintindex":0,"rotation":0,"texture":"#0"},"down":{"uv":[10.58594,3.78125,10.40625,4.02344],"tintindex":0,"rotation":0,"texture":"#0"}},"rotation":{"origin":[7.0581656,15.882925,13.5433655],"angle":22.5,"axis":"x"}},{"from":[-2.7447157,-1.195795,-8.922134],"to":[16.861046,19.953325,15.077866],"faces":{"east":{"uv":[7.0625,9.375,7.4375,9.70313],"tintindex":0,"rotation":0,"texture":"#0"},"south":{"uv":[9.75,5.21875,10.05469,5.54688],"tintindex":0,"rotation":0,"texture":"#0"},"north":{"uv":[9.75,4.875,10.05469,5.20313],"tintindex":0,"rotation":0,"texture":"#0"},"west":{"uv":[9.375,7.28125,9.75,7.60938],"tintindex":0,"rotation":0,"texture":"#0"},"up":{"uv":[8.61719,10.09375,8.3125,9.71875],"tintindex":0,"rotation":0,"texture":"#0"},"down":{"uv":[8.92969,9.71875,8.625,10.09375],"tintindex":0,"rotation":0,"texture":"#0"}}},{"from":[0.016119957,-15.35791,-2.596054],"to":[9.36108,1.3137703,13.281895],"faces":{"east":{"uv":[0.0,10.09375,0.25,10.35156],"tintindex":0,"rotation":0,"texture":"#0"},"south":{"uv":[9.125,10.5,9.27344,10.75781],"tintindex":0,"rotation":0,"texture":"#0"},"north":{"uv":[2.4375,10.5,2.58594,10.75781],"tintindex":0,"rotation":0,"texture":"#0"},"west":{"uv":[5.28125,10.09375,5.53125,10.35156],"tintindex":0,"rotation":0,"texture":"#0"},"up":{"uv":[4.96094,10.875,4.8125,10.625],"tintindex":0,"rotation":0,"texture":"#0"},"down":{"uv":[9.86719,10.625,9.71875,10.875],"tintindex":0,"rotation":0,"texture":"#0"}},"rotation":{"origin":[4.6885996,-7.02207,5.342922],"angle":22.5,"axis":"z"}},{"from":[-0.13287449,-15.069075,-5.835415],"to":[14.249205,1.7552452,5.683815],"faces":{"east":{"uv":[8.5,10.34375,8.67969,10.60938],"tintindex":0,"rotation":0,"texture":"#0"},"south":{"uv":[10.125,2.53125,10.35156,2.79688],"tintindex":0,"rotation":0,"texture":"#0"},"north":{"uv":[2.1875,10.125,2.41406,10.39063],"tintindex":0,"rotation":0,"texture":"#0"},"west":{"uv":[9.78125,10.34375,9.96094,10.60938],"tintindex":0,"rotation":0,"texture":"#0"},"up":{"uv":[4.22656,10.61719,4.0,10.4375],"tintindex":0,"rotation":0,"texture":"#0"},"down":{"uv":[6.72656,10.4375,6.5,10.61719],"tintindex":0,"rotation":0,"texture":"#0"}},"rotation":{"origin":[7.0581656,-7.3353157,-0.16059875],"angle":-22.5,"axis":"x"}},{"from":[-2.0154352,5.13422,-8.346115],"to":[16.131765,27.182219,14.906776],"faces":{"east":{"uv":[5.21875,9.375,5.58594,9.71875],"tintindex":0,"rotation":0,"texture":"#0"},"south":{"uv":[6.71875,9.75,7.0,10.09375],"tintindex":0,"rotation":0,"texture":"#0"},"north":{"uv":[9.75,6.46875,10.03125,6.8125],"tintindex":0,"rotation":0,"texture":"#0"},"west":{"uv":[9.375,5.53125,9.74219,5.875],"tintindex":0,"rotation":0,"texture":"#0"},"up":{"uv":[4.28125,10.11719,4.0,9.75],"tintindex":0,"rotation":0,"texture":"#0"},"down":{"uv":[4.5625,9.75,4.28125,10.11719],"tintindex":0,"rotation":0,"texture":"#0"}},"rotation":{"origin":[7.0581656,22.32318,9.421181],"angle":-22.5,"axis":"x"}}],"display":{"head":{"rotation":[0.0,0.0,0.0]},"firstperson_righthand":{"rotation":[0.0,0.0,0.0]},"thirdperson_lefthand":{"rotation":[0.0,-0.0,-0.0]},"firstperson_lefthand":{"rotation":[0.0,-0.0,-0.0]},"fixed":{"rotation":[0.0,0.0,0.0]},"ground":{"rotation":[0.0,0.0,0.0]},"thirdperson_righthand":{"rotation":[0.0,0.0,0.0]},"gui":{"rotation":[-150.0,-45.0,180.0]}}}