{"textures":{"0":"modelengine:entity/smaug","particle":"#0"},"elements":[{"from":[3.7555895,3.1032653,7.3155594],"to":[11.387589,10.735265,13.33975],"faces":{"east":{"uv":[11.25,0.8125,11.34375,0.92969],"tintindex":0,"rotation":0,"texture":"#0"},"south":{"uv":[7.375,11.1875,7.49219,11.30469],"tintindex":0,"rotation":0,"texture":"#0"},"north":{"uv":[1.25,10.21875,1.36719,10.33594],"tintindex":0,"rotation":0,"texture":"#0"},"west":{"uv":[11.25,6.25,11.34375,6.36719],"tintindex":0,"rotation":0,"texture":"#0"},"up":{"uv":[0.61719,10.21875,0.5,10.125],"tintindex":0,"rotation":0,"texture":"#0"},"down":{"uv":[10.49219,5.71875,10.375,5.8125],"tintindex":0,"rotation":0,"texture":"#0"}},"rotation":{"origin":[7.5715895,5.664225,7.0289345],"angle":22.5,"axis":"x"}},{"from":[4.72231,1.9160647,-9.780119],"to":[10.42087,9.412385,10.710949],"faces":{"east":{"uv":[10.625,5.46875,10.94531,5.58594],"tintindex":0,"rotation":0,"texture":"#0"},"south":{"uv":[4.0,11.3125,4.08594,11.42969],"tintindex":0,"rotation":0,"texture":"#0"},"north":{"uv":[3.34375,11.3125,3.42969,11.42969],"tintindex":0,"rotation":0,"texture":"#0"},"west":{"uv":[6.5,10.625,6.82031,10.74219],"tintindex":0,"rotation":0,"texture":"#0"},"up":{"uv":[7.17969,11.22656,7.09375,10.90625],"tintindex":0,"rotation":0,"texture":"#0"},"down":{"uv":[8.33594,10.90625,8.25,11.22656],"tintindex":0,"rotation":0,"texture":"#0"}}}],"display":{"head":{"rotation":[0.0,0.0,0.0]},"firstperson_righthand":{"rotation":[0.0,0.0,0.0]},"thirdperson_lefthand":{"rotation":[0.0,-0.0,-0.0]},"firstperson_lefthand":{"rotation":[0.0,-0.0,-0.0]},"fixed":{"rotation":[0.0,0.0,0.0]},"ground":{"rotation":[0.0,0.0,0.0]},"thirdperson_righthand":{"rotation":[0.0,0.0,0.0]},"gui":{"rotation":[-150.0,-45.0,180.0]}}}