{"textures":{"0":"modelengine:entity/smaug","particle":"#0"},"elements":[{"from":[-3.6428604,0.17130089,-10.478012],"to":[17.546019,13.271481,12.741829],"faces":{"east":{"uv":[11.09375,7.375,11.27344,7.47656],"tintindex":0,"rotation":0,"texture":"#0"},"south":{"uv":[11.15625,1.46875,11.32031,1.57031],"tintindex":0,"rotation":0,"texture":"#0"},"north":{"uv":[11.15625,0.3125,11.32031,0.41406],"tintindex":0,"rotation":0,"texture":"#0"},"west":{"uv":[11.09375,10.78125,11.27344,10.88281],"tintindex":0,"rotation":0,"texture":"#0"},"up":{"uv":[3.22656,11.02344,3.0625,10.84375],"tintindex":0,"rotation":0,"texture":"#0"},"down":{"uv":[5.13281,10.84375,4.96875,11.02344],"tintindex":0,"rotation":0,"texture":"#0"}}}],"display":{"head":{"rotation":[0.0,0.0,0.0]},"firstperson_righthand":{"rotation":[0.0,0.0,0.0]},"thirdperson_lefthand":{"rotation":[0.0,-0.0,-0.0]},"firstperson_lefthand":{"rotation":[0.0,-0.0,-0.0]},"fixed":{"rotation":[0.0,0.0,0.0]},"ground":{"rotation":[0.0,0.0,0.0]},"thirdperson_righthand":{"rotation":[0.0,0.0,0.0]},"gui":{"rotation":[-150.0,-45.0,180.0]}}}