{"textures":{"0":"modelengine:entity/smaug","particle":"#0"},"elements":[{"from":[3.9034004,5.04801,1.9562492],"to":[14.96132,15.19009,9.303318],"faces":{"east":{"uv":[11.09375,6.375,11.21094,6.53125],"tintindex":0,"rotation":0,"texture":"#0"},"south":{"uv":[1.375,10.96875,1.54688,11.125],"tintindex":0,"rotation":0,"texture":"#0"},"north":{"uv":[1.1875,10.96875,1.35938,11.125],"tintindex":0,"rotation":0,"texture":"#0"},"west":{"uv":[11.09375,6.53125,11.21094,6.6875],"tintindex":0,"rotation":0,"texture":"#0"},"up":{"uv":[11.23438,2.58594,11.0625,2.46875],"tintindex":0,"rotation":0,"texture":"#0"},"down":{"uv":[11.23438,2.59375,11.0625,2.71094],"tintindex":0,"rotation":0,"texture":"#0"}},"rotation":{"origin":[9.432361,10.11905,8.436665],"angle":-22.5,"axis":"x"}},{"from":[6.8205204,-2.3099346,16.956081],"to":[12.0442,5.322065,31.246435],"faces":{"east":{"uv":[1.8125,10.96875,2.03906,11.08594],"tintindex":0,"rotation":0,"texture":"#0"},"south":{"uv":[3.21875,11.34375,3.29688,11.46094],"tintindex":0,"rotation":0,"texture":"#0"},"north":{"uv":[11.34375,3.15625,11.42188,3.27344],"tintindex":0,"rotation":0,"texture":"#0"},"west":{"uv":[10.96875,1.875,11.19531,1.99219],"tintindex":0,"rotation":0,"texture":"#0"},"up":{"uv":[6.70313,11.28906,6.625,11.0625],"tintindex":0,"rotation":0,"texture":"#0"},"down":{"uv":[0.92188,11.125,0.84375,11.35156],"tintindex":0,"rotation":0,"texture":"#0"}},"rotation":{"origin":[9.432361,1.5060654,24.101255],"angle":45.0,"axis":"x"}},{"from":[6.4813204,-2.1745052,5.6020393],"to":[12.383401,5.4574947,29.60204],"faces":{"east":{"uv":[10.40625,3.53125,10.78125,3.64844],"tintindex":0,"rotation":0,"texture":"#0"},"south":{"uv":[11.25,8.65625,11.34375,8.77344],"tintindex":0,"rotation":0,"texture":"#0"},"north":{"uv":[8.25,11.25,8.34375,11.36719],"tintindex":0,"rotation":0,"texture":"#0"},"west":{"uv":[10.40625,3.65625,10.78125,3.77344],"tintindex":0,"rotation":0,"texture":"#0"},"up":{"uv":[0.9375,11.125,0.84375,10.75],"tintindex":0,"rotation":0,"texture":"#0"},"down":{"uv":[1.03125,10.75,0.9375,11.125],"tintindex":0,"rotation":0,"texture":"#0"}},"rotation":{"origin":[9.432361,1.6414948,17.60204],"angle":22.5,"axis":"x"}},{"from":[5.3450003,5.47201,7.2477684],"to":[13.519721,15.59713,21.68412],"faces":{"east":{"uv":[10.71875,6.90625,10.94531,7.0625],"tintindex":0,"rotation":0,"texture":"#0"},"south":{"uv":[4.375,11.0625,4.5,11.21875],"tintindex":0,"rotation":0,"texture":"#0"},"north":{"uv":[3.875,11.0625,4.0,11.21875],"tintindex":0,"rotation":0,"texture":"#0"},"west":{"uv":[10.71875,7.5,10.94531,7.65625],"tintindex":0,"rotation":0,"texture":"#0"},"up":{"uv":[0.125,11.16406,0.0,10.9375],"tintindex":0,"rotation":0,"texture":"#0"},"down":{"uv":[3.5625,10.9375,3.4375,11.16406],"tintindex":0,"rotation":0,"texture":"#0"}},"rotation":{"origin":[9.432361,10.11905,8.436665],"angle":22.5,"axis":"x"}}],"display":{"head":{"rotation":[0.0,0.0,0.0]},"firstperson_righthand":{"rotation":[0.0,0.0,0.0]},"thirdperson_lefthand":{"rotation":[0.0,-0.0,-0.0]},"firstperson_lefthand":{"rotation":[0.0,-0.0,-0.0]},"fixed":{"rotation":[0.0,0.0,0.0]},"ground":{"rotation":[0.0,0.0,0.0]},"thirdperson_righthand":{"rotation":[0.0,0.0,0.0]},"gui":{"rotation":[-150.0,-45.0,180.0]}}}