{"textures":{"0":"modelengine:entity/smaug","particle":"#0"},"elements":[{"from":[3.9558,-2.3099346,16.956081],"to":[9.17948,5.322065,31.246435],"faces":{"east":{"uv":[10.9375,9.75,11.16406,9.86719],"tintindex":0,"rotation":0,"texture":"#0"},"south":{"uv":[11.34375,2.71875,11.42188,2.83594],"tintindex":0,"rotation":0,"texture":"#0"},"north":{"uv":[2.71875,11.34375,2.79688,11.46094],"tintindex":0,"rotation":0,"texture":"#0"},"west":{"uv":[1.5625,10.96875,1.78906,11.08594],"tintindex":0,"rotation":0,"texture":"#0"},"up":{"uv":[3.42188,11.28906,3.34375,11.0625],"tintindex":0,"rotation":0,"texture":"#0"},"down":{"uv":[4.07813,11.0625,4.0,11.28906],"tintindex":0,"rotation":0,"texture":"#0"}},"rotation":{"origin":[6.5676394,1.5060654,24.101255],"angle":45.0,"axis":"x"}},{"from":[2.480279,5.47201,7.2477684],"to":[10.655,15.59713,21.68412],"faces":{"east":{"uv":[4.375,10.71875,4.60156,10.875],"tintindex":0,"rotation":0,"texture":"#0"},"south":{"uv":[3.21875,11.0625,3.34375,11.21875],"tintindex":0,"rotation":0,"texture":"#0"},"north":{"uv":[2.8125,11.0625,2.9375,11.21875],"tintindex":0,"rotation":0,"texture":"#0"},"west":{"uv":[10.71875,6.75,10.94531,6.90625],"tintindex":0,"rotation":0,"texture":"#0"},"up":{"uv":[9.875,11.10156,9.75,10.875],"tintindex":0,"rotation":0,"texture":"#0"},"down":{"uv":[7.09375,10.90625,6.96875,11.13281],"tintindex":0,"rotation":0,"texture":"#0"}},"rotation":{"origin":[6.5676394,10.11905,8.436665],"angle":22.5,"axis":"x"}},{"from":[3.616599,-2.1745052,5.6020393],"to":[9.51868,5.4574947,29.60204],"faces":{"east":{"uv":[10.40625,1.875,10.78125,1.99219],"tintindex":0,"rotation":0,"texture":"#0"},"south":{"uv":[11.21875,10.5625,11.3125,10.67969],"tintindex":0,"rotation":0,"texture":"#0"},"north":{"uv":[1.875,2.125,1.96875,2.24219],"tintindex":0,"rotation":0,"texture":"#0"},"west":{"uv":[10.40625,2.0,10.78125,2.11719],"tintindex":0,"rotation":0,"texture":"#0"},"up":{"uv":[0.84375,10.96875,0.75,10.59375],"tintindex":0,"rotation":0,"texture":"#0"},"down":{"uv":[4.21875,10.625,4.125,11.0],"tintindex":0,"rotation":0,"texture":"#0"}},"rotation":{"origin":[6.5676394,1.6414948,17.60204],"angle":22.5,"axis":"x"}},{"from":[1.0386801,5.04801,1.9562492],"to":[12.0966,15.19009,9.303318],"faces":{"east":{"uv":[11.09375,4.53125,11.21094,4.6875],"tintindex":0,"rotation":0,"texture":"#0"},"south":{"uv":[10.96875,0.3125,11.14063,0.46875],"tintindex":0,"rotation":0,"texture":"#0"},"north":{"uv":[0.3125,10.96875,0.48438,11.125],"tintindex":0,"rotation":0,"texture":"#0"},"west":{"uv":[11.09375,4.6875,11.21094,4.84375],"tintindex":0,"rotation":0,"texture":"#0"},"up":{"uv":[11.23438,2.46094,11.0625,2.34375],"tintindex":0,"rotation":0,"texture":"#0"},"down":{"uv":[2.64063,11.0625,2.46875,11.17969],"tintindex":0,"rotation":0,"texture":"#0"}},"rotation":{"origin":[6.5676394,10.11905,8.436665],"angle":-22.5,"axis":"x"}}],"display":{"head":{"rotation":[0.0,0.0,0.0]},"firstperson_righthand":{"rotation":[0.0,0.0,0.0]},"thirdperson_lefthand":{"rotation":[0.0,-0.0,-0.0]},"firstperson_lefthand":{"rotation":[0.0,-0.0,-0.0]},"fixed":{"rotation":[0.0,0.0,0.0]},"ground":{"rotation":[0.0,0.0,0.0]},"thirdperson_righthand":{"rotation":[0.0,0.0,0.0]},"gui":{"rotation":[-150.0,-45.0,180.0]}}}