{"textures":{"0":"modelengine:entity/smaug","particle":"#0"},"elements":[{"from":[8.27125,14.432503,-6.402603],"to":[8.27125,21.38425,7.0947876],"faces":{"east":{"uv":[11.0,3.34375,11.21094,3.45313],"tintindex":0,"rotation":0,"texture":"#0"}}},{"from":[2.1487498,0.59875107,-6.4212036],"to":[14.37825,10.619503,7.0947876],"faces":{"east":{"uv":[10.71875,7.65625,10.92969,7.8125],"tintindex":0,"rotation":0,"texture":"#0"},"south":{"uv":[4.75,10.875,4.9375,11.03125],"tintindex":0,"rotation":0,"texture":"#0"},"north":{"uv":[4.5625,10.875,4.75,11.03125],"tintindex":0,"rotation":0,"texture":"#0"},"west":{"uv":[6.53125,10.75,6.74219,10.90625],"tintindex":0,"rotation":0,"texture":"#0"},"up":{"uv":[5.15625,10.67969,4.96875,10.46875],"tintindex":0,"rotation":0,"texture":"#0"},"down":{"uv":[8.125,10.46875,7.9375,10.67969],"tintindex":0,"rotation":0,"texture":"#0"}}},{"from":[3.48175,10.4025,-6.4212036],"to":[13.04525,14.634003,7.0947876],"faces":{"east":{"uv":[11.1875,9.9375,11.39844,10.0],"tintindex":0,"rotation":0,"texture":"#0"},"south":{"uv":[10.59375,2.75,10.74219,2.8125],"tintindex":0,"rotation":0,"texture":"#0"},"north":{"uv":[10.4375,2.25,10.58594,2.3125],"tintindex":0,"rotation":0,"texture":"#0"},"west":{"uv":[11.1875,10.0,11.39844,10.0625],"tintindex":0,"rotation":0,"texture":"#0"},"up":{"uv":[4.36719,11.02344,4.21875,10.8125],"tintindex":0,"rotation":0,"texture":"#0"},"down":{"uv":[7.33594,10.8125,7.1875,11.02344],"tintindex":0,"rotation":0,"texture":"#0"}}}],"display":{"head":{"rotation":[0.0,0.0,0.0]},"firstperson_righthand":{"rotation":[0.0,0.0,0.0]},"thirdperson_lefthand":{"rotation":[0.0,-0.0,-0.0]},"firstperson_lefthand":{"rotation":[0.0,-0.0,-0.0]},"fixed":{"rotation":[0.0,0.0,0.0]},"ground":{"rotation":[0.0,0.0,0.0]},"thirdperson_righthand":{"rotation":[0.0,0.0,0.0]},"gui":{"rotation":[-150.0,-45.0,180.0]}}}