{"textures":{"0":"modelengine:entity/smaug","particle":"#0"},"elements":[{"from":[2.1487498,0.59875107,-6.4754486],"to":[14.37825,10.619503,7.040558],"faces":{"east":{"uv":[6.75,10.75,6.96094,10.90625],"tintindex":0,"rotation":0,"texture":"#0"},"south":{"uv":[8.4375,10.875,8.625,11.03125],"tintindex":0,"rotation":0,"texture":"#0"},"north":{"uv":[7.8125,10.875,8.0,11.03125],"tintindex":0,"rotation":0,"texture":"#0"},"west":{"uv":[6.96875,10.75,7.17969,10.90625],"tintindex":0,"rotation":0,"texture":"#0"},"up":{"uv":[8.875,10.67969,8.6875,10.46875],"tintindex":0,"rotation":0,"texture":"#0"},"down":{"uv":[10.6875,0.5625,10.5,0.77344],"tintindex":0,"rotation":0,"texture":"#0"}}},{"from":[3.48175,10.4025,-6.4754486],"to":[13.04525,14.634003,7.040558],"faces":{"east":{"uv":[10.5625,11.1875,10.77344,11.25],"tintindex":0,"rotation":0,"texture":"#0"},"south":{"uv":[11.3125,7.3125,11.46094,7.375],"tintindex":0,"rotation":0,"texture":"#0"},"north":{"uv":[11.3125,3.09375,11.46094,3.15625],"tintindex":0,"rotation":0,"texture":"#0"},"west":{"uv":[11.15625,11.1875,11.36719,11.25],"tintindex":0,"rotation":0,"texture":"#0"},"up":{"uv":[7.49219,11.02344,7.34375,10.8125],"tintindex":0,"rotation":0,"texture":"#0"},"down":{"uv":[7.64844,10.8125,7.5,11.02344],"tintindex":0,"rotation":0,"texture":"#0"}}},{"from":[8.27125,14.432503,-6.456848],"to":[8.27125,21.38425,7.040558],"faces":{"east":{"uv":[11.0,4.84375,11.21094,4.95313],"tintindex":0,"rotation":0,"texture":"#0"}}}],"display":{"head":{"rotation":[0.0,0.0,0.0]},"firstperson_righthand":{"rotation":[0.0,0.0,0.0]},"thirdperson_lefthand":{"rotation":[0.0,-0.0,-0.0]},"firstperson_lefthand":{"rotation":[0.0,-0.0,-0.0]},"fixed":{"rotation":[0.0,0.0,0.0]},"ground":{"rotation":[0.0,0.0,0.0]},"thirdperson_righthand":{"rotation":[0.0,0.0,0.0]},"gui":{"rotation":[-150.0,-45.0,180.0]}}}