{"textures":{"0":"modelengine:entity/smaug","particle":"#0"},"elements":[{"from":[8.27125,15.362499,-6.5188446],"to":[8.27125,22.314247,6.9785614],"faces":{"east":{"uv":[11.0,4.96875,11.21094,5.07813],"tintindex":0,"rotation":0,"texture":"#0"}}},{"from":[2.1487498,1.5287476,-6.537445],"to":[14.37825,11.5494995,6.9785614],"faces":{"east":{"uv":[8.125,10.75,8.33594,10.90625],"tintindex":0,"rotation":0,"texture":"#0"},"south":{"uv":[10.875,9.5,11.0625,9.65625],"tintindex":0,"rotation":0,"texture":"#0"},"north":{"uv":[10.875,9.34375,11.0625,9.5],"tintindex":0,"rotation":0,"texture":"#0"},"west":{"uv":[10.75,8.65625,10.96094,8.8125],"tintindex":0,"rotation":0,"texture":"#0"},"up":{"uv":[10.6875,3.46094,10.5,3.25],"tintindex":0,"rotation":0,"texture":"#0"},"down":{"uv":[4.6875,10.5,4.5,10.71094],"tintindex":0,"rotation":0,"texture":"#0"}}},{"from":[3.48175,11.332497,-6.537445],"to":[13.04525,15.563999,6.9785614],"faces":{"east":{"uv":[11.21875,1.1875,11.42969,1.25],"tintindex":0,"rotation":0,"texture":"#0"},"south":{"uv":[11.34375,1.96875,11.49219,2.03125],"tintindex":0,"rotation":0,"texture":"#0"},"north":{"uv":[11.34375,0.875,11.49219,0.9375],"tintindex":0,"rotation":0,"texture":"#0"},"west":{"uv":[11.21875,1.25,11.42969,1.3125],"tintindex":0,"rotation":0,"texture":"#0"},"up":{"uv":[7.80469,11.02344,7.65625,10.8125],"tintindex":0,"rotation":0,"texture":"#0"},"down":{"uv":[8.83594,10.8125,8.6875,11.02344],"tintindex":0,"rotation":0,"texture":"#0"}}}],"display":{"head":{"rotation":[0.0,0.0,0.0]},"firstperson_righthand":{"rotation":[0.0,0.0,0.0]},"thirdperson_lefthand":{"rotation":[0.0,-0.0,-0.0]},"firstperson_lefthand":{"rotation":[0.0,-0.0,-0.0]},"fixed":{"rotation":[0.0,0.0,0.0]},"ground":{"rotation":[0.0,0.0,0.0]},"thirdperson_righthand":{"rotation":[0.0,0.0,0.0]},"gui":{"rotation":[-150.0,-45.0,180.0]}}}