{"textures":{"0":"modelengine:entity/smaug","particle":"#0"},"elements":[{"from":[1.6593652,-0.13635826,-7.684387],"to":[14.867226,10.68605,6.9128876],"faces":{"east":{"uv":[10.5,5.9375,10.72656,6.10938],"tintindex":0,"rotation":0,"texture":"#0"},"south":{"uv":[3.5,10.75,3.70313,10.92188],"tintindex":0,"rotation":0,"texture":"#0"},"north":{"uv":[10.75,2.75,10.95313,2.92188],"tintindex":0,"rotation":0,"texture":"#0"},"west":{"uv":[7.65625,10.5,7.88281,10.67188],"tintindex":0,"rotation":0,"texture":"#0"},"up":{"uv":[10.57813,2.53906,10.375,2.3125],"tintindex":0,"rotation":0,"texture":"#0"},"down":{"uv":[10.57813,2.5625,10.375,2.78906],"tintindex":0,"rotation":0,"texture":"#0"}}},{"from":[3.0990052,10.451691,-7.684387],"to":[13.427586,15.021713,6.9128876],"faces":{"east":{"uv":[11.15625,7.78125,11.38281,7.85156],"tintindex":0,"rotation":0,"texture":"#0"},"south":{"uv":[8.4375,11.21875,8.60156,11.28906],"tintindex":0,"rotation":0,"texture":"#0"},"north":{"uv":[11.21875,7.9375,11.38281,8.00781],"tintindex":0,"rotation":0,"texture":"#0"},"west":{"uv":[11.15625,8.03125,11.38281,8.10156],"tintindex":0,"rotation":0,"texture":"#0"},"up":{"uv":[4.10156,10.85156,3.9375,10.625],"tintindex":0,"rotation":0,"texture":"#0"},"down":{"uv":[8.66406,10.625,8.5,10.85156],"tintindex":0,"rotation":0,"texture":"#0"}}},{"from":[8.271666,14.804092,-7.6643066],"to":[8.271666,22.49984,6.9128876],"faces":{"east":{"uv":[10.9375,8.53125,11.16406,8.64844],"tintindex":0,"rotation":0,"texture":"#0"}}}],"display":{"head":{"rotation":[0.0,0.0,0.0]},"firstperson_righthand":{"rotation":[0.0,0.0,0.0]},"thirdperson_lefthand":{"rotation":[0.0,-0.0,-0.0]},"firstperson_lefthand":{"rotation":[0.0,-0.0,-0.0]},"fixed":{"rotation":[0.0,0.0,0.0]},"ground":{"rotation":[0.0,0.0,0.0]},"thirdperson_righthand":{"rotation":[0.0,0.0,0.0]},"gui":{"rotation":[-150.0,-45.0,180.0]}}}