{"textures":{"0":"modelengine:entity/smaug","particle":"#0"},"elements":[{"from":[-1.3744173,18.324263,5.5621033],"to":[0.4925828,21.620596,15.9151],"faces":{"east":{"uv":[11.0625,7.28125,11.30469,7.35938],"tintindex":0,"rotation":0,"texture":"#0"},"south":{"uv":[7.34375,11.4375,7.39063,11.51563],"tintindex":0,"rotation":0,"texture":"#0"},"north":{"uv":[11.4375,7.15625,11.48438,7.23438],"tintindex":0,"rotation":0,"texture":"#0"},"west":{"uv":[11.0625,9.125,11.30469,9.20313],"tintindex":0,"rotation":0,"texture":"#0"},"up":{"uv":[11.01563,11.36719,10.96875,11.125],"tintindex":0,"rotation":0,"texture":"#0"},"down":{"uv":[1.54688,11.1875,1.5,11.42969],"tintindex":0,"rotation":0,"texture":"#0"}},"rotation":{"origin":[7.53825,18.266264,16.528936],"angle":-22.5,"axis":"x"}},{"from":[-0.27241707,12.491262,4.810099],"to":[15.348917,13.442596,20.73877],"faces":{"east":{"uv":[11.09375,10.90625,11.46875,10.92969],"tintindex":0,"rotation":0,"texture":"#0"},"south":{"uv":[11.28125,8.90625,11.64844,8.92969],"tintindex":0,"rotation":0,"texture":"#0"},"north":{"uv":[11.25,10.25,11.61719,10.27344],"tintindex":0,"rotation":0,"texture":"#0"},"west":{"uv":[11.21875,1.375,11.59375,1.39844],"tintindex":0,"rotation":0,"texture":"#0"},"up":{"uv":[8.24219,4.875,7.875,4.5],"tintindex":0,"rotation":0,"texture":"#0"},"down":{"uv":[5.24219,7.875,4.875,8.25],"tintindex":0,"rotation":0,"texture":"#0"}},"rotation":{"origin":[7.53825,8.401428,13.256775],"angle":22.5,"axis":"x"}},{"from":[-0.27241707,12.491262,-0.8565674],"to":[15.348917,13.442596,4.8137712],"faces":{"east":{"uv":[10.4375,8.0625,10.57031,8.08594],"tintindex":0,"rotation":0,"texture":"#0"},"south":{"uv":[11.21875,9.71875,11.58594,9.74219],"tintindex":0,"rotation":0,"texture":"#0"},"north":{"uv":[11.21875,3.4375,11.58594,3.46094],"tintindex":0,"rotation":0,"texture":"#0"},"west":{"uv":[9.96875,10.53125,10.10156,10.55469],"tintindex":0,"rotation":0,"texture":"#0"},"up":{"uv":[10.71094,1.35156,10.34375,1.21875],"tintindex":0,"rotation":0,"texture":"#0"},"down":{"uv":[10.71094,6.4375,10.34375,6.57031],"tintindex":0,"rotation":0,"texture":"#0"}},"rotation":{"origin":[7.53825,8.401428,13.256775],"angle":22.5,"axis":"x"}},{"from":[-0.27241707,-3.483738,4.810099],"to":[15.348917,12.492595,20.73877],"faces":{"east":{"uv":[0.75,2.5,1.125,2.875],"tintindex":0,"rotation":0,"texture":"#0"},"south":{"uv":[5.625,7.875,5.99219,8.25],"tintindex":0,"rotation":0,"texture":"#0"},"north":{"uv":[7.875,5.25,8.24219,5.625],"tintindex":0,"rotation":0,"texture":"#0"},"west":{"uv":[1.125,2.5,1.5,2.875],"tintindex":0,"rotation":0,"texture":"#0"},"up":{"uv":[8.24219,6.0,7.875,5.625],"tintindex":0,"rotation":0,"texture":"#0"},"down":{"uv":[6.36719,7.875,6.0,8.25],"tintindex":0,"rotation":0,"texture":"#0"}},"rotation":{"origin":[7.53825,8.401428,13.256775],"angle":22.5,"axis":"x"}},{"from":[7.3626666,18.824263,2.103434],"to":[7.3626666,27.920927,22.098104],"faces":{"east":{"uv":[9.75,6.25,10.21875,6.46094],"tintindex":0,"rotation":0,"texture":"#0"}}},{"from":[-0.27241707,-3.483738,-0.8565674],"to":[15.348917,12.492595,4.8137712],"faces":{"east":{"uv":[10.3125,9.375,10.44531,9.75],"tintindex":0,"rotation":0,"texture":"#0"},"south":{"uv":[5.25,7.875,5.61719,8.25],"tintindex":0,"rotation":0,"texture":"#0"},"north":{"uv":[7.875,4.875,8.24219,5.25],"tintindex":0,"rotation":0,"texture":"#0"},"west":{"uv":[10.34375,0.5625,10.47656,0.9375],"tintindex":0,"rotation":0,"texture":"#0"},"up":{"uv":[10.71094,6.72656,10.34375,6.59375],"tintindex":0,"rotation":0,"texture":"#0"},"down":{"uv":[10.71094,6.75,10.34375,6.88281],"tintindex":0,"rotation":0,"texture":"#0"}},"rotation":{"origin":[7.53825,8.401428,13.256775],"angle":22.5,"axis":"x"}},{"from":[4.3600903,1.8522615,-2.3009853],"to":[19.981424,17.852262,10.321014],"faces":{"east":{"uv":[1.6875,9.75,1.98438,10.125],"tintindex":0,"rotation":0,"texture":"#0"},"south":{"uv":[4.125,7.875,4.49219,8.25],"tintindex":0,"rotation":0,"texture":"#0"},"north":{"uv":[7.875,3.75,8.24219,4.125],"tintindex":0,"rotation":0,"texture":"#0"},"west":{"uv":[2.0,9.75,2.29688,10.125],"tintindex":0,"rotation":0,"texture":"#0"},"up":{"uv":[2.99219,10.04688,2.625,9.75],"tintindex":0,"rotation":0,"texture":"#0"},"down":{"uv":[10.11719,2.625,9.75,2.92188],"tintindex":0,"rotation":0,"texture":"#0"}},"rotation":{"origin":[17.707584,11.610762,13.9141035],"angle":22.5,"axis":"y"}},{"from":[-5.055916,1.9105949,-2.3839016],"to":[10.565416,17.910597,10.238109],"faces":{"east":{"uv":[9.75,2.25,10.04688,2.625],"tintindex":0,"rotation":0,"texture":"#0"},"south":{"uv":[4.5,7.875,4.86719,8.25],"tintindex":0,"rotation":0,"texture":"#0"},"north":{"uv":[7.875,4.125,8.24219,4.5],"tintindex":0,"rotation":0,"texture":"#0"},"west":{"uv":[2.3125,9.75,2.60938,10.125],"tintindex":0,"rotation":0,"texture":"#0"},"up":{"uv":[10.11719,3.23438,9.75,2.9375],"tintindex":0,"rotation":0,"texture":"#0"},"down":{"uv":[3.36719,9.75,3.0,10.04688],"tintindex":0,"rotation":0,"texture":"#0"}},"rotation":{"origin":[-2.9822502,11.610762,13.9141035],"angle":-22.5,"axis":"y"}},{"from":[0.90691614,17.695929,-0.9145613],"to":[14.169583,20.015928,9.438436],"faces":{"east":{"uv":[11.1875,9.75,11.42969,9.80469],"tintindex":0,"rotation":0,"texture":"#0"},"south":{"uv":[11.125,9.28125,11.4375,9.33594],"tintindex":0,"rotation":0,"texture":"#0"},"north":{"uv":[11.125,9.21875,11.4375,9.27344],"tintindex":0,"rotation":0,"texture":"#0"},"west":{"uv":[11.1875,9.8125,11.42969,9.86719],"tintindex":0,"rotation":0,"texture":"#0"},"up":{"uv":[10.34375,6.71094,10.03125,6.46875],"tintindex":0,"rotation":0,"texture":"#0"},"down":{"uv":[10.34375,6.71875,10.03125,6.96094],"tintindex":0,"rotation":0,"texture":"#0"}},"rotation":{"origin":[7.53825,18.266264,6.330607],"angle":-22.5,"axis":"x"}}],"display":{"head":{"rotation":[0.0,0.0,0.0]},"firstperson_righthand":{"rotation":[0.0,0.0,0.0]},"thirdperson_lefthand":{"rotation":[0.0,-0.0,-0.0]},"firstperson_lefthand":{"rotation":[0.0,-0.0,-0.0]},"fixed":{"rotation":[0.0,0.0,0.0]},"ground":{"rotation":[0.0,0.0,0.0]},"thirdperson_righthand":{"rotation":[0.0,0.0,0.0]},"gui":{"rotation":[-150.0,-45.0,180.0]}}}