{"textures":{"0":"modelengine:entity/smaug","particle":"#0"},"elements":[{"from":[3.48175,10.4025,-6.655243],"to":[13.04525,14.634003,8.001556],"faces":{"east":{"uv":[11.15625,8.125,11.38281,8.1875],"tintindex":0,"rotation":0,"texture":"#0"},"south":{"uv":[11.34375,2.5625,11.49219,2.625],"tintindex":0,"rotation":0,"texture":"#0"},"north":{"uv":[11.34375,2.5,11.49219,2.5625],"tintindex":0,"rotation":0,"texture":"#0"},"west":{"uv":[11.15625,8.46875,11.38281,8.53125],"tintindex":0,"rotation":0,"texture":"#0"},"up":{"uv":[1.17969,10.97656,1.03125,10.75],"tintindex":0,"rotation":0,"texture":"#0"},"down":{"uv":[6.52344,10.75,6.375,10.97656],"tintindex":0,"rotation":0,"texture":"#0"}}},{"from":[2.1487498,0.59875107,-6.655243],"to":[14.37825,10.619503,8.001556],"faces":{"east":{"uv":[3.0625,10.6875,3.28906,10.84375],"tintindex":0,"rotation":0,"texture":"#0"},"south":{"uv":[10.90625,0.78125,11.09375,0.9375],"tintindex":0,"rotation":0,"texture":"#0"},"north":{"uv":[10.875,10.03125,11.0625,10.1875],"tintindex":0,"rotation":0,"texture":"#0"},"west":{"uv":[4.96875,10.6875,5.19531,10.84375],"tintindex":0,"rotation":0,"texture":"#0"},"up":{"uv":[2.78125,10.66406,2.59375,10.4375],"tintindex":0,"rotation":0,"texture":"#0"},"down":{"uv":[2.96875,10.4375,2.78125,10.66406],"tintindex":0,"rotation":0,"texture":"#0"}}},{"from":[8.27125,14.432503,-1.6704407],"to":[8.27125,19.470001,8.001556],"faces":{"east":{"uv":[6.34375,11.21875,6.49219,11.29688],"tintindex":0,"rotation":0,"texture":"#0"}}}],"display":{"head":{"rotation":[0.0,0.0,0.0]},"firstperson_righthand":{"rotation":[0.0,0.0,0.0]},"thirdperson_lefthand":{"rotation":[0.0,-0.0,-0.0]},"firstperson_lefthand":{"rotation":[0.0,-0.0,-0.0]},"fixed":{"rotation":[0.0,0.0,0.0]},"ground":{"rotation":[0.0,0.0,0.0]},"thirdperson_righthand":{"rotation":[0.0,0.0,0.0]},"gui":{"rotation":[-150.0,-45.0,180.0]}}}