{"textures":{"0":"modelengine:entity/smaug","particle":"#0"},"elements":[{"from":[8.272554,15.464737,-10.644455],"to":[8.272554,24.767529,6.265091],"faces":{"east":{"uv":[10.46875,10.28125,10.73438,10.42969],"tintindex":0,"rotation":0,"texture":"#0"}}},{"from":[0.60229015,-1.8661842,-10.667755],"to":[15.923405,10.687813,6.265091],"faces":{"east":{"uv":[4.96875,10.25,5.23438,10.44531],"tintindex":0,"rotation":0,"texture":"#0"},"south":{"uv":[0.625,10.375,0.86719,10.57031],"tintindex":0,"rotation":0,"texture":"#0"},"north":{"uv":[0.375,10.375,0.61719,10.57031],"tintindex":0,"rotation":0,"texture":"#0"},"west":{"uv":[7.65625,10.28125,7.92188,10.47656],"tintindex":0,"rotation":0,"texture":"#0"},"up":{"uv":[6.27344,10.35938,6.03125,10.09375],"tintindex":0,"rotation":0,"texture":"#0"},"down":{"uv":[6.52344,10.09375,6.28125,10.35938],"tintindex":0,"rotation":0,"texture":"#0"}}},{"from":[2.2722702,10.415951,-10.667755],"to":[14.253426,15.717178,6.265091],"faces":{"east":{"uv":[10.96875,6.28125,11.23438,6.36719],"tintindex":0,"rotation":0,"texture":"#0"},"south":{"uv":[11.15625,7.59375,11.34375,7.67969],"tintindex":0,"rotation":0,"texture":"#0"},"north":{"uv":[11.15625,7.5,11.34375,7.58594],"tintindex":0,"rotation":0,"texture":"#0"},"west":{"uv":[11.0,5.21875,11.26563,5.30469],"tintindex":0,"rotation":0,"texture":"#0"},"up":{"uv":[10.5,7.48438,10.3125,7.21875],"tintindex":0,"rotation":0,"texture":"#0"},"down":{"uv":[10.53125,0.9375,10.34375,1.20313],"tintindex":0,"rotation":0,"texture":"#0"}}}],"display":{"head":{"rotation":[0.0,0.0,0.0]},"firstperson_righthand":{"rotation":[0.0,0.0,0.0]},"thirdperson_lefthand":{"rotation":[0.0,-0.0,-0.0]},"firstperson_lefthand":{"rotation":[0.0,-0.0,-0.0]},"fixed":{"rotation":[0.0,0.0,0.0]},"ground":{"rotation":[0.0,0.0,0.0]},"thirdperson_righthand":{"rotation":[0.0,0.0,0.0]},"gui":{"rotation":[-150.0,-45.0,180.0]}}}