{"textures":{"0":"modelengine:entity/smaug","particle":"#0"},"elements":[{"from":[8.27125,15.362499,-6.249161],"to":[8.27125,22.314247,7.2482452],"faces":{"east":{"uv":[11.0,5.09375,11.21094,5.20313],"tintindex":0,"rotation":0,"texture":"#0"}}},{"from":[2.1487498,1.5287476,-6.267761],"to":[14.37825,11.5494995,7.2482452],"faces":{"east":{"uv":[10.75,10.28125,10.96094,10.4375],"tintindex":0,"rotation":0,"texture":"#0"},"south":{"uv":[10.875,9.875,11.0625,10.03125],"tintindex":0,"rotation":0,"texture":"#0"},"north":{"uv":[9.5625,10.875,9.75,11.03125],"tintindex":0,"rotation":0,"texture":"#0"},"west":{"uv":[0.0,10.78125,0.21094,10.9375],"tintindex":0,"rotation":0,"texture":"#0"},"up":{"uv":[5.8125,10.71094,5.625,10.5],"tintindex":0,"rotation":0,"texture":"#0"},"down":{"uv":[10.6875,5.71875,10.5,5.92969],"tintindex":0,"rotation":0,"texture":"#0"}}},{"from":[3.48175,11.332497,-6.267761],"to":[13.04525,15.563999,7.2482452],"faces":{"east":{"uv":[11.21875,1.3125,11.42969,1.375],"tintindex":0,"rotation":0,"texture":"#0"},"south":{"uv":[11.34375,2.4375,11.49219,2.5],"tintindex":0,"rotation":0,"texture":"#0"},"north":{"uv":[2.3125,11.34375,2.46094,11.40625],"tintindex":0,"rotation":0,"texture":"#0"},"west":{"uv":[1.84375,11.21875,2.05469,11.28125],"tintindex":0,"rotation":0,"texture":"#0"},"up":{"uv":[8.99219,11.02344,8.84375,10.8125],"tintindex":0,"rotation":0,"texture":"#0"},"down":{"uv":[10.02344,10.8125,9.875,11.02344],"tintindex":0,"rotation":0,"texture":"#0"}}}],"display":{"head":{"rotation":[0.0,0.0,0.0]},"firstperson_righthand":{"rotation":[0.0,0.0,0.0]},"thirdperson_lefthand":{"rotation":[0.0,-0.0,-0.0]},"firstperson_lefthand":{"rotation":[0.0,-0.0,-0.0]},"fixed":{"rotation":[0.0,0.0,0.0]},"ground":{"rotation":[0.0,0.0,0.0]},"thirdperson_righthand":{"rotation":[0.0,0.0,0.0]},"gui":{"rotation":[-150.0,-45.0,180.0]}}}