{"textures":{"0":"modelengine:entity/smaug","particle":"#0"},"elements":[{"from":[6.63892,-15.35791,-2.596054],"to":[15.98388,1.3137703,13.281895],"faces":{"east":{"uv":[5.53125,10.09375,5.78125,10.35156],"tintindex":0,"rotation":0,"texture":"#0"},"south":{"uv":[9.4375,10.5,9.58594,10.75781],"tintindex":0,"rotation":0,"texture":"#0"},"north":{"uv":[9.28125,10.5,9.42969,10.75781],"tintindex":0,"rotation":0,"texture":"#0"},"west":{"uv":[5.78125,10.09375,6.03125,10.35156],"tintindex":0,"rotation":0,"texture":"#0"},"up":{"uv":[3.49219,10.90625,3.34375,10.65625],"tintindex":0,"rotation":0,"texture":"#0"},"down":{"uv":[2.74219,10.6875,2.59375,10.9375],"tintindex":0,"rotation":0,"texture":"#0"}},"rotation":{"origin":[11.3114,-7.02207,5.342922],"angle":-22.5,"axis":"z"}},{"from":[3.2263155,-14.339794,10.169506],"to":[14.657355,9.536865,25.730822],"faces":{"east":{"uv":[9.78125,1.5,10.02344,1.875],"tintindex":0,"rotation":0,"texture":"#0"},"south":{"uv":[10.0625,5.21875,10.24219,5.59375],"tintindex":0,"rotation":0,"texture":"#0"},"north":{"uv":[10.0625,4.84375,10.24219,5.21875],"tintindex":0,"rotation":0,"texture":"#0"},"west":{"uv":[9.78125,1.875,10.02344,2.25],"tintindex":0,"rotation":0,"texture":"#0"},"up":{"uv":[10.58594,4.27344,10.40625,4.03125],"tintindex":0,"rotation":0,"texture":"#0"},"down":{"uv":[10.58594,4.28125,10.40625,4.52344],"tintindex":0,"rotation":0,"texture":"#0"}},"rotation":{"origin":[8.941834,15.882925,13.5433655],"angle":22.5,"axis":"x"}},{"from":[-0.8610449,-1.195795,-8.922134],"to":[18.744717,19.953325,15.077866],"faces":{"east":{"uv":[7.4375,9.375,7.8125,9.70313],"tintindex":0,"rotation":0,"texture":"#0"},"south":{"uv":[9.75,5.90625,10.05469,6.23438],"tintindex":0,"rotation":0,"texture":"#0"},"north":{"uv":[9.75,5.5625,10.05469,5.89063],"tintindex":0,"rotation":0,"texture":"#0"},"west":{"uv":[9.375,7.625,9.75,7.95313],"tintindex":0,"rotation":0,"texture":"#0"},"up":{"uv":[10.02344,9.375,9.71875,9.0],"tintindex":0,"rotation":0,"texture":"#0"},"down":{"uv":[0.61719,9.75,0.3125,10.125],"tintindex":0,"rotation":0,"texture":"#0"}}},{"from":[1.7507954,-15.069075,-5.835415],"to":[16.132874,1.7552452,5.683815],"faces":{"east":{"uv":[0.0,10.375,0.17969,10.64063],"tintindex":0,"rotation":0,"texture":"#0"},"south":{"uv":[3.375,10.125,3.60156,10.39063],"tintindex":0,"rotation":0,"texture":"#0"},"north":{"uv":[10.125,2.8125,10.35156,3.07813],"tintindex":0,"rotation":0,"texture":"#0"},"west":{"uv":[0.1875,10.375,0.36719,10.64063],"tintindex":0,"rotation":0,"texture":"#0"},"up":{"uv":[6.97656,10.61719,6.75,10.4375],"tintindex":0,"rotation":0,"texture":"#0"},"down":{"uv":[7.22656,10.4375,7.0,10.61719],"tintindex":0,"rotation":0,"texture":"#0"}},"rotation":{"origin":[8.941834,-7.3353157,-0.16059875],"angle":-22.5,"axis":"x"}},{"from":[-0.13176537,5.13422,-8.346115],"to":[18.015434,27.182219,14.906776],"faces":{"east":{"uv":[5.59375,9.375,5.96094,9.71875],"tintindex":0,"rotation":0,"texture":"#0"},"south":{"uv":[9.75,7.625,10.03125,7.96875],"tintindex":0,"rotation":0,"texture":"#0"},"north":{"uv":[9.75,7.28125,10.03125,7.625],"tintindex":0,"rotation":0,"texture":"#0"},"west":{"uv":[9.375,5.875,9.74219,6.21875],"tintindex":0,"rotation":0,"texture":"#0"},"up":{"uv":[10.03125,4.86719,9.75,4.5],"tintindex":0,"rotation":0,"texture":"#0"},"down":{"uv":[4.84375,9.75,4.5625,10.11719],"tintindex":0,"rotation":0,"texture":"#0"}},"rotation":{"origin":[8.941834,22.32318,9.421181],"angle":-22.5,"axis":"x"}}],"display":{"head":{"rotation":[0.0,0.0,0.0]},"firstperson_righthand":{"rotation":[0.0,0.0,0.0]},"thirdperson_lefthand":{"rotation":[0.0,-0.0,-0.0]},"firstperson_lefthand":{"rotation":[0.0,-0.0,-0.0]},"fixed":{"rotation":[0.0,0.0,0.0]},"ground":{"rotation":[0.0,0.0,0.0]},"thirdperson_righthand":{"rotation":[0.0,0.0,0.0]},"gui":{"rotation":[-150.0,-45.0,180.0]}}}