{"textures":{"0":"modelengine:entity/smaug","particle":"#0"},"elements":[{"from":[4.6124105,3.1032653,7.3155594],"to":[12.2444105,10.735265,13.33975],"faces":{"east":{"uv":[9.25,11.25,9.34375,11.36719],"tintindex":0,"rotation":0,"texture":"#0"},"south":{"uv":[7.625,11.1875,7.74219,11.30469],"tintindex":0,"rotation":0,"texture":"#0"},"north":{"uv":[7.5,11.1875,7.61719,11.30469],"tintindex":0,"rotation":0,"texture":"#0"},"west":{"uv":[9.34375,11.25,9.4375,11.36719],"tintindex":0,"rotation":0,"texture":"#0"},"up":{"uv":[11.36719,5.5625,11.25,5.46875],"tintindex":0,"rotation":0,"texture":"#0"},"down":{"uv":[11.36719,9.03125,11.25,9.125],"tintindex":0,"rotation":0,"texture":"#0"}},"rotation":{"origin":[8.428411,5.664225,7.0289345],"angle":22.5,"axis":"x"}},{"from":[5.57913,1.9160647,-9.780119],"to":[11.27769,9.412385,10.710949],"faces":{"east":{"uv":[6.84375,10.625,7.16406,10.74219],"tintindex":0,"rotation":0,"texture":"#0"},"south":{"uv":[8.78125,11.3125,8.86719,11.42969],"tintindex":0,"rotation":0,"texture":"#0"},"north":{"uv":[8.6875,11.3125,8.77344,11.42969],"tintindex":0,"rotation":0,"texture":"#0"},"west":{"uv":[10.625,8.0625,10.94531,8.17969],"tintindex":0,"rotation":0,"texture":"#0"},"up":{"uv":[0.21094,11.25781,0.125,10.9375],"tintindex":0,"rotation":0,"texture":"#0"},"down":{"uv":[10.86719,10.9375,10.78125,11.25781],"tintindex":0,"rotation":0,"texture":"#0"}}}],"display":{"head":{"rotation":[0.0,0.0,0.0]},"firstperson_righthand":{"rotation":[0.0,0.0,0.0]},"thirdperson_lefthand":{"rotation":[0.0,-0.0,-0.0]},"firstperson_lefthand":{"rotation":[0.0,-0.0,-0.0]},"fixed":{"rotation":[0.0,0.0,0.0]},"ground":{"rotation":[0.0,0.0,0.0]},"thirdperson_righthand":{"rotation":[0.0,0.0,0.0]},"gui":{"rotation":[-150.0,-45.0,180.0]}}}