{"textures":{"0":"modelengine:entity/smaug","particle":"#0"},"elements":[{"from":[-9.0096245,-5.9527197,-2.1640167],"to":[1.161375,17.923279,2.442482],"faces":{"east":{"uv":[0.5,10.96875,0.57031,11.34375],"tintindex":0,"rotation":0,"texture":"#0"},"south":{"uv":[10.0625,10.15625,10.21875,10.53125],"tintindex":0,"rotation":0,"texture":"#0"},"north":{"uv":[10.15625,9.375,10.3125,9.75],"tintindex":0,"rotation":0,"texture":"#0"},"west":{"uv":[0.75,10.96875,0.82031,11.34375],"tintindex":0,"rotation":0,"texture":"#0"},"up":{"uv":[10.125,11.28906,9.96875,11.21875],"tintindex":0,"rotation":0,"texture":"#0"},"down":{"uv":[10.28125,11.21875,10.125,11.28906],"tintindex":0,"rotation":0,"texture":"#0"}}},{"from":[-9.0096245,17.88478,-2.1640167],"to":[1.161375,25.410782,2.442482],"faces":{"east":{"uv":[8.34375,11.34375,8.41406,11.46094],"tintindex":0,"rotation":0,"texture":"#0"},"south":{"uv":[10.125,8.875,10.28125,8.99219],"tintindex":0,"rotation":0,"texture":"#0"},"north":{"uv":[10.0625,6.125,10.21875,6.24219],"tintindex":0,"rotation":0,"texture":"#0"},"west":{"uv":[10.5625,11.34375,10.63281,11.46094],"tintindex":0,"rotation":0,"texture":"#0"},"up":{"uv":[8.9375,11.28906,8.78125,11.21875],"tintindex":0,"rotation":0,"texture":"#0"},"down":{"uv":[11.375,9.625,11.21875,9.69531],"tintindex":0,"rotation":0,"texture":"#0"}}},{"from":[1.152875,-5.9527197,2.4359818],"to":[25.036375,17.923279,26.429985],"faces":{"east":{"uv":[1.78125,1.125,2.15625,1.5],"tintindex":0,"rotation":0,"texture":"#0"},"south":{"uv":[0.0,1.84375,0.375,2.21875],"tintindex":0,"rotation":0,"texture":"#0"},"north":{"uv":[1.78125,0.75,2.15625,1.125],"tintindex":0,"rotation":0,"texture":"#0"},"west":{"uv":[0.375,1.875,0.75,2.25],"tintindex":0,"rotation":0,"texture":"#0"},"up":{"uv":[2.34375,1.875,1.96875,1.5],"tintindex":0,"rotation":0,"texture":"#0"},"down":{"uv":[2.34375,1.875,1.96875,2.25],"tintindex":0,"rotation":0,"texture":"#0"}}},{"from":[1.152875,17.88478,2.4359818],"to":[25.036375,25.410782,26.429985],"faces":{"east":{"uv":[6.0,10.375,6.375,10.49219],"tintindex":0,"rotation":0,"texture":"#0"},"south":{"uv":[8.90625,10.375,9.28125,10.49219],"tintindex":0,"rotation":0,"texture":"#0"},"north":{"uv":[5.625,10.375,6.0,10.49219],"tintindex":0,"rotation":0,"texture":"#0"},"west":{"uv":[10.40625,1.375,10.78125,1.49219],"tintindex":0,"rotation":0,"texture":"#0"},"up":{"uv":[1.96875,2.125,1.59375,1.75],"tintindex":0,"rotation":0,"texture":"#0"},"down":{"uv":[2.15625,0.375,1.78125,0.75],"tintindex":0,"rotation":0,"texture":"#0"}}},{"from":[1.152875,-5.9527197,-2.1640167],"to":[25.036375,17.923279,2.442482],"faces":{"east":{"uv":[2.3125,10.96875,2.38281,11.34375],"tintindex":0,"rotation":0,"texture":"#0"},"south":{"uv":[0.75,2.125,1.125,2.5],"tintindex":0,"rotation":0,"texture":"#0"},"north":{"uv":[2.09375,0.0,2.46875,0.375],"tintindex":0,"rotation":0,"texture":"#0"},"west":{"uv":[10.96875,2.34375,11.03906,2.71875],"tintindex":0,"rotation":0,"texture":"#0"},"up":{"uv":[11.34375,2.78906,10.96875,2.71875],"tintindex":0,"rotation":0,"texture":"#0"},"down":{"uv":[11.34375,2.8125,10.96875,2.88281],"tintindex":0,"rotation":0,"texture":"#0"}}},{"from":[-9.0096245,17.88478,2.4359818],"to":[1.161375,25.410782,26.429985],"faces":{"east":{"uv":[10.25,5.46875,10.625,5.58594],"tintindex":0,"rotation":0,"texture":"#0"},"south":{"uv":[1.84375,11.09375,2.0,11.21094],"tintindex":0,"rotation":0,"texture":"#0"},"north":{"uv":[11.0625,10.5625,11.21875,10.67969],"tintindex":0,"rotation":0,"texture":"#0"},"west":{"uv":[10.375,2.8125,10.75,2.92969],"tintindex":0,"rotation":0,"texture":"#0"},"up":{"uv":[4.65625,10.5,4.5,10.125],"tintindex":0,"rotation":0,"texture":"#0"},"down":{"uv":[4.8125,10.125,4.65625,10.5],"tintindex":0,"rotation":0,"texture":"#0"}}},{"from":[1.152875,17.88478,-2.1640167],"to":[25.036375,25.410782,2.442482],"faces":{"east":{"uv":[10.84375,11.34375,10.91406,11.46094],"tintindex":0,"rotation":0,"texture":"#0"},"south":{"uv":[10.375,5.59375,10.75,5.71094],"tintindex":0,"rotation":0,"texture":"#0"},"north":{"uv":[10.375,2.9375,10.75,3.05469],"tintindex":0,"rotation":0,"texture":"#0"},"west":{"uv":[11.03125,11.34375,11.10156,11.46094],"tintindex":0,"rotation":0,"texture":"#0"},"up":{"uv":[11.25,10.25781,10.875,10.1875],"tintindex":0,"rotation":0,"texture":"#0"},"down":{"uv":[11.34375,2.25,10.96875,2.32031],"tintindex":0,"rotation":0,"texture":"#0"}}},{"from":[-9.0096245,-5.9527197,2.4359818],"to":[1.161375,17.923279,26.429985],"faces":{"east":{"uv":[0.84375,1.75,1.21875,2.125],"tintindex":0,"rotation":0,"texture":"#0"},"south":{"uv":[9.3125,10.125,9.46875,10.5],"tintindex":0,"rotation":0,"texture":"#0"},"north":{"uv":[10.125,8.5,10.28125,8.875],"tintindex":0,"rotation":0,"texture":"#0"},"west":{"uv":[1.21875,1.75,1.59375,2.125],"tintindex":0,"rotation":0,"texture":"#0"},"up":{"uv":[9.625,10.5,9.46875,10.125],"tintindex":0,"rotation":0,"texture":"#0"},"down":{"uv":[9.78125,10.125,9.625,10.5],"tintindex":0,"rotation":0,"texture":"#0"}}}],"display":{"head":{"rotation":[0.0,0.0,0.0]},"firstperson_righthand":{"rotation":[0.0,0.0,0.0]},"thirdperson_lefthand":{"rotation":[0.0,-0.0,-0.0]},"firstperson_lefthand":{"rotation":[0.0,-0.0,-0.0]},"fixed":{"rotation":[0.0,0.0,0.0]},"ground":{"rotation":[0.0,0.0,0.0]},"thirdperson_righthand":{"rotation":[0.0,0.0,0.0]},"gui":{"rotation":[-150.0,-45.0,180.0]}}}