{"textures":{"0":"modelengine:entity/smaug","particle":"#0"},"elements":[{"from":[2.2870002,1.4638767,8.4890995],"to":[13.712999,14.851875,20.329899],"faces":{"east":{"uv":[6.1875,10.5,6.375,10.71094],"tintindex":0,"rotation":0,"texture":"#0"},"south":{"uv":[1.9375,10.625,2.11719,10.83594],"tintindex":0,"rotation":0,"texture":"#0"},"north":{"uv":[8.3125,10.53125,8.49219,10.74219],"tintindex":0,"rotation":0,"texture":"#0"},"west":{"uv":[10.5,7.21875,10.6875,7.42969],"tintindex":0,"rotation":0,"texture":"#0"},"up":{"uv":[5.58594,10.9375,5.40625,10.75],"tintindex":0,"rotation":0,"texture":"#0"},"down":{"uv":[10.92969,5.84375,10.75,6.03125],"tintindex":0,"rotation":0,"texture":"#0"}}},{"from":[7.75,14.513878,8.4890995],"to":[7.75,20.351875,20.329899],"faces":{"east":{"uv":[11.125,2.96875,11.3125,3.0625],"tintindex":0,"rotation":0,"texture":"#0"},"west":{"uv":[11.125,3.0625,11.3125,3.15625],"tintindex":0,"rotation":0,"texture":"#0"}}}],"display":{"head":{"rotation":[0.0,0.0,0.0]},"firstperson_righthand":{"rotation":[0.0,0.0,0.0]},"thirdperson_lefthand":{"rotation":[0.0,-0.0,-0.0]},"firstperson_lefthand":{"rotation":[0.0,-0.0,-0.0]},"fixed":{"rotation":[0.0,0.0,0.0]},"ground":{"rotation":[0.0,0.0,0.0]},"thirdperson_righthand":{"rotation":[0.0,0.0,0.0]},"gui":{"rotation":[-150.0,-45.0,180.0]}}}