{"textures":{"0":"modelengine:entity/smaug","particle":"#0"},"elements":[{"from":[7.75,15.188877,8.489101],"to":[7.75,22.589375,20.329903],"faces":{"east":{"uv":[10.4375,11.0,10.625,11.11719],"tintindex":0,"rotation":0,"texture":"#0"}}},{"from":[2.6244998,2.7263756,8.489101],"to":[13.3755,15.589375,20.329903],"faces":{"east":{"uv":[10.53125,6.90625,10.71875,7.10938],"tintindex":0,"rotation":0,"texture":"#0"},"south":{"uv":[5.21875,10.75,5.39063,10.95313],"tintindex":0,"rotation":0,"texture":"#0"},"north":{"uv":[3.71875,10.75,3.89063,10.95313],"tintindex":0,"rotation":0,"texture":"#0"},"west":{"uv":[8.125,10.53125,8.3125,10.73438],"tintindex":0,"rotation":0,"texture":"#0"},"up":{"uv":[10.95313,2.0625,10.78125,1.875],"tintindex":0,"rotation":0,"texture":"#0"},"down":{"uv":[2.48438,10.78125,2.3125,10.96875],"tintindex":0,"rotation":0,"texture":"#0"}}}],"display":{"head":{"rotation":[0.0,0.0,0.0]},"firstperson_righthand":{"rotation":[0.0,0.0,0.0]},"thirdperson_lefthand":{"rotation":[0.0,-0.0,-0.0]},"firstperson_lefthand":{"rotation":[0.0,-0.0,-0.0]},"fixed":{"rotation":[0.0,0.0,0.0]},"ground":{"rotation":[0.0,0.0,0.0]},"thirdperson_righthand":{"rotation":[0.0,0.0,0.0]},"gui":{"rotation":[-150.0,-45.0,180.0]}}}