{"textures":{"0":"modelengine:entity/smaug","particle":"#0"},"elements":[{"from":[-3.5500002,-1.1062508,10.555],"to":[19.55,20.54375,26.505001],"faces":{"east":{"uv":[9.90625,9.375,10.15625,9.71094],"tintindex":0,"rotation":0,"texture":"#0"},"south":{"uv":[9.375,7.96875,9.73438,8.30469],"tintindex":0,"rotation":0,"texture":"#0"},"north":{"uv":[7.8125,9.375,8.17188,9.71094],"tintindex":0,"rotation":0,"texture":"#0"},"west":{"uv":[9.96875,0.25,10.21875,0.58594],"tintindex":0,"rotation":0,"texture":"#0"},"up":{"uv":[10.17188,10.0,9.8125,9.75],"tintindex":0,"rotation":0,"texture":"#0"},"down":{"uv":[10.26563,0.0,9.90625,0.25],"tintindex":0,"rotation":0,"texture":"#0"}}},{"from":[2.2375002,20.618752,10.555],"to":[13.7625,23.59375,26.505001],"faces":{"east":{"uv":[11.21875,6.5625,11.46875,6.60938],"tintindex":0,"rotation":0,"texture":"#0"},"south":{"uv":[11.34375,5.3125,11.52344,5.35938],"tintindex":0,"rotation":0,"texture":"#0"},"north":{"uv":[11.34375,4.4375,11.52344,4.48438],"tintindex":0,"rotation":0,"texture":"#0"},"west":{"uv":[11.21875,6.625,11.46875,6.67188],"tintindex":0,"rotation":0,"texture":"#0"},"up":{"uv":[1.96094,1.75,1.78125,1.5],"tintindex":0,"rotation":0,"texture":"#0"},"down":{"uv":[2.17969,10.375,2.0,10.625],"tintindex":0,"rotation":0,"texture":"#0"}}}],"display":{"head":{"rotation":[0.0,0.0,0.0]},"firstperson_righthand":{"rotation":[0.0,0.0,0.0]},"thirdperson_lefthand":{"rotation":[0.0,-0.0,-0.0]},"firstperson_lefthand":{"rotation":[0.0,-0.0,-0.0]},"fixed":{"rotation":[0.0,0.0,0.0]},"ground":{"rotation":[0.0,0.0,0.0]},"thirdperson_righthand":{"rotation":[0.0,0.0,0.0]},"gui":{"rotation":[-150.0,-45.0,180.0]}}}