{"textures":{"0":"modelengine:entity/smaug","particle":"#0"},"elements":[{"from":[4.324,4.0527496,7.4782104],"to":[11.676,12.428749,31.15982],"faces":{"east":{"uv":[10.34375,8.28125,10.53125,8.34375],"tintindex":0,"rotation":0,"texture":"#0"},"south":{"uv":[7.59375,11.4375,7.64844,11.5],"tintindex":0,"rotation":0,"texture":"#0"},"north":{"uv":[7.53125,11.4375,7.58594,11.5],"tintindex":0,"rotation":0,"texture":"#0"},"west":{"uv":[10.78125,3.71875,10.96875,3.78125],"tintindex":0,"rotation":0,"texture":"#0"},"up":{"uv":[6.02344,11.375,5.96875,11.1875],"tintindex":0,"rotation":0,"texture":"#0"},"down":{"uv":[6.27344,11.1875,6.21875,11.375],"tintindex":0,"rotation":0,"texture":"#0"}}},{"from":[7.40686,11.346596,7.097473],"to":[7.40686,21.247597,30.779083],"faces":{"east":{"uv":[4.6875,11.1875,4.875,11.26563],"tintindex":0,"rotation":0,"texture":"#0"},"west":{"uv":[5.6875,11.1875,5.875,11.26563],"tintindex":0,"rotation":0,"texture":"#0"}}}],"display":{"head":{"rotation":[0.0,0.0,0.0]},"firstperson_righthand":{"rotation":[0.0,0.0,0.0]},"thirdperson_lefthand":{"rotation":[0.0,-0.0,-0.0]},"firstperson_lefthand":{"rotation":[0.0,-0.0,-0.0]},"fixed":{"rotation":[0.0,0.0,0.0]},"ground":{"rotation":[0.0,0.0,0.0]},"thirdperson_righthand":{"rotation":[0.0,0.0,0.0]},"gui":{"rotation":[-150.0,-45.0,180.0]}}}