{"textures":{"0":"modelengine:entity/smaug","particle":"#0"},"elements":[{"from":[1.4194999,20.657753,6.9532013],"to":[14.5805,25.331757,30.6348],"faces":{"east":{"uv":[7.75,11.375,7.9375,11.41406],"tintindex":0,"rotation":0,"texture":"#0"},"south":{"uv":[11.4375,5.75,11.53906,5.78906],"tintindex":0,"rotation":0,"texture":"#0"},"north":{"uv":[11.4375,5.6875,11.53906,5.72656],"tintindex":0,"rotation":0,"texture":"#0"},"west":{"uv":[11.375,8.9375,11.5625,8.97656],"tintindex":0,"rotation":0,"texture":"#0"},"up":{"uv":[11.13281,11.25,11.03125,11.0625],"tintindex":0,"rotation":0,"texture":"#0"},"down":{"uv":[0.69531,11.09375,0.59375,11.28125],"tintindex":0,"rotation":0,"texture":"#0"}}},{"from":[-5.776,-4.747246,6.9532013],"to":[21.776001,22.353752,30.6348],"faces":{"east":{"uv":[5.8125,10.5,6.0,10.71094],"tintindex":0,"rotation":0,"texture":"#0"},"south":{"uv":[1.78125,10.375,2.0,10.58594],"tintindex":0,"rotation":0,"texture":"#0"},"north":{"uv":[1.5625,10.375,1.78125,10.58594],"tintindex":0,"rotation":0,"texture":"#0"},"west":{"uv":[6.0,10.5,6.1875,10.71094],"tintindex":0,"rotation":0,"texture":"#0"},"up":{"uv":[3.78125,10.625,3.5625,10.4375],"tintindex":0,"rotation":0,"texture":"#0"},"down":{"uv":[4.0,10.4375,3.78125,10.625],"tintindex":0,"rotation":0,"texture":"#0"}}}],"display":{"head":{"rotation":[0.0,0.0,0.0]},"firstperson_righthand":{"rotation":[0.0,0.0,0.0]},"thirdperson_lefthand":{"rotation":[0.0,-0.0,-0.0]},"firstperson_lefthand":{"rotation":[0.0,-0.0,-0.0]},"fixed":{"rotation":[0.0,0.0,0.0]},"ground":{"rotation":[0.0,0.0,0.0]},"thirdperson_righthand":{"rotation":[0.0,0.0,0.0]},"gui":{"rotation":[-150.0,-45.0,180.0]}}}