{"textures":{"0":"modelengine:entity/smaug","particle":"#0"},"elements":[{"from":[-1.8760004,-1.5972481,8.103203],"to":[17.876,20.528755,31.784805],"faces":{"east":{"uv":[10.78125,3.53125,10.96875,3.70313],"tintindex":0,"rotation":0,"texture":"#0"},"south":{"uv":[10.96875,0.125,11.125,0.29688],"tintindex":0,"rotation":0,"texture":"#0"},"north":{"uv":[10.875,10.9375,11.03125,11.10938],"tintindex":0,"rotation":0,"texture":"#0"},"west":{"uv":[9.0625,10.78125,9.25,10.95313],"tintindex":0,"rotation":0,"texture":"#0"},"up":{"uv":[6.375,11.03125,6.21875,10.84375],"tintindex":0,"rotation":0,"texture":"#0"},"down":{"uv":[11.0625,0.9375,10.90625,1.125],"tintindex":0,"rotation":0,"texture":"#0"}}},{"from":[7.5,20.027756,8.103203],"to":[7.5,28.753754,31.784805],"faces":{"east":{"uv":[11.21875,1.875,11.40625,1.94531],"tintindex":0,"rotation":0,"texture":"#0"}}}],"display":{"head":{"rotation":[0.0,0.0,0.0]},"firstperson_righthand":{"rotation":[0.0,0.0,0.0]},"thirdperson_lefthand":{"rotation":[0.0,-0.0,-0.0]},"firstperson_lefthand":{"rotation":[0.0,-0.0,-0.0]},"fixed":{"rotation":[0.0,0.0,0.0]},"ground":{"rotation":[0.0,0.0,0.0]},"thirdperson_righthand":{"rotation":[0.0,0.0,0.0]},"gui":{"rotation":[-150.0,-45.0,180.0]}}}