{"textures":{"0":"modelengine:entity/smaug","particle":"#0"},"elements":[{"from":[9.8375,17.89375,-7.9611435],"to":[30.1375,22.35625,-4.2611465],"faces":{"east":{"uv":[6.5625,11.4375,6.61719,11.50781],"tintindex":0,"rotation":0,"texture":"#0"},"south":{"uv":[11.0,8.1875,11.32031,8.25781],"tintindex":0,"rotation":0,"texture":"#0"},"north":{"uv":[11.0,5.3125,11.32031,5.38281],"tintindex":0,"rotation":0,"texture":"#0"},"west":{"uv":[6.625,11.4375,6.67969,11.50781],"tintindex":0,"rotation":0,"texture":"#0"},"up":{"uv":[6.00781,11.17969,5.6875,11.125],"tintindex":0,"rotation":0,"texture":"#0"},"down":{"uv":[11.44531,5.8125,11.125,5.86719],"tintindex":0,"rotation":0,"texture":"#0"}},"rotation":{"origin":[8.0,8.5625,3.4451065],"angle":-22.5,"axis":"x"}},{"from":[6.1375,-6.2459908,-5.039009],"to":[30.1375,17.75401,18.89849],"faces":{"east":{"uv":[2.71875,1.875,3.09375,2.25],"tintindex":0,"rotation":0,"texture":"#0"},"south":{"uv":[2.84375,0.0,3.21875,0.375],"tintindex":0,"rotation":0,"texture":"#0"},"north":{"uv":[2.71875,1.5,3.09375,1.875],"tintindex":0,"rotation":0,"texture":"#0"},"west":{"uv":[0.75,2.875,1.125,3.25],"tintindex":0,"rotation":0,"texture":"#0"},"up":{"uv":[1.5,3.25,1.125,2.875],"tintindex":0,"rotation":0,"texture":"#0"},"down":{"uv":[1.875,2.875,1.5,3.25],"tintindex":0,"rotation":0,"texture":"#0"}},"rotation":{"origin":[0.0,10.410259,2.679741],"angle":-22.5,"axis":"x"}},{"from":[-14.137501,-6.09375,-4.2736435],"to":[9.8625,17.90625,19.663855],"faces":{"east":{"uv":[0.375,2.625,0.75,3.0],"tintindex":0,"rotation":0,"texture":"#0"},"south":{"uv":[1.875,2.625,2.25,3.0],"tintindex":0,"rotation":0,"texture":"#0"},"north":{"uv":[0.0,2.59375,0.375,2.96875],"tintindex":0,"rotation":0,"texture":"#0"},"west":{"uv":[2.25,2.625,2.625,3.0],"tintindex":0,"rotation":0,"texture":"#0"},"up":{"uv":[3.0,2.625,2.625,2.25],"tintindex":0,"rotation":0,"texture":"#0"},"down":{"uv":[3.0,2.625,2.625,3.0],"tintindex":0,"rotation":0,"texture":"#0"}},"rotation":{"origin":[8.0,8.5625,3.4451065],"angle":-22.5,"axis":"x"}},{"from":[-14.137501,-6.09375,-7.9611435],"to":[9.8625,17.90625,-4.2611465],"faces":{"east":{"uv":[8.1875,11.03125,8.24219,11.40625],"tintindex":0,"rotation":0,"texture":"#0"},"south":{"uv":[1.875,3.0,2.25,3.375],"tintindex":0,"rotation":0,"texture":"#0"},"north":{"uv":[0.375,3.0,0.75,3.375],"tintindex":0,"rotation":0,"texture":"#0"},"west":{"uv":[8.9375,11.03125,8.99219,11.40625],"tintindex":0,"rotation":0,"texture":"#0"},"up":{"uv":[11.4375,0.58594,11.0625,0.53125],"tintindex":0,"rotation":0,"texture":"#0"},"down":{"uv":[11.4375,0.59375,11.0625,0.64844],"tintindex":0,"rotation":0,"texture":"#0"}},"rotation":{"origin":[8.0,8.5625,3.4451065],"angle":-22.5,"axis":"x"}},{"from":[6.1375,17.89375,-4.2736435],"to":[30.1375,22.35625,19.663855],"faces":{"east":{"uv":[10.96875,4.1875,11.34375,4.25781],"tintindex":0,"rotation":0,"texture":"#0"},"south":{"uv":[10.96875,4.28125,11.34375,4.35156],"tintindex":0,"rotation":0,"texture":"#0"},"north":{"uv":[10.96875,4.09375,11.34375,4.16406],"tintindex":0,"rotation":0,"texture":"#0"},"west":{"uv":[10.96875,4.375,11.34375,4.44531],"tintindex":0,"rotation":0,"texture":"#0"},"up":{"uv":[3.28125,1.5,2.90625,1.125],"tintindex":0,"rotation":0,"texture":"#0"},"down":{"uv":[0.375,2.96875,0.0,3.34375],"tintindex":0,"rotation":0,"texture":"#0"}},"rotation":{"origin":[7.6,8.5625,3.4451065],"angle":-22.5,"axis":"x"}},{"from":[9.8375,-6.09375,-7.9611435],"to":[30.1375,17.90625,-4.2611465],"faces":{"east":{"uv":[6.28125,11.03125,6.33594,11.40625],"tintindex":0,"rotation":0,"texture":"#0"},"south":{"uv":[9.375,9.0,9.69531,9.375],"tintindex":0,"rotation":0,"texture":"#0"},"north":{"uv":[8.9375,9.375,9.25781,9.75],"tintindex":0,"rotation":0,"texture":"#0"},"west":{"uv":[6.875,11.03125,6.92969,11.40625],"tintindex":0,"rotation":0,"texture":"#0"},"up":{"uv":[11.44531,5.92969,11.125,5.875],"tintindex":0,"rotation":0,"texture":"#0"},"down":{"uv":[11.44531,5.9375,11.125,5.99219],"tintindex":0,"rotation":0,"texture":"#0"}},"rotation":{"origin":[8.0,8.5625,3.4451065],"angle":-22.5,"axis":"x"}},{"from":[-14.137501,17.89375,-7.9611435],"to":[9.8625,22.35625,-4.2611465],"faces":{"east":{"uv":[6.90625,11.4375,6.96094,11.50781],"tintindex":0,"rotation":0,"texture":"#0"},"south":{"uv":[10.96875,3.625,11.34375,3.69531],"tintindex":0,"rotation":0,"texture":"#0"},"north":{"uv":[10.96875,3.53125,11.34375,3.60156],"tintindex":0,"rotation":0,"texture":"#0"},"west":{"uv":[6.96875,11.4375,7.02344,11.50781],"tintindex":0,"rotation":0,"texture":"#0"},"up":{"uv":[11.40625,10.99219,11.03125,10.9375],"tintindex":0,"rotation":0,"texture":"#0"},"down":{"uv":[11.40625,11.0,11.03125,11.05469],"tintindex":0,"rotation":0,"texture":"#0"}},"rotation":{"origin":[8.0,8.5625,3.4451065],"angle":-22.5,"axis":"x"}},{"from":[-14.137501,17.89375,-4.2736435],"to":[9.8625,22.35625,19.663855],"faces":{"east":{"uv":[10.96875,3.8125,11.34375,3.88281],"tintindex":0,"rotation":0,"texture":"#0"},"south":{"uv":[10.96875,3.90625,11.34375,3.97656],"tintindex":0,"rotation":0,"texture":"#0"},"north":{"uv":[10.96875,3.71875,11.34375,3.78906],"tintindex":0,"rotation":0,"texture":"#0"},"west":{"uv":[10.96875,4.0,11.34375,4.07031],"tintindex":0,"rotation":0,"texture":"#0"},"up":{"uv":[3.28125,0.75,2.90625,0.375],"tintindex":0,"rotation":0,"texture":"#0"},"down":{"uv":[3.28125,0.75,2.90625,1.125],"tintindex":0,"rotation":0,"texture":"#0"}},"rotation":{"origin":[8.0,8.5625,3.4451065],"angle":-22.5,"axis":"x"}}],"display":{"head":{"rotation":[0.0,0.0,0.0]},"firstperson_righthand":{"rotation":[0.0,0.0,0.0]},"thirdperson_lefthand":{"rotation":[0.0,-0.0,-0.0]},"firstperson_lefthand":{"rotation":[0.0,-0.0,-0.0]},"fixed":{"rotation":[0.0,0.0,0.0]},"ground":{"rotation":[0.0,0.0,0.0]},"thirdperson_righthand":{"rotation":[0.0,0.0,0.0]},"gui":{"rotation":[-150.0,-45.0,180.0]}}}