{"textures":{"0":"modelengine:entity/smaug","particle":"#0"},"elements":[{"from":[6.487,6.4138756,8.201599],"to":[9.5130005,9.826874,20.042404],"faces":{"east":{"uv":[11.3125,0.25,11.5,0.30469],"tintindex":0,"rotation":0,"texture":"#0"},"south":{"uv":[0.0,11.46875,0.04688,11.52344],"tintindex":0,"rotation":0,"texture":"#0"},"north":{"uv":[11.3125,11.4375,11.35938,11.49219],"tintindex":0,"rotation":0,"texture":"#0"},"west":{"uv":[11.3125,0.4375,11.5,0.49219],"tintindex":0,"rotation":0,"texture":"#0"},"up":{"uv":[5.14063,11.5,5.09375,11.3125],"tintindex":0,"rotation":0,"texture":"#0"},"down":{"uv":[5.67188,11.3125,5.625,11.5],"tintindex":0,"rotation":0,"texture":"#0"}}},{"from":[7.32369,9.3762245,11.593918],"to":[7.32369,14.6142235,20.00972],"faces":{"west":{"uv":[11.1875,11.25,11.32031,11.32813],"tintindex":0,"rotation":0,"texture":"#0"}}}],"display":{"head":{"rotation":[0.0,0.0,0.0]},"firstperson_righthand":{"rotation":[0.0,0.0,0.0]},"thirdperson_lefthand":{"rotation":[0.0,-0.0,-0.0]},"firstperson_lefthand":{"rotation":[0.0,-0.0,-0.0]},"fixed":{"rotation":[0.0,0.0,0.0]},"ground":{"rotation":[0.0,0.0,0.0]},"thirdperson_righthand":{"rotation":[0.0,0.0,0.0]},"gui":{"rotation":[-150.0,-45.0,180.0]}}}