{"textures":{"0":"modelengine:entity/smaug","particle":"#0"},"elements":[{"from":[7.75,14.301376,8.126602],"to":[7.75,20.739376,19.967403],"faces":{"east":{"uv":[11.0625,5.6875,11.25,5.78906],"tintindex":0,"rotation":0,"texture":"#0"}}},{"from":[2.8744998,2.5888767,8.126602],"to":[13.1255,14.626877,19.967403],"faces":{"east":{"uv":[7.9375,10.6875,8.125,10.875],"tintindex":0,"rotation":0,"texture":"#0"},"south":{"uv":[10.21875,10.8125,10.38281,11.0],"tintindex":0,"rotation":0,"texture":"#0"},"north":{"uv":[10.03125,10.8125,10.19531,11.0],"tintindex":0,"rotation":0,"texture":"#0"},"west":{"uv":[10.71875,8.9375,10.90625,9.125],"tintindex":0,"rotation":0,"texture":"#0"},"up":{"uv":[10.57031,11.0,10.40625,10.8125],"tintindex":0,"rotation":0,"texture":"#0"},"down":{"uv":[10.75781,10.8125,10.59375,11.0],"tintindex":0,"rotation":0,"texture":"#0"}}}],"display":{"head":{"rotation":[0.0,0.0,0.0]},"firstperson_righthand":{"rotation":[0.0,0.0,0.0]},"thirdperson_lefthand":{"rotation":[0.0,-0.0,-0.0]},"firstperson_lefthand":{"rotation":[0.0,-0.0,-0.0]},"fixed":{"rotation":[0.0,0.0,0.0]},"ground":{"rotation":[0.0,0.0,0.0]},"thirdperson_righthand":{"rotation":[0.0,0.0,0.0]},"gui":{"rotation":[-150.0,-45.0,180.0]}}}