{"textures":{"0":"modelengine:entity/smaug","particle":"#0"},"elements":[{"from":[7.96396,15.05275,7.7532043],"to":[7.96396,26.42875,31.434814],"faces":{"east":{"uv":[11.15625,7.6875,11.34375,7.77344],"tintindex":0,"rotation":0,"texture":"#0"}}},{"from":[1.2740002,0.6277466,7.7532043],"to":[14.726,16.403748,31.434814],"faces":{"east":{"uv":[1.6875,9.625,1.875,9.75],"tintindex":0,"rotation":0,"texture":"#0"},"south":{"uv":[3.21875,11.21875,3.32031,11.34375],"tintindex":0,"rotation":0,"texture":"#0"},"north":{"uv":[2.71875,11.21875,2.82031,11.34375],"tintindex":0,"rotation":0,"texture":"#0"},"west":{"uv":[10.96875,10.28125,11.15625,10.40625],"tintindex":0,"rotation":0,"texture":"#0"},"up":{"uv":[11.19531,1.40625,11.09375,1.21875],"tintindex":0,"rotation":0,"texture":"#0"},"down":{"uv":[1.66406,11.09375,1.5625,11.28125],"tintindex":0,"rotation":0,"texture":"#0"}}}],"display":{"head":{"rotation":[0.0,0.0,0.0]},"firstperson_righthand":{"rotation":[0.0,0.0,0.0]},"thirdperson_lefthand":{"rotation":[0.0,-0.0,-0.0]},"firstperson_lefthand":{"rotation":[0.0,-0.0,-0.0]},"fixed":{"rotation":[0.0,0.0,0.0]},"ground":{"rotation":[0.0,0.0,0.0]},"thirdperson_righthand":{"rotation":[0.0,0.0,0.0]},"gui":{"rotation":[-150.0,-45.0,180.0]}}}