{"textures":{"0":"modelengine:entity/smaug","particle":"#0"},"elements":[{"from":[0.7490001,-0.4722519,8.028198],"to":[15.251,16.253754,31.709808],"faces":{"east":{"uv":[10.96875,7.5,11.15625,7.63281],"tintindex":0,"rotation":0,"texture":"#0"},"south":{"uv":[9.125,11.15625,9.24219,11.28906],"tintindex":0,"rotation":0,"texture":"#0"},"north":{"uv":[9.0,11.15625,9.11719,11.28906],"tintindex":0,"rotation":0,"texture":"#0"},"west":{"uv":[10.96875,8.03125,11.15625,8.16406],"tintindex":0,"rotation":0,"texture":"#0"},"up":{"uv":[10.74219,11.1875,10.625,11.0],"tintindex":0,"rotation":0,"texture":"#0"},"down":{"uv":[11.14844,1.46875,11.03125,1.65625],"tintindex":0,"rotation":0,"texture":"#0"}}},{"from":[7.96396,14.377747,8.028198],"to":[7.96396,22.353752,31.709808],"faces":{"east":{"uv":[10.34375,6.90625,10.53125,6.96875],"tintindex":0,"rotation":0,"texture":"#0"}}}],"display":{"head":{"rotation":[0.0,0.0,0.0]},"firstperson_righthand":{"rotation":[0.0,0.0,0.0]},"thirdperson_lefthand":{"rotation":[0.0,-0.0,-0.0]},"firstperson_lefthand":{"rotation":[0.0,-0.0,-0.0]},"fixed":{"rotation":[0.0,0.0,0.0]},"ground":{"rotation":[0.0,0.0,0.0]},"thirdperson_righthand":{"rotation":[0.0,0.0,0.0]},"gui":{"rotation":[-150.0,-45.0,180.0]}}}