{"textures":{"0":"modelengine:entity/smaug","particle":"#0"},"elements":[{"from":[-0.39999962,2.1937485,8.755],"to":[16.4,18.71875,23.195],"faces":{"east":{"uv":[10.21875,10.15625,10.44531,10.41406],"tintindex":0,"rotation":0,"texture":"#0"},"south":{"uv":[10.03125,7.25,10.29688,7.50781],"tintindex":0,"rotation":0,"texture":"#0"},"north":{"uv":[10.03125,6.96875,10.29688,7.22656],"tintindex":0,"rotation":0,"texture":"#0"},"west":{"uv":[10.25,3.25,10.47656,3.50781],"tintindex":0,"rotation":0,"texture":"#0"},"up":{"uv":[1.89063,10.35156,1.625,10.125],"tintindex":0,"rotation":0,"texture":"#0"},"down":{"uv":[2.17188,10.125,1.90625,10.35156],"tintindex":0,"rotation":0,"texture":"#0"}}},{"from":[3.9875002,17.85625,8.755],"to":[12.0125,20.70625,23.195],"faces":{"east":{"uv":[11.25,2.65625,11.47656,2.70313],"tintindex":0,"rotation":0,"texture":"#0"},"south":{"uv":[2.9375,11.40625,3.0625,11.45313],"tintindex":0,"rotation":0,"texture":"#0"},"north":{"uv":[11.40625,1.875,11.53125,1.92188],"tintindex":0,"rotation":0,"texture":"#0"},"west":{"uv":[11.25,8.78125,11.47656,8.82813],"tintindex":0,"rotation":0,"texture":"#0"},"up":{"uv":[0.75,9.97656,0.625,9.75],"tintindex":0,"rotation":0,"texture":"#0"},"down":{"uv":[0.75,10.84375,0.625,11.07031],"tintindex":0,"rotation":0,"texture":"#0"}}}],"display":{"head":{"rotation":[0.0,0.0,0.0]},"firstperson_righthand":{"rotation":[0.0,0.0,0.0]},"thirdperson_lefthand":{"rotation":[0.0,-0.0,-0.0]},"firstperson_lefthand":{"rotation":[0.0,-0.0,-0.0]},"fixed":{"rotation":[0.0,0.0,0.0]},"ground":{"rotation":[0.0,0.0,0.0]},"thirdperson_righthand":{"rotation":[0.0,0.0,0.0]},"gui":{"rotation":[-150.0,-45.0,180.0]}}}