{"textures":{"0":"modelengine:entity/smaug","particle":"#0"},"elements":[{"from":[11.083334,6.304166,9.662501],"to":[16.066668,13.929167,11.6708355],"faces":{"east":{"uv":[7.28125,11.34375,7.32813,11.52344],"tintindex":0,"rotation":0,"texture":"#0"},"south":{"uv":[8.8125,11.03125,8.92969,11.21094],"tintindex":0,"rotation":0,"texture":"#0"},"north":{"uv":[8.6875,11.03125,8.80469,11.21094],"tintindex":0,"rotation":0,"texture":"#0"},"west":{"uv":[11.34375,7.5,11.39063,7.67969],"tintindex":0,"rotation":0,"texture":"#0"},"up":{"uv":[11.52344,4.79688,11.40625,4.75],"tintindex":0,"rotation":0,"texture":"#0"},"down":{"uv":[11.52344,4.8125,11.40625,4.85938],"tintindex":0,"rotation":0,"texture":"#0"}},"rotation":{"origin":[12.55,13.079165,2.6625009],"angle":45.0,"axis":"z"}},{"from":[11.083334,6.304166,-6.345833],"to":[16.066668,13.929167,9.654167],"faces":{"east":{"uv":[10.03125,7.71875,10.40625,7.89844],"tintindex":0,"rotation":0,"texture":"#0"},"south":{"uv":[8.0625,11.03125,8.17969,11.21094],"tintindex":0,"rotation":0,"texture":"#0"},"north":{"uv":[7.9375,11.03125,8.05469,11.21094],"tintindex":0,"rotation":0,"texture":"#0"},"west":{"uv":[10.03125,9.0,10.40625,9.17969],"tintindex":0,"rotation":0,"texture":"#0"},"up":{"uv":[5.49219,10.75,5.375,10.375],"tintindex":0,"rotation":0,"texture":"#0"},"down":{"uv":[5.61719,10.375,5.5,10.75],"tintindex":0,"rotation":0,"texture":"#0"}},"rotation":{"origin":[12.55,13.079165,2.6625009],"angle":45.0,"axis":"z"}},{"from":[4.4416666,17.104168,-2.3208342],"to":[11.558333,19.279167,8.245834],"faces":{"east":{"uv":[11.1875,8.53125,11.4375,8.58594],"tintindex":0,"rotation":0,"texture":"#0"},"south":{"uv":[11.34375,3.53125,11.50781,3.58594],"tintindex":0,"rotation":0,"texture":"#0"},"north":{"uv":[11.34375,2.84375,11.50781,2.89844],"tintindex":0,"rotation":0,"texture":"#0"},"west":{"uv":[11.1875,8.59375,11.4375,8.64844],"tintindex":0,"rotation":0,"texture":"#0"},"up":{"uv":[3.13281,10.6875,2.96875,10.4375],"tintindex":0,"rotation":0,"texture":"#0"},"down":{"uv":[3.32031,10.4375,3.15625,10.6875],"tintindex":0,"rotation":0,"texture":"#0"}}},{"from":[-0.40000057,6.304166,-6.345833],"to":[4.583333,13.929167,9.654167],"faces":{"east":{"uv":[10.03125,4.65625,10.40625,4.83594],"tintindex":0,"rotation":0,"texture":"#0"},"south":{"uv":[7.8125,11.03125,7.92969,11.21094],"tintindex":0,"rotation":0,"texture":"#0"},"north":{"uv":[5.03125,11.03125,5.14844,11.21094],"tintindex":0,"rotation":0,"texture":"#0"},"west":{"uv":[10.03125,7.53125,10.40625,7.71094],"tintindex":0,"rotation":0,"texture":"#0"},"up":{"uv":[4.49219,10.65625,4.375,10.28125],"tintindex":0,"rotation":0,"texture":"#0"},"down":{"uv":[5.36719,10.375,5.25,10.75],"tintindex":0,"rotation":0,"texture":"#0"}},"rotation":{"origin":[3.1166668,13.079165,2.6625009],"angle":-45.0,"axis":"z"}},{"from":[-4.5,8.4958315,-0.95416546],"to":[20.5,11.045833,15.0458355],"faces":{"east":{"uv":[10.6875,7.375,11.0625,7.4375],"tintindex":0,"rotation":0,"texture":"#0"},"south":{"uv":[10.5,7.4375,11.08594,7.5],"tintindex":0,"rotation":0,"texture":"#0"},"north":{"uv":[10.5,3.46875,11.08594,3.53125],"tintindex":0,"rotation":0,"texture":"#0"},"west":{"uv":[10.71875,4.78125,11.09375,4.84375],"tintindex":0,"rotation":0,"texture":"#0"},"up":{"uv":[0.58594,1.125,0.0,0.75],"tintindex":0,"rotation":0,"texture":"#0"},"down":{"uv":[1.17969,0.75,0.59375,1.125],"tintindex":0,"rotation":0,"texture":"#0"}}},{"from":[4.205083,17.548565,2.2208328],"to":[4.205083,21.965229,15.870834],"faces":{"west":{"uv":[10.71875,10.5625,11.03906,10.66406],"tintindex":0,"rotation":0,"texture":"#0"}},"rotation":{"origin":[7.6666665,9.333333,12.333334],"angle":22.5,"axis":"z"}},{"from":[1.3083329,8.579165,-5.2125015],"to":[14.691668,17.579166,10.537501],"faces":{"east":{"uv":[10.03125,1.46875,10.39844,1.67969],"tintindex":0,"rotation":0,"texture":"#0"},"south":{"uv":[10.0625,5.59375,10.375,5.80469],"tintindex":0,"rotation":0,"texture":"#0"},"north":{"uv":[10.0625,2.3125,10.375,2.52344],"tintindex":0,"rotation":0,"texture":"#0"},"west":{"uv":[10.03125,1.6875,10.39844,1.89844],"tintindex":0,"rotation":0,"texture":"#0"},"up":{"uv":[7.375,10.08594,7.0625,9.71875],"tintindex":0,"rotation":0,"texture":"#0"},"down":{"uv":[7.6875,9.71875,7.375,10.08594],"tintindex":0,"rotation":0,"texture":"#0"}}},{"from":[0.6749997,8.579165,0.31250238],"to":[15.325001,16.379166,16.25417],"faces":{"east":{"uv":[10.03125,9.1875,10.40625,9.36719],"tintindex":0,"rotation":0,"texture":"#0"},"south":{"uv":[6.875,10.09375,7.21875,10.27344],"tintindex":0,"rotation":0,"texture":"#0"},"north":{"uv":[6.53125,10.09375,6.875,10.27344],"tintindex":0,"rotation":0,"texture":"#0"},"west":{"uv":[10.0625,2.125,10.4375,2.30469],"tintindex":0,"rotation":0,"texture":"#0"},"up":{"uv":[9.71875,4.5,9.375,4.125],"tintindex":0,"rotation":0,"texture":"#0"},"down":{"uv":[4.84375,9.375,4.5,9.75],"tintindex":0,"rotation":0,"texture":"#0"}}},{"from":[7.8333335,10.529167,2.2208328],"to":[7.8333335,26.579166,24.8875],"faces":{"east":{"uv":[1.1875,0.0,1.71875,0.375],"tintindex":0,"rotation":0,"texture":"#0"}}},{"from":[-4.5,-7.4291677,-0.95416546],"to":[20.5,8.4958315,15.0458355],"faces":{"east":{"uv":[0.46875,1.5,0.84375,1.875],"tintindex":0,"rotation":0,"texture":"#0"},"south":{"uv":[0.0,0.375,0.58594,0.75],"tintindex":0,"rotation":0,"texture":"#0"},"north":{"uv":[0.0,0.0,0.58594,0.375],"tintindex":0,"rotation":0,"texture":"#0"},"west":{"uv":[1.71875,0.0,2.09375,0.375],"tintindex":0,"rotation":0,"texture":"#0"},"up":{"uv":[1.17969,0.375,0.59375,0.0],"tintindex":0,"rotation":0,"texture":"#0"},"down":{"uv":[1.17969,0.375,0.59375,0.75],"tintindex":0,"rotation":0,"texture":"#0"}}},{"from":[-0.40000057,6.304166,9.662501],"to":[4.583333,13.929167,11.6708355],"faces":{"east":{"uv":[8.875,11.3125,8.92188,11.49219],"tintindex":0,"rotation":0,"texture":"#0"},"south":{"uv":[8.5625,11.03125,8.67969,11.21094],"tintindex":0,"rotation":0,"texture":"#0"},"north":{"uv":[8.4375,11.03125,8.55469,11.21094],"tintindex":0,"rotation":0,"texture":"#0"},"west":{"uv":[11.34375,6.8125,11.39063,6.99219],"tintindex":0,"rotation":0,"texture":"#0"},"up":{"uv":[4.80469,11.45313,4.6875,11.40625],"tintindex":0,"rotation":0,"texture":"#0"},"down":{"uv":[11.52344,4.6875,11.40625,4.73438],"tintindex":0,"rotation":0,"texture":"#0"}},"rotation":{"origin":[3.1166668,13.079165,2.6625009],"angle":-45.0,"axis":"z"}},{"from":[1.5166664,8.579165,5.7291665],"to":[14.483334,14.570834,21.595833],"faces":{"east":{"uv":[10.25,4.84375,10.625,4.98438],"tintindex":0,"rotation":0,"texture":"#0"},"south":{"uv":[10.40625,4.6875,10.71094,4.82813],"tintindex":0,"rotation":0,"texture":"#0"},"north":{"uv":[10.40625,4.53125,10.71094,4.67188],"tintindex":0,"rotation":0,"texture":"#0"},"west":{"uv":[10.25,5.0,10.625,5.14063],"tintindex":0,"rotation":0,"texture":"#0"},"up":{"uv":[7.99219,10.09375,7.6875,9.71875],"tintindex":0,"rotation":0,"texture":"#0"},"down":{"uv":[8.30469,9.71875,8.0,10.09375],"tintindex":0,"rotation":0,"texture":"#0"}}},{"from":[11.334024,17.52319,2.2208328],"to":[11.334024,21.939857,15.870834],"faces":{"east":{"uv":[10.71875,9.125,11.03906,9.22656],"tintindex":0,"rotation":0,"texture":"#0"}},"rotation":{"origin":[8.0,9.0,9.333333],"angle":-22.5,"axis":"z"}}],"display":{"head":{"rotation":[0.0,0.0,0.0]},"firstperson_righthand":{"rotation":[0.0,0.0,0.0]},"thirdperson_lefthand":{"rotation":[0.0,-0.0,-0.0]},"firstperson_lefthand":{"rotation":[0.0,-0.0,-0.0]},"fixed":{"rotation":[0.0,0.0,0.0]},"ground":{"rotation":[0.0,0.0,0.0]},"thirdperson_righthand":{"rotation":[0.0,0.0,0.0]},"gui":{"rotation":[-150.0,-45.0,180.0]}}}