{"textures":{"0":"modelengine:entity/30365c1e-7b48-3ffb-a9aa-4c7d96861ff0","particle":"#0"},"elements":[{"from":[11.21559,24.865517,11.42786],"to":[12.36879,28.325119,12.58106],"faces":{"east":{"uv":[10.504,4.504,10.5625,4.6875],"tintindex":0,"rotation":0,"texture":"#0"},"south":{"uv":[4.629,10.504,4.6875,10.6875],"tintindex":0,"rotation":0,"texture":"#0"},"north":{"uv":[4.504,10.504,4.5625,10.6875],"tintindex":0,"rotation":0,"texture":"#0"},"west":{"uv":[4.754,10.504,4.8125,10.6875],"tintindex":0,"rotation":0,"texture":"#0"},"up":{"uv":[10.5625,10.1875,10.504,10.129],"tintindex":0,"rotation":0,"texture":"#0"},"down":{"uv":[10.3125,10.504,10.254,10.5625],"tintindex":0,"rotation":0,"texture":"#0"}},"rotation":{"origin":[11.21559,24.865517,11.42786],"angle":22.5,"axis":"x"}},{"from":[9.48579,22.55912,10.85126],"to":[11.792191,26.018715,13.15766],"faces":{"east":{"uv":[10.254,1.504,10.371,1.6875],"tintindex":0,"rotation":0,"texture":"#0"},"south":{"uv":[10.254,1.754,10.371,1.9375],"tintindex":0,"rotation":0,"texture":"#0"},"north":{"uv":[1.129,10.254,1.246,10.4375],"tintindex":0,"rotation":0,"texture":"#0"},"west":{"uv":[10.254,2.004,10.371,2.1875],"tintindex":0,"rotation":0,"texture":"#0"},"up":{"uv":[10.496,5.746,10.379,5.629],"tintindex":0,"rotation":0,"texture":"#0"},"down":{"uv":[10.496,5.754,10.379,5.871],"tintindex":0,"rotation":0,"texture":"#0"}},"rotation":{"origin":[9.48579,22.55912,10.85126],"angle":-22.5,"axis":"z"}},{"from":[4.29639,15.063316,-0.10414028],"to":[13.52199,19.676117,7.96826],"faces":{"east":{"uv":[8.254,6.004,8.6875,6.246],"tintindex":0,"rotation":0,"texture":"#0"},"south":{"uv":[7.879,7.004,8.371,7.246],"tintindex":0,"rotation":0,"texture":"#0"},"north":{"uv":[6.379,1.629,6.871,1.871],"tintindex":0,"rotation":0,"texture":"#0"},"west":{"uv":[9.254,7.504,9.6875,7.746],"tintindex":0,"rotation":0,"texture":"#0"},"up":{"uv":[4.746,3.1875,4.254,2.754],"tintindex":0,"rotation":0,"texture":"#0"},"down":{"uv":[9.246,7.629,8.754,8.0625],"tintindex":0,"rotation":0,"texture":"#0"}}},{"from":[16.404991,12.75692,4.50866],"to":[21.01779,15.639915,6.8150597],"faces":{"east":{"uv":[10.254,3.254,10.371,3.4375],"tintindex":0,"rotation":0,"texture":"#0"},"south":{"uv":[10.004,7.754,10.246,7.9375],"tintindex":0,"rotation":0,"texture":"#0"},"north":{"uv":[7.629,10.004,7.871,10.1875],"tintindex":0,"rotation":0,"texture":"#0"},"west":{"uv":[3.379,10.254,3.496,10.4375],"tintindex":0,"rotation":0,"texture":"#0"},"up":{"uv":[9.871,1.996,9.629,1.879],"tintindex":0,"rotation":0,"texture":"#0"},"down":{"uv":[9.996,2.754,9.754,2.871],"tintindex":0,"rotation":0,"texture":"#0"}},"rotation":{"origin":[16.404991,12.75692,4.50866],"angle":-22.5,"axis":"y"}},{"from":[8.33259,17.36972,-1.2573404],"to":[13.52199,21.982521,3.3554602],"faces":{"east":{"uv":[6.754,9.754,6.996,9.996],"tintindex":0,"rotation":0,"texture":"#0"},"south":{"uv":[3.629,9.629,3.9375,9.871],"tintindex":0,"rotation":0,"texture":"#0"},"north":{"uv":[2.879,9.629,3.1875,9.871],"tintindex":0,"rotation":0,"texture":"#0"},"west":{"uv":[7.004,9.754,7.246,9.996],"tintindex":0,"rotation":0,"texture":"#0"},"up":{"uv":[4.3125,9.871,4.004,9.629],"tintindex":0,"rotation":0,"texture":"#0"},"down":{"uv":[5.9375,9.629,5.629,9.871],"tintindex":0,"rotation":0,"texture":"#0"}},"rotation":{"origin":[8.33259,17.36972,-1.2573404],"angle":-22.5,"axis":"z"}},{"from":[8.33259,17.94632,8.54486],"to":[12.36879,23.712318,11.42786],"faces":{"east":{"uv":[2.379,10.004,2.5625,10.3125],"tintindex":0,"rotation":0,"texture":"#0"},"south":{"uv":[2.379,9.629,2.621,9.9375],"tintindex":0,"rotation":0,"texture":"#0"},"north":{"uv":[9.629,1.504,9.871,1.8125],"tintindex":0,"rotation":0,"texture":"#0"},"west":{"uv":[10.004,2.754,10.1875,3.0625],"tintindex":0,"rotation":0,"texture":"#0"},"up":{"uv":[6.996,10.1875,6.754,10.004],"tintindex":0,"rotation":0,"texture":"#0"},"down":{"uv":[7.246,10.004,7.004,10.1875],"tintindex":0,"rotation":0,"texture":"#0"}},"rotation":{"origin":[8.33259,17.94632,8.54486],"angle":22.5,"axis":"x"}},{"from":[1.4133902,17.94632,5.08526],"to":[5.4495897,23.712318,7.96826],"faces":{"east":{"uv":[1.254,10.004,1.4375,10.3125],"tintindex":0,"rotation":0,"texture":"#0"},"south":{"uv":[1.254,9.629,1.496,9.9375],"tintindex":0,"rotation":0,"texture":"#0"},"north":{"uv":[1.004,9.629,1.246,9.9375],"tintindex":0,"rotation":0,"texture":"#0"},"west":{"uv":[2.129,10.004,2.3125,10.3125],"tintindex":0,"rotation":0,"texture":"#0"},"up":{"uv":[6.496,10.1875,6.254,10.004],"tintindex":0,"rotation":0,"texture":"#0"},"down":{"uv":[6.746,10.004,6.504,10.1875],"tintindex":0,"rotation":0,"texture":"#0"}},"rotation":{"origin":[1.4133902,17.94632,5.08526],"angle":22.5,"axis":"z"}},{"from":[6.02619,8.720718,-0.10414028],"to":[9.48579,11.027115,1.62566],"faces":{"east":{"uv":[4.754,10.379,4.871,10.496],"tintindex":0,"rotation":0,"texture":"#0"},"south":{"uv":[0.629,10.254,0.8125,10.371],"tintindex":0,"rotation":0,"texture":"#0"},"north":{"uv":[10.254,0.504,10.4375,0.621],"tintindex":0,"rotation":0,"texture":"#0"},"west":{"uv":[10.379,4.754,10.496,4.871],"tintindex":0,"rotation":0,"texture":"#0"},"up":{"uv":[10.4375,0.746,10.254,0.629],"tintindex":0,"rotation":0,"texture":"#0"},"down":{"uv":[1.0625,10.254,0.879,10.371],"tintindex":0,"rotation":0,"texture":"#0"}}},{"from":[3.14319,3.5313187,1.62566],"to":[12.945391,19.099518,11.42786],"faces":{"east":{"uv":[6.254,4.004,6.8125,4.871],"tintindex":0,"rotation":0,"texture":"#0"},"south":{"uv":[6.254,4.879,6.8125,5.746],"tintindex":0,"rotation":0,"texture":"#0"},"north":{"uv":[1.754,6.254,2.3125,7.121],"tintindex":0,"rotation":0,"texture":"#0"},"west":{"uv":[6.254,5.754,6.8125,6.621],"tintindex":0,"rotation":0,"texture":"#0"},"up":{"uv":[8.1875,8.3125,7.629,7.754],"tintindex":0,"rotation":0,"texture":"#0"},"down":{"uv":[2.8125,7.879,2.254,8.4375],"tintindex":0,"rotation":0,"texture":"#0"}}},{"from":[14.09859,17.608658,-4.4779997],"to":[16.404991,19.915054,-1.5950003],"faces":{"east":{"uv":[10.254,2.754,10.4375,2.871],"tintindex":0,"rotation":0,"texture":"#0"},"south":{"uv":[10.379,5.879,10.496,5.996],"tintindex":0,"rotation":0,"texture":"#0"},"north":{"uv":[5.879,10.379,5.996,10.496],"tintindex":0,"rotation":0,"texture":"#0"},"west":{"uv":[10.254,2.879,10.4375,2.996],"tintindex":0,"rotation":0,"texture":"#0"},"up":{"uv":[10.371,3.1875,10.254,3.004],"tintindex":0,"rotation":0,"texture":"#0"},"down":{"uv":[3.371,10.254,3.254,10.4375],"tintindex":0,"rotation":0,"texture":"#0"}},"rotation":{"origin":[14.09859,16.793114,-1.2573404],"angle":22.5,"axis":"x"}},{"from":[10.63899,16.793114,-1.2573404],"to":[15.82839,20.252716,2.20226],"faces":{"east":{"uv":[4.129,10.129,4.3125,10.3125],"tintindex":0,"rotation":0,"texture":"#0"},"south":{"uv":[10.004,3.629,10.3125,3.8125],"tintindex":0,"rotation":0,"texture":"#0"},"north":{"uv":[3.254,10.004,3.5625,10.1875],"tintindex":0,"rotation":0,"texture":"#0"},"west":{"uv":[4.629,10.129,4.8125,10.3125],"tintindex":0,"rotation":0,"texture":"#0"},"up":{"uv":[10.3125,4.0625,10.004,3.879],"tintindex":0,"rotation":0,"texture":"#0"},"down":{"uv":[10.3125,4.129,10.004,4.3125],"tintindex":0,"rotation":0,"texture":"#0"}},"rotation":{"origin":[10.63899,16.793114,-1.2573404],"angle":22.5,"axis":"y"}},{"from":[22.17099,16.216515,6.23846],"to":[23.32419,20.829315,7.3916597],"faces":{"east":{"uv":[10.379,6.754,10.4375,6.996],"tintindex":0,"rotation":0,"texture":"#0"},"south":{"uv":[10.379,7.004,10.4375,7.246],"tintindex":0,"rotation":0,"texture":"#0"},"north":{"uv":[10.379,6.504,10.4375,6.746],"tintindex":0,"rotation":0,"texture":"#0"},"west":{"uv":[10.379,7.254,10.4375,7.496],"tintindex":0,"rotation":0,"texture":"#0"},"up":{"uv":[10.5625,10.4375,10.504,10.379],"tintindex":0,"rotation":0,"texture":"#0"},"down":{"uv":[10.5625,10.504,10.504,10.5625],"tintindex":0,"rotation":0,"texture":"#0"}},"rotation":{"origin":[23.32419,16.216515,6.23846],"angle":22.5,"axis":"x"}},{"from":[6.60279,9.873917,-1.2573404],"to":[8.90919,16.216515,2.20226],