{"textures":{"0":"modelengine:entity/30365c1e-7b48-3ffb-a9aa-4c7d96861ff0","particle":"#0"},"elements":[{"from":[11.175645,-7.522869,5.17453],"to":[13.482044,3.720831,7.4809303],"faces":{"east":{"uv":[2.879,7.879,3.121,9.121],"tintindex":0,"rotation":0,"texture":"#0"},"south":{"uv":[3.129,7.879,3.371,9.121],"tintindex":0,"rotation":0,"texture":"#0"},"north":{"uv":[7.879,2.754,8.121,3.996],"tintindex":0,"rotation":0,"texture":"#0"},"west":{"uv":[7.879,4.004,8.121,5.246],"tintindex":0,"rotation":0,"texture":"#0"},"up":{"uv":[2.871,10.121,2.629,9.879],"tintindex":0,"rotation":0,"texture":"#0"},"down":{"uv":[3.121,9.879,2.879,10.121],"tintindex":0,"rotation":0,"texture":"#0"}},"rotation":{"origin":[13.693195,-7.5898695,7.4809303],"angle":22.5,"axis":"z"}},{"from":[3.602695,-9.031368,2.8681297],"to":[12.251695,-5.5717688,12.67033],"faces":{"east":{"uv":[7.9375,2.004,6.879,2.371],"tintindex":0,"rotation":0,"texture":"#0"},"south":{"uv":[8.3125,6.629,7.379,6.996],"tintindex":0,"rotation":0,"texture":"#0"},"north":{"uv":[4.5625,7.254,3.629,7.621],"tintindex":0,"rotation":0,"texture":"#0"},"west":{"uv":[7.9375,1.629,6.879,1.996],"tintindex":0,"rotation":0,"texture":"#0"},"up":{"uv":[4.254,2.6875,5.1875,1.629],"tintindex":0,"rotation":0,"texture":"#0"},"down":{"uv":[4.379,0.004,5.3125,1.0625],"tintindex":0,"rotation":0,"texture":"#0"}}},{"from":[5.909095,-9.031368,2.5798302],"to":[8.215494,-6.724969,9.49903],"faces":{"east":{"uv":[5.379,0.879,6.121,1.121],"tintindex":0,"rotation":0,"texture":"#0"},"south":{"uv":[9.379,9.754,9.621,9.996],"tintindex":0,"rotation":0,"texture":"#0"},"north":{"uv":[9.754,8.504,9.996,8.746],"tintindex":0,"rotation":0,"texture":"#0"},"west":{"uv":[8.754,2.879,9.496,3.121],"tintindex":0,"rotation":0,"texture":"#0"},"up":{"uv":[9.121,7.121,8.879,6.379],"tintindex":0,"rotation":0,"texture":"#0"},"down":{"uv":[9.121,8.129,8.879,8.871],"tintindex":0,"rotation":0,"texture":"#0"}},"rotation":{"origin":[5.909095,-9.031368,2.5798302],"angle":-45.0,"axis":"x"}},{"from":[7.350595,-9.030334,0.03414011],"to":[9.656995,2.7899656,2.34054],"faces":{"east":{"uv":[3.879,7.629,4.121,8.9375],"tintindex":0,"rotation":0,"texture":"#0"},"south":{"uv":[4.129,7.629,4.371,8.9375],"tintindex":0,"rotation":0,"texture":"#0"},"north":{"uv":[3.629,7.629,3.871,8.9375],"tintindex":0,"rotation":0,"texture":"#0"},"west":{"uv":[4.379,7.629,4.621,8.9375],"tintindex":0,"rotation":0,"texture":"#0"},"up":{"uv":[10.121,1.496,9.879,1.254],"tintindex":0,"rotation":0,"texture":"#0"},"down":{"uv":[1.746,9.879,1.504,10.121],"tintindex":0,"rotation":0,"texture":"#0"}},"rotation":{"origin":[7.350595,-9.031368,2.5798302],"angle":22.5,"axis":"x"}},{"from":[8.215494,5.095331,4.3096304],"to":[10.810195,8.554932,6.61603],"faces":{"east":{"uv":[9.379,9.379,9.621,9.746],"tintindex":0,"rotation":0,"texture":"#0"},"south":{"uv":[1.129,9.254,1.4375,9.621],"tintindex":0,"rotation":0,"texture":"#0"},"north":{"uv":[0.754,9.254,1.0625,9.621],"tintindex":0,"rotation":0,"texture":"#0"},"west":{"uv":[2.629,9.504,2.871,9.871],"tintindex":0,"rotation":0,"texture":"#0"},"up":{"uv":[10.0625,0.746,9.754,0.504],"tintindex":0,"rotation":0,"texture":"#0"},"down":{"uv":[10.0625,0.754,9.754,0.996],"tintindex":0,"rotation":0,"texture":"#0"}}},{"from":[6.773995,-9.607969,7.76923],"to":[9.656995,-7.301569,14.68843],"faces":{"east":{"uv":[9.004,3.129,9.746,3.371],"tintindex":0,"rotation":0,"texture":"#0"},"south":{"uv":[9.754,0.254,10.0625,0.496],"tintindex":0,"rotation":0,"texture":"#0"},"north":{"uv":[9.754,0.004,10.0625,0.246],"tintindex":0,"rotation":0,"texture":"#0"},"west":{"uv":[9.004,3.379,9.746,3.621],"tintindex":0,"rotation":0,"texture":"#0"},"up":{"uv":[8.9375,4.621,8.629,3.879],"tintindex":0,"rotation":0,"texture":"#0"},"down":{"uv":[9.0625,1.379,8.754,2.121],"tintindex":0,"rotation":0,"texture":"#0"}},"rotation":{"origin":[6.773995,-7.301569,14.68843],"angle":45.0,"axis":"x"}},{"from":[5.3324947,-5.5717688,4.59793],"to":[10.521894,9.131531,10.94053],"faces":{"east":{"uv":[3.004,0.004,3.6875,1.621],"tintindex":0,"rotation":0,"texture":"#0"},"south":{"uv":[4.754,4.379,5.3125,5.996],"tintindex":0,"rotation":0,"texture":"#0"},"north":{"uv":[4.754,2.754,5.3125,4.371],"tintindex":0,"rotation":0,"texture":"#0"},"west":{"uv":[0.629,3.379,1.3125,4.996],"tintindex":0,"rotation":0,"texture":"#0"},"up":{"uv":[7.4375,4.6875,6.879,4.004],"tintindex":0,"rotation":0,"texture":"#0"},"down":{"uv":[7.4375,4.754,6.879,5.4375],"tintindex":0,"rotation":0,"texture":"#0"}}},{"from":[3.026095,-8.920664,5.17453],"to":[9.945295,-6.6142635,7.4809303],"faces":{"east":{"uv":[9.879,1.754,10.121,1.996],"tintindex":0,"rotation":0,"texture":"#0"},"south":{"uv":[0.754,9.004,1.496,9.246],"tintindex":0,"rotation":0,"texture":"#0"},"north":{"uv":[9.004,0.504,9.746,0.746],"tintindex":0,"rotation":0,"texture":"#0"},"west":{"uv":[9.879,2.004,10.121,2.246],"tintindex":0,"rotation":0,"texture":"#0"},"up":{"uv":[9.746,0.996,9.004,0.754],"tintindex":0,"rotation":0,"texture":"#0"},"down":{"uv":[9.746,1.004,9.004,1.246],"tintindex":0,"rotation":0,"texture":"#0"}},"rotation":{"origin":[3.026095,-8.920664,7.4809303],"angle":45.0,"axis":"z"}},{"from":[1.5845952,-8.888374,7.469395],"to":[8.503795,-6.581974,9.775795],"faces":{"east":{"uv":[9.879,1.504,10.121,1.746],"tintindex":0,"rotation":0,"texture":"#0"},"south":{"uv":[0.004,9.004,0.746,9.246],"tintindex":0,"rotation":0,"texture":"#0"},"north":{"uv":[8.879,8.879,9.621,9.121],"tintindex":0,"rotation":0,"texture":"#0"},"west":{"uv":[1.754,9.879,1.996,10.121],"tintindex":0,"rotation":0,"texture":"#0"},"up":{"uv":[9.746,0.246,9.004,0.004],"tintindex":0,"rotation":0,"texture":"#0"},"down":{"uv":[9.746,0.254,9.004,0.496],"tintindex":0,"rotation":0,"texture":"#0"}},"rotation":{"origin":[1.5845952,-8.920664,9.49903],"angle":22.5,"axis":"z"}},{"from":[5.0441947,-6.4366693,9.21073],"to":[7.638895,2.5006313,11.51713],"faces":{"east":{"uv":[8.379,3.129,8.621,4.121],"tintindex":0,"rotation":0,"texture":"#0"},"south":{"uv":[7.879,5.254,8.1875,6.246],"tintindex":0,"rotation":0,"texture":"#0"},"north":{"uv":[4.629,7.879,4.9375,8.871],"tintindex":0,"rotation":0,"texture":"#0"},"west":{"uv":[7.629,8.379,7.871,9.371],"tintindex":0,"rotation":0,"texture":"#0"},"up":{"uv":[10.0625,1.246,9.754,1.004],"tintindex":0,"rotation":0,"texture":"#0"},"down":{"uv":[10.0625,2.254,9.754,2.496],"tintindex":0,"rotation":0,"texture":"#0"}}}],"display":{"head":{"rotation":[0.0,0.0,0.0]},"firstperson_righthand":{"rotation":[0.0,0.0,0.0]},"thirdperson_lefthand":{"rotation":[0.0,-0.0,-0.0]},"firstperson_lefthand":{"rotation":[0.0,-0.0,-0.0]},"fixed":{"rotation":[0.0,0.0,0.0]},"ground":{"rotation":[0.0,0.0,0.0]},"thirdperson_righthand":{"rotation":[0.0,0.0,0.0]},"gui":{"rotation":[-150.0,-45.0,180.0]}}}