{"textures":{"0":"modelengine:entity/30365c1e-7b48-3ffb-a9aa-4c7d96861ff0","particle":"#0"},"elements":[{"from":[3.3261528,2.0669098,5.08525],"to":[5.05595,11.292511,6.81505],"faces":{"east":{"uv":[0.504,7.504,0.621,7.996],"tintindex":0,"rotation":0,"texture":"#0"},"south":{"uv":[2.129,8.004,2.246,8.496],"tintindex":0,"rotation":0,"texture":"#0"},"north":{"uv":[4.629,7.254,4.746,7.746],"tintindex":0,"rotation":0,"texture":"#0"},"west":{"uv":[5.754,8.004,5.871,8.496],"tintindex":0,"rotation":0,"texture":"#0"},"up":{"uv":[10.496,10.246,10.379,10.129],"tintindex":0,"rotation":0,"texture":"#0"},"down":{"uv":[10.496,10.254,10.379,10.371],"tintindex":0,"rotation":0,"texture":"#0"}},"rotation":{"origin":[3.3261528,2.0669098,5.08525],"angle":-22.5,"axis":"z"}},{"from":[7.9389496,1.4903107,12.00445],"to":[9.668751,8.409512,13.73425],"faces":{"east":{"uv":[9.254,10.004,9.371,10.371],"tintindex":0,"rotation":0,"texture":"#0"},"south":{"uv":[9.379,10.004,9.496,10.371],"tintindex":0,"rotation":0,"texture":"#0"},"north":{"uv":[9.129,10.004,9.246,10.371],"tintindex":0,"rotation":0,"texture":"#0"},"west":{"uv":[10.004,9.379,10.121,9.746],"tintindex":0,"rotation":0,"texture":"#0"},"up":{"uv":[10.496,9.996,10.379,9.879],"tintindex":0,"rotation":0,"texture":"#0"},"down":{"uv":[10.496,10.004,10.379,10.121],"tintindex":0,"rotation":0,"texture":"#0"}},"rotation":{"origin":[7.9389496,1.4903107,12.00445],"angle":-22.5,"axis":"x"}},{"from":[1.0197525,2.6435127,9.12145],"to":[2.7495499,11.86911,10.85125],"faces":{"east":{"uv":[1.629,8.129,1.746,8.621],"tintindex":0,"rotation":0,"texture":"#0"},"south":{"uv":[8.129,4.754,8.246,5.246],"tintindex":0,"rotation":0,"texture":"#0"},"north":{"uv":[0.379,8.129,0.496,8.621],"tintindex":0,"rotation":0,"texture":"#0"},"west":{"uv":[1.504,9.004,1.621,9.496],"tintindex":0,"rotation":0,"texture":"#0"},"up":{"uv":[10.496,10.496,10.379,10.379],"tintindex":0,"rotation":0,"texture":"#0"},"down":{"uv":[0.121,10.504,0.004,10.621],"tintindex":0,"rotation":0,"texture":"#0"}},"rotation":{"origin":[1.0197525,2.6435127,9.12145],"angle":-45.0,"axis":"z"}},{"from":[1.2561607,-4.3195076,9.40975],"to":[2.4093628,2.5996933,10.56295],"faces":{"east":{"uv":[6.504,10.254,6.5625,10.621],"tintindex":0,"rotation":0,"texture":"#0"},"south":{"uv":[6.629,10.254,6.6875,10.621],"tintindex":0,"rotation":0,"texture":"#0"},"north":{"uv":[6.379,10.254,6.4375,10.621],"tintindex":0,"rotation":0,"texture":"#0"},"west":{"uv":[6.754,10.254,6.8125,10.621],"tintindex":0,"rotation":0,"texture":"#0"},"up":{"uv":[10.6875,1.6875,10.629,1.629],"tintindex":0,"rotation":0,"texture":"#0"},"down":{"uv":[10.6875,1.754,10.629,1.8125],"tintindex":0,"rotation":0,"texture":"#0"}},"rotation":{"origin":[1.0197525,2.6435127,9.12145],"angle":-22.5,"axis":"z"}},{"from":[10.821953,-3.699089,12.58105],"to":[11.975151,3.2201118,13.73425],"faces":{"east":{"uv":[4.004,10.254,4.0625,10.621],"tintindex":0,"rotation":0,"texture":"#0"},"south":{"uv":[5.504,10.254,5.5625,10.621],"tintindex":0,"rotation":0,"texture":"#0"},"north":{"uv":[3.504,10.254,3.5625,10.621],"tintindex":0,"rotation":0,"texture":"#0"},"west":{"uv":[5.629,10.254,5.6875,10.621],"tintindex":0,"rotation":0,"texture":"#0"},"up":{"uv":[10.6875,1.3125,10.629,1.254],"tintindex":0,"rotation":0,"texture":"#0"},"down":{"uv":[1.4375,10.629,1.379,10.6875],"tintindex":0,"rotation":0,"texture":"#0"}},"rotation":{"origin":[10.821953,-3.699089,12.58105],"angle":22.5,"axis":"z"}},{"from":[3.562561,-4.8961067,5.37355],"to":[4.715763,2.0230904,6.52675],"faces":{"east":{"uv":[6.004,10.254,6.0625,10.621],"tintindex":0,"rotation":0,"texture":"#0"},"south":{"uv":[6.129,10.254,6.1875,10.621],"tintindex":0,"rotation":0,"texture":"#0"},"north":{"uv":[5.754,10.254,5.8125,10.621],"tintindex":0,"rotation":0,"texture":"#0"},"west":{"uv":[6.254,10.254,6.3125,10.621],"tintindex":0,"rotation":0,"texture":"#0"},"up":{"uv":[10.6875,1.4375,10.629,1.379],"tintindex":0,"rotation":0,"texture":"#0"},"down":{"uv":[10.6875,1.504,10.629,1.5625],"tintindex":0,"rotation":0,"texture":"#0"}}}],"display":{"head":{"rotation":[0.0,0.0,0.0]},"firstperson_righthand":{"rotation":[0.0,0.0,0.0]},"thirdperson_lefthand":{"rotation":[0.0,-0.0,-0.0]},"firstperson_lefthand":{"rotation":[0.0,-0.0,-0.0]},"fixed":{"rotation":[0.0,0.0,0.0]},"ground":{"rotation":[0.0,0.0,0.0]},"thirdperson_righthand":{"rotation":[0.0,0.0,0.0]},"gui":{"rotation":[-150.0,-45.0,180.0]}}}