{"textures":{"0":"modelengine:entity/30365c1e-7b48-3ffb-a9aa-4c7d96861ff0","particle":"#0"},"elements":[{"from":[7.5529947,3.66473,3.3104296],"to":[11.012595,11.16053,11.38283],"faces":{"east":{"uv":[5.379,0.004,6.246,0.8125],"tintindex":0,"rotation":0,"texture":"#0"},"south":{"uv":[1.754,8.004,2.121,8.8125],"tintindex":0,"rotation":0,"texture":"#0"},"north":{"uv":[8.004,1.629,8.371,2.4375],"tintindex":0,"rotation":0,"texture":"#0"},"west":{"uv":[5.379,3.129,6.246,3.9375],"tintindex":0,"rotation":0,"texture":"#0"},"up":{"uv":[7.871,4.871,7.504,4.004],"tintindex":0,"rotation":0,"texture":"#0"},"down":{"uv":[7.871,4.879,7.504,5.746],"tintindex":0,"rotation":0,"texture":"#0"}},"rotation":{"origin":[7.5529947,3.66473,3.3104296],"angle":22.5,"axis":"z"}},{"from":[4.381695,6.25943,7.046795],"to":[6.688095,9.71903,9.929795],"faces":{"east":{"uv":[9.129,7.129,9.4375,7.496],"tintindex":0,"rotation":0,"texture":"#0"},"south":{"uv":[9.379,6.629,9.621,6.996],"tintindex":0,"rotation":0,"texture":"#0"},"north":{"uv":[6.004,2.754,6.246,3.121],"tintindex":0,"rotation":0,"texture":"#0"},"west":{"uv":[9.129,8.129,9.4375,8.496],"tintindex":0,"rotation":0,"texture":"#0"},"up":{"uv":[0.746,9.9375,0.504,9.629],"tintindex":0,"rotation":0,"texture":"#0"},"down":{"uv":[0.996,9.629,0.754,9.9375],"tintindex":0,"rotation":0,"texture":"#0"}},"rotation":{"origin":[4.381695,6.25943,7.34663],"angle":-45.0,"axis":"x"}},{"from":[3.6107798,9.394751,8.220985],"to":[4.18738,9.97135,11.680585],"faces":{"east":{"uv":[10.129,9.004,10.496,9.0625],"tintindex":0,"rotation":0,"texture":"#0"},"south":{"uv":[10.504,8.379,10.5625,8.4375],"tintindex":0,"rotation":0,"texture":"#0"},"north":{"uv":[10.504,8.004,10.5625,8.0625],"tintindex":0,"rotation":0,"texture":"#0"},"west":{"uv":[10.129,9.129,10.496,9.1875],"tintindex":0,"rotation":0,"texture":"#0"},"up":{"uv":[10.0625,10.496,10.004,10.129],"tintindex":0,"rotation":0,"texture":"#0"},"down":{"uv":[10.1875,10.129,10.129,10.496],"tintindex":0,"rotation":0,"texture":"#0"}},"rotation":{"origin":[3.2284956,9.142429,7.6349297],"angle":-22.5,"axis":"y"}},{"from":[3.2284956,9.142429,7.6349297],"to":[4.381695,10.295631,9.94133],"faces":{"east":{"uv":[5.004,1.504,5.246,1.621],"tintindex":0,"rotation":0,"texture":"#0"},"south":{"uv":[1.379,6.129,1.496,6.246],"tintindex":0,"rotation":0,"texture":"#0"},"north":{"uv":[5.254,2.629,5.371,2.746],"tintindex":0,"rotation":0,"texture":"#0"},"west":{"uv":[8.504,7.629,8.746,7.746],"tintindex":0,"rotation":0,"texture":"#0"},"up":{"uv":[8.621,0.871,8.504,0.629],"tintindex":0,"rotation":0,"texture":"#0"},"down":{"uv":[8.746,1.379,8.629,1.621],"tintindex":0,"rotation":0,"texture":"#0"}}},{"from":[4.093395,8.56583,6.77003],"to":[5.2465954,10.583931,8.49983],"faces":{"east":{"uv":[5.129,10.004,5.3125,10.246],"tintindex":0,"rotation":0,"texture":"#0"},"south":{"uv":[8.004,2.504,8.121,2.746],"tintindex":0,"rotation":0,"texture":"#0"},"north":{"uv":[2.129,3.254,2.246,3.496],"tintindex":0,"rotation":0,"texture":"#0"},"west":{"uv":[5.379,10.004,5.5625,10.246],"tintindex":0,"rotation":0,"texture":"#0"},"up":{"uv":[10.246,8.3125,10.129,8.129],"tintindex":0,"rotation":0,"texture":"#0"},"down":{"uv":[8.996,10.129,8.879,10.3125],"tintindex":0,"rotation":0,"texture":"#0"}},"rotation":{"origin":[4.093395,8.56583,8.49983],"angle":22.5,"axis":"y"}},{"from":[2.363595,9.430729,11.09453],"to":[2.940195,11.737129,11.67113],"faces":{"east":{"uv":[1.004,10.379,1.0625,10.621],"tintindex":0,"rotation":0,"texture":"#0"},"south":{"uv":[1.254,10.379,1.3125,10.621],"tintindex":0,"rotation":0,"texture":"#0"},"north":{"uv":[0.879,10.379,0.9375,10.621],"tintindex":0,"rotation":0,"texture":"#0"},"west":{"uv":[1.379,10.379,1.4375,10.621],"tintindex":0,"rotation":0,"texture":"#0"},"up":{"uv":[10.5625,8.8125,10.504,8.754],"tintindex":0,"rotation":0,"texture":"#0"},"down":{"uv":[10.5625,8.879,10.504,8.9375],"tintindex":0,"rotation":0,"texture":"#0"}},"rotation":{"origin":[2.363595,9.430729,11.09453],"angle":22.5,"axis":"z"}},{"from":[3.5167952,11.44883,11.38283],"to":[6.9763947,12.025429,11.95943],"faces":{"east":{"uv":[1.004,10.629,1.0625,10.6875],"tintindex":0,"rotation":0,"texture":"#0"},"south":{"uv":[5.129,10.254,5.496,10.3125],"tintindex":0,"rotation":0,"texture":"#0"},"north":{"uv":[10.254,5.004,10.621,5.0625],"tintindex":0,"rotation":0,"texture":"#0"},"west":{"uv":[10.629,1.004,10.6875,1.0625],"tintindex":0,"rotation":0,"texture":"#0"},"up":{"uv":[10.621,5.1875,10.254,5.129],"tintindex":0,"rotation":0,"texture":"#0"},"down":{"uv":[10.621,5.254,10.254,5.3125],"tintindex":0,"rotation":0,"texture":"#0"}},"rotation":{"origin":[3.5167952,12.025429,11.95943],"angle":22.5,"axis":"z"}},{"from":[8.994495,0.78173065,5.04023],"to":[10.147696,5.10623,8.49983],"faces":{"east":{"uv":[7.504,5.754,7.871,6.246],"tintindex":0,"rotation":0,"texture":"#0"},"south":{"uv":[6.754,9.129,6.871,9.621],"tintindex":0,"rotation":0,"texture":"#0"},"north":{"uv":[3.254,9.129,3.371,9.621],"tintindex":0,"rotation":0,"texture":"#0"},"west":{"uv":[5.379,8.879,5.746,9.371],"tintindex":0,"rotation":0,"texture":"#0"},"up":{"uv":[0.246,10.496,0.129,10.129],"tintindex":0,"rotation":0,"texture":"#0"},"down":{"uv":[0.371,10.129,0.254,10.496],"tintindex":0,"rotation":0,"texture":"#0"}}},{"from":[3.5167952,9.430729,9.653029],"to":[4.093395,10.00733,13.11263],"faces":{"east":{"uv":[10.129,8.379,10.496,8.4375],"tintindex":0,"rotation":0,"texture":"#0"},"south":{"uv":[10.504,7.629,10.5625,7.6875],"tintindex":0,"rotation":0,"texture":"#0"},"north":{"uv":[10.504,7.504,10.5625,7.5625],"tintindex":0,"rotation":0,"texture":"#0"},"west":{"uv":[10.129,8.879,10.496,8.9375],"tintindex":0,"rotation":0,"texture":"#0"},"up":{"uv":[10.1875,9.746,10.129,9.379],"tintindex":0,"rotation":0,"texture":"#0"},"down":{"uv":[10.1875,9.754,10.129,10.121],"tintindex":0,"rotation":0,"texture":"#0"}},"rotation":{"origin":[3.5167952,9.430729,9.653029],"angle":-45.0,"axis":"x"}},{"from":[4.093395,-5.8491707,3.02213],"to":[6.688095,0.78173065,5.32853],"faces":{"east":{"uv":[5.754,8.879,5.996,9.621],"tintindex":0,"rotation":0,"texture":"#0"},"south":{"uv":[8.629,3.129,8.9375,3.871],"tintindex":0,"rotation":0,"texture":"#0"},"north":{"uv":[8.629,0.629,8.9375,1.371],"tintindex":0,"rotation":0,"texture":"#0"},"west":{"uv":[6.004,8.879,6.246,9.621],"tintindex":0,"rotation":0,"texture":"#0"},"up":{"uv":[9.9375,9.621,9.629,9.379],"tintindex":0,"rotation":0,"texture":"#0"},"down":{"uv":[9.9375,9.629,9.629,9.871],"tintindex":0,"rotation":0,"texture":"#0"}}},{"from":[4.958295,-4.6959705,3.8870296],"to":[8.994495,10.00733,9.36473],"faces":{"east":{"uv":[2.879,3.504,3.496,5.121],"tintindex":0,"rotation":0,"texture":"#0"},"south":{"uv":[5.379,5.629,5.8125,7.246],"tintindex":0,"rotation":0,"texture":"#0"},"north":{"uv":[5.379,4.004,5.8125,5.621],"tintindex":0,"rotation":0,"texture":"#0"},"west":{"uv":[3.504,3.254,4.121,4.871],"tintindex":0,"rotation":0,"texture":"#0"},"up":{"uv":[8.5625,4.746,8.129,4.129],"tintindex":0,"rotation":0,"texture":"#0"},"down":{"uv":[8.6875,4.754,8.254,5.371],"tintindex":0,"rotation":0,"texture":"#0"}}}],"display":{"head":{"rotation":[0.0,0.0,0.0]},"firstperson_righthand":{"rotation":[0.0,0.0,0.0]},"thirdperson_lefthand":{"rotation":[0.0,-0.0,-0.0]},"firstperson_lefthand":{"rotation":[0.0,-0.0,-0.0]},"fixed":{"rotation":[0.0,0.0,0.0]},"ground":{"rotation":[0.0,0.0,0.0]},"thirdperson_righthand":{"rotation":[0.0,0.0,0.0]},"gui":{"rotation":[-150.0,-45.0,180.0]}}}