{"textures":{"0":"modelengine:entity/30365c1e-7b48-3ffb-a9aa-4c7d96861ff0","particle":"#0"},"elements":[{"from":[5.7197895,16.746407,11.47933],"to":[6.8729897,21.359207,12.63253],"faces":{"east":{"uv":[8.004,10.379,8.0625,10.621],"tintindex":0,"rotation":0,"texture":"#0"},"south":{"uv":[8.129,10.379,8.1875,10.621],"tintindex":0,"rotation":0,"texture":"#0"},"north":{"uv":[7.879,10.379,7.9375,10.621],"tintindex":0,"rotation":0,"texture":"#0"},"west":{"uv":[8.254,10.379,8.3125,10.621],"tintindex":0,"rotation":0,"texture":"#0"},"up":{"uv":[0.1875,10.6875,0.129,10.629],"tintindex":0,"rotation":0,"texture":"#0"},"down":{"uv":[10.6875,0.129,10.629,0.1875],"tintindex":0,"rotation":0,"texture":"#0"}},"rotation":{"origin":[5.7197895,16.882256,12.57626],"angle":22.5,"axis":"z"}},{"from":[6.8729897,16.169807,10.32613],"to":[8.02619,20.782608,11.47933],"faces":{"east":{"uv":[9.004,10.379,9.0625,10.621],"tintindex":0,"rotation":0,"texture":"#0"},"south":{"uv":[9.129,10.379,9.1875,10.621],"tintindex":0,"rotation":0,"texture":"#0"},"north":{"uv":[8.879,10.379,8.9375,10.621],"tintindex":0,"rotation":0,"texture":"#0"},"west":{"uv":[9.254,10.379,9.3125,10.621],"tintindex":0,"rotation":0,"texture":"#0"},"up":{"uv":[10.6875,0.6875,10.629,0.629],"tintindex":0,"rotation":0,"texture":"#0"},"down":{"uv":[10.6875,0.754,10.629,0.8125],"tintindex":0,"rotation":0,"texture":"#0"}},"rotation":{"origin":[6.8729897,16.305656,11.423059],"angle":-22.5,"axis":"z"}},{"from":[3.9899893,20.936676,11.6334],"to":[5.1431894,24.396278,12.7866],"faces":{"east":{"uv":[5.004,10.504,5.0625,10.6875],"tintindex":0,"rotation":0,"texture":"#0"},"south":{"uv":[5.129,10.504,5.1875,10.6875],"tintindex":0,"rotation":0,"texture":"#0"},"north":{"uv":[10.504,4.754,10.5625,4.9375],"tintindex":0,"rotation":0,"texture":"#0"},"west":{"uv":[5.254,10.504,5.3125,10.6875],"tintindex":0,"rotation":0,"texture":"#0"},"up":{"uv":[0.3125,10.6875,0.254,10.629],"tintindex":0,"rotation":0,"texture":"#0"},"down":{"uv":[0.4375,10.629,0.379,10.6875],"tintindex":0,"rotation":0,"texture":"#0"}},"rotation":{"origin":[3.9899893,20.918457,12.57626],"angle":-45.0,"axis":"x"}},{"from":[9.845249,5.0744095,4.7202],"to":[12.72825,14.87661,12.216],"faces":{"east":{"uv":[8.379,6.629,8.8125,7.1875],"tintindex":0,"rotation":0,"texture":"#0"},"south":{"uv":[7.629,9.379,7.8125,9.9375],"tintindex":0,"rotation":0,"texture":"#0"},"north":{"uv":[5.379,9.379,5.5625,9.9375],"tintindex":0,"rotation":0,"texture":"#0"},"west":{"uv":[8.379,8.379,8.8125,8.9375],"tintindex":0,"rotation":0,"texture":"#0"},"up":{"uv":[9.6875,7.4375,9.504,7.004],"tintindex":0,"rotation":0,"texture":"#0"},"down":{"uv":[9.6875,8.004,9.504,8.4375],"tintindex":0,"rotation":0,"texture":"#0"}},"rotation":{"origin":[9.17939,5.350258,5.65706],"angle":22.5,"axis":"z"}},{"from":[-10.45546,0.52711487,7.38686],"to":[-4.6894608,1.6803207,9.11666],"faces":{"east":{"uv":[10.504,7.004,10.621,7.0625],"tintindex":0,"rotation":0,"texture":"#0"},"south":{"uv":[10.254,8.629,10.5625,8.6875],"tintindex":0,"rotation":0,"texture":"#0"},"north":{"uv":[10.254,8.504,10.5625,8.5625],"tintindex":0,"rotation":0,"texture":"#0"},"west":{"uv":[10.504,7.129,10.621,7.1875],"tintindex":0,"rotation":0,"texture":"#0"},"up":{"uv":[10.4375,2.621,10.129,2.504],"tintindex":0,"rotation":0,"texture":"#0"},"down":{"uv":[10.4375,2.629,10.129,2.746],"tintindex":0,"rotation":0,"texture":"#0"}},"rotation":{"origin":[-4.65901,0.7374573,7.38686],"angle":45.0,"axis":"z"}},{"from":[-1.7190399,6.356537,6.92281],"to":[2.8937588,8.662941,9.22921],"faces":{"east":{"uv":[10.379,8.004,10.496,8.121],"tintindex":0,"rotation":0,"texture":"#0"},"south":{"uv":[10.129,6.504,10.371,6.621],"tintindex":0,"rotation":0,"texture":"#0"},"north":{"uv":[10.129,6.379,10.371,6.496],"tintindex":0,"rotation":0,"texture":"#0"},"west":{"uv":[10.379,8.754,10.496,8.871],"tintindex":0,"rotation":0,"texture":"#0"},"up":{"uv":[10.371,6.746,10.129,6.629],"tintindex":0,"rotation":0,"texture":"#0"},"down":{"uv":[10.371,6.754,10.129,6.871],"tintindex":0,"rotation":0,"texture":"#0"}},"rotation":{"origin":[3.4133892,4.7736588,9.11666],"angle":-22.5,"axis":"z"}},{"from":[-5.81221,4.6502686,5.51291],"to":[13.21559,10.9928665,10.702311],"faces":{"east":{"uv":[0.004,9.254,0.3125,9.621],"tintindex":0,"rotation":0,"texture":"#0"},"south":{"uv":[6.379,1.254,7.4375,1.621],"tintindex":0,"rotation":0,"texture":"#0"},"north":{"uv":[6.379,0.879,7.4375,1.246],"tintindex":0,"rotation":0,"texture":"#0"},"west":{"uv":[0.379,9.254,0.6875,9.621],"tintindex":0,"rotation":0,"texture":"#0"},"up":{"uv":[8.4375,7.6875,7.379,7.379],"tintindex":0,"rotation":0,"texture":"#0"},"down":{"uv":[8.5625,0.879,7.504,1.1875],"tintindex":0,"rotation":0,"texture":"#0"}},"rotation":{"origin":[9.17939,4.1970596,5.08046],"angle":45.0,"axis":"z"}},{"from":[5.2324495,8.56884,7.11101],"to":[8.11545,18.94764,9.41741],"faces":{"east":{"uv":[1.379,4.379,1.496,4.9375],"tintindex":0,"rotation":0,"texture":"#0"},"south":{"uv":[8.129,9.379,8.3125,9.9375],"tintindex":0,"rotation":0,"texture":"#0"},"north":{"uv":[7.879,9.379,8.0625,9.9375],"tintindex":0,"rotation":0,"texture":"#0"},"west":{"uv":[3.379,5.879,3.496,6.4375],"tintindex":0,"rotation":0,"texture":"#0"},"up":{"uv":[3.9375,10.371,3.754,10.254],"tintindex":0,"rotation":0,"texture":"#0"},"down":{"uv":[10.4375,4.879,10.254,4.996],"tintindex":0,"rotation":0,"texture":"#0"}},"rotation":{"origin":[4.5665894,8.80986,7.38686],"angle":22.5,"axis":"x"}},{"from":[-0.62281036,8.599518,7.98168],"to":[0.5303898,9.752716,11.44128],"faces":{"east":{"uv":[10.504,5.379,10.6875,5.4375],"tintindex":0,"rotation":0,"texture":"#0"},"south":{"uv":[10.629,0.504,10.6875,0.5625],"tintindex":0,"rotation":0,"texture":"#0"},"north":{"uv":[0.504,10.629,0.5625,10.6875],"tintindex":0,"rotation":0,"texture":"#0"},"west":{"uv":[10.504,5.504,10.6875,5.5625],"tintindex":0,"rotation":0,"texture":"#0"},"up":{"uv":[5.4375,10.6875,5.379,10.504],"tintindex":0,"rotation":0,"texture":"#0"},"down":{"uv":[10.5625,5.629,10.504,5.8125],"tintindex":0,"rotation":0,"texture":"#0"}},"rotation":{"origin":[-0.62281036,8.80986,7.96346],"angle":-22.5,"axis":"x"}},{"from":[-8.72566,-0.049484253,6.81026],"to":[-2.9596596,1.1037216,10.269859],"faces":{"east":{"uv":[10.504,5.879,10.6875,5.9375],"tintindex":0,"rotation":0,"texture":"#0"},"south":{"uv":[10.254,8.254,10.5625,8.3125],"tintindex":0,"rotation":0,"texture":"#0"},"north":{"uv":[10.254,8.129,10.5625,8.1875],"tintindex":0,"rotation":0,"texture":"#0"},"west":{"uv":[10.504,6.004,10.6875,6.0625],"tintindex":0,"rotation":0,"texture":"#0"},"up":{"uv":[10.3125,4.5625,10.004,4.379],"tintindex":0,"rotation":0,"texture":"#0"},"down":{"uv":[10.3125,4.629,10.004,4.8125],"tintindex":0,"rotation":0,"texture":"#0"}},"rotation":{"origin":[-4.65901,0.7374573,7.38686],"angle":45.0,"axis":"z"}}],"display":{"head":{"rotation":[0.0,0.0,0.0]},"firstperson_righthand":{"rotation":[0.0,0.0,0.0]},"thirdperson_lefthand":{"rotation":[0.0,-0.0,-0.0]},"firstperson_lefthand":{"rotation":[0.0,-0.0,-0.0]},"fixed":{"rotation":[0.0,0.0,0.0]},"ground":{"rotation":[0.0,0.0,0.0]},"thirdperson_righthand":{"rotation":[0.0,0.0,0.0]},"gui":{"rotation":[-150.0,-45.0,180.0]}}}