{"textures":{"0":"modelengine:entity/30365c1e-7b48-3ffb-a9aa-4c7d96861ff0","particle":"#0"},"elements":[{"from":[7.5513945,-0.20467949,7.020655],"to":[8.416295,1.8134193,7.8855553],"faces":{"east":{"uv":[7.879,10.129,7.996,10.371],"tintindex":0,"rotation":0,"texture":"#0"},"south":{"uv":[8.004,10.129,8.121,10.371],"tintindex":0,"rotation":0,"texture":"#0"},"north":{"uv":[5.004,10.129,5.121,10.371],"tintindex":0,"rotation":0,"texture":"#0"},"west":{"uv":[8.129,10.129,8.246,10.371],"tintindex":0,"rotation":0,"texture":"#0"},"up":{"uv":[0.496,10.621,0.379,10.504],"tintindex":0,"rotation":0,"texture":"#0"},"down":{"uv":[0.621,10.504,0.504,10.621],"tintindex":0,"rotation":0,"texture":"#0"}},"rotation":{"origin":[7.5513945,1.8240318,7.1785297],"angle":22.5,"axis":"x"}},{"from":[6.3981943,0.6526108,6.96807],"to":[7.5513945,4.1122093,8.12127],"faces":{"east":{"uv":[10.004,9.754,10.121,10.121],"tintindex":0,"rotation":0,"texture":"#0"},"south":{"uv":[0.004,10.129,0.121,10.496],"tintindex":0,"rotation":0,"texture":"#0"},"north":{"uv":[9.504,10.004,9.621,10.371],"tintindex":0,"rotation":0,"texture":"#0"},"west":{"uv":[10.129,0.004,10.246,0.371],"tintindex":0,"rotation":0,"texture":"#0"},"up":{"uv":[0.246,10.621,0.129,10.504],"tintindex":0,"rotation":0,"texture":"#0"},"down":{"uv":[0.371,10.504,0.254,10.621],"tintindex":0,"rotation":0,"texture":"#0"}},"rotation":{"origin":[6.3981943,4.130432,7.1785297],"angle":22.5,"axis":"z"}},{"from":[1.7853947,-3.941969,7.1785297],"to":[3.2268944,4.4187317,8.33173],"faces":{"east":{"uv":[1.379,3.379,1.496,4.3125],"tintindex":0,"rotation":0,"texture":"#0"},"south":{"uv":[8.629,9.004,8.8125,9.9375],"tintindex":0,"rotation":0,"texture":"#0"},"north":{"uv":[8.379,9.004,8.5625,9.9375],"tintindex":0,"rotation":0,"texture":"#0"},"west":{"uv":[0.504,6.504,0.621,7.4375],"tintindex":0,"rotation":0,"texture":"#0"},"up":{"uv":[10.4375,6.246,10.254,6.129],"tintindex":0,"rotation":0,"texture":"#0"},"down":{"uv":[10.4375,6.254,10.254,6.371],"tintindex":0,"rotation":0,"texture":"#0"}},"rotation":{"origin":[1.7853947,-3.941969,7.1785297],"angle":-22.5,"axis":"z"}},{"from":[1.7853947,-4.8068695,7.4668303],"to":[4.091795,10.184731,9.1966305],"faces":{"east":{"uv":[8.129,2.504,8.3125,4.121],"tintindex":0,"rotation":0,"texture":"#0"},"south":{"uv":[0.004,6.504,0.246,8.121],"tintindex":0,"rotation":0,"texture":"#0"},"north":{"uv":[5.129,6.004,5.371,7.621],"tintindex":0,"rotation":0,"texture":"#0"},"west":{"uv":[3.379,8.129,3.5625,9.746],"tintindex":0,"rotation":0,"texture":"#0"},"up":{"uv":[8.621,10.1875,8.379,10.004],"tintindex":0,"rotation":0,"texture":"#0"},"down":{"uv":[10.246,8.504,10.004,8.6875],"tintindex":0,"rotation":0,"texture":"#0"}},"rotation":{"origin":[1.7853947,-4.8068695,7.4668303],"angle":-22.5,"axis":"z"}}],"display":{"head":{"rotation":[0.0,0.0,0.0]},"firstperson_righthand":{"rotation":[0.0,0.0,0.0]},"thirdperson_lefthand":{"rotation":[0.0,-0.0,-0.0]},"firstperson_lefthand":{"rotation":[0.0,-0.0,-0.0]},"fixed":{"rotation":[0.0,0.0,0.0]},"ground":{"rotation":[0.0,0.0,0.0]},"thirdperson_righthand":{"rotation":[0.0,0.0,0.0]},"gui":{"rotation":[-150.0,-45.0,180.0]}}}