{"textures":{"0":"modelengine:entity/30365c1e-7b48-3ffb-a9aa-4c7d96861ff0","particle":"#0"},"elements":[{"from":[7.24028,-0.32660675,3.17522],"to":[8.39348,4.28619,4.32842],"faces":{"east":{"uv":[10.379,9.629,10.4375,9.871],"tintindex":0,"rotation":0,"texture":"#0"},"south":{"uv":[9.754,10.379,9.8125,10.621],"tintindex":0,"rotation":0,"texture":"#0"},"north":{"uv":[9.629,10.379,9.6875,10.621],"tintindex":0,"rotation":0,"texture":"#0"},"west":{"uv":[9.879,10.379,9.9375,10.621],"tintindex":0,"rotation":0,"texture":"#0"},"up":{"uv":[10.6875,1.1875,10.629,1.129],"tintindex":0,"rotation":0,"texture":"#0"},"down":{"uv":[1.3125,10.629,1.254,10.6875],"tintindex":0,"rotation":0,"texture":"#0"}},"rotation":{"origin":[7.4506207,3.730812,4.90802],"angle":22.5,"axis":"z"}},{"from":[7.029932,7.7670135,1.9885802],"to":[9.33633,10.07341,8.90778],"faces":{"east":{"uv":[8.629,10.004,8.996,10.121],"tintindex":0,"rotation":0,"texture":"#0"},"south":{"uv":[9.379,10.379,9.496,10.496],"tintindex":0,"rotation":0,"texture":"#0"},"north":{"uv":[10.379,9.254,10.496,9.371],"tintindex":0,"rotation":0,"texture":"#0"},"west":{"uv":[10.004,8.754,10.371,8.871],"tintindex":0,"rotation":0,"texture":"#0"},"up":{"uv":[10.121,9.246,10.004,8.879],"tintindex":0,"rotation":0,"texture":"#0"},"down":{"uv":[9.121,10.004,9.004,10.371],"tintindex":0,"rotation":0,"texture":"#0"}},"rotation":{"origin":[7.4506207,7.7670135,8.94422],"angle":-45.0,"axis":"x"}}],"display":{"head":{"rotation":[0.0,0.0,0.0]},"firstperson_righthand":{"rotation":[0.0,0.0,0.0]},"thirdperson_lefthand":{"rotation":[0.0,-0.0,-0.0]},"firstperson_lefthand":{"rotation":[0.0,-0.0,-0.0]},"fixed":{"rotation":[0.0,0.0,0.0]},"ground":{"rotation":[0.0,0.0,0.0]},"thirdperson_righthand":{"rotation":[0.0,0.0,0.0]},"gui":{"rotation":[-150.0,-45.0,180.0]}}}