{"textures":{"0":"modelengine:entity/30365c1e-7b48-3ffb-a9aa-4c7d96861ff0","particle":"#0"},"elements":[{"from":[21.549831,-2.9228745,6.45866],"to":[27.31583,-1.7696762,8.52058],"faces":{"east":{"uv":[10.504,7.254,10.621,7.3125],"tintindex":0,"rotation":0,"texture":"#0"},"south":{"uv":[10.379,0.379,10.6875,0.4375],"tintindex":0,"rotation":0,"texture":"#0"},"north":{"uv":[10.379,0.254,10.6875,0.3125],"tintindex":0,"rotation":0,"texture":"#0"},"west":{"uv":[10.504,7.379,10.621,7.4375],"tintindex":0,"rotation":0,"texture":"#0"},"up":{"uv":[10.4375,3.621,10.129,3.504],"tintindex":0,"rotation":0,"texture":"#0"},"down":{"uv":[4.0625,10.129,3.754,10.246],"tintindex":0,"rotation":0,"texture":"#0"}},"rotation":{"origin":[22.672588,-2.7125397,7.6118603],"angle":-45.0,"axis":"z"}},{"from":[14.05403,-3.4994736,5.88206],"to":[26.739231,-2.3462753,9.34166],"faces":{"east":{"uv":[10.504,6.629,10.6875,6.6875],"tintindex":0,"rotation":0,"texture":"#0"},"south":{"uv":[10.129,2.379,10.8125,2.4375],"tintindex":0,"rotation":0,"texture":"#0"},"north":{"uv":[10.129,2.254,10.8125,2.3125],"tintindex":0,"rotation":0,"texture":"#0"},"west":{"uv":[10.504,6.754,10.6875,6.8125],"tintindex":0,"rotation":0,"texture":"#0"},"up":{"uv":[9.8125,5.3125,9.129,5.129],"tintindex":0,"rotation":0,"texture":"#0"},"down":{"uv":[9.8125,6.379,9.129,6.5625],"tintindex":0,"rotation":0,"texture":"#0"}},"rotation":{"origin":[22.672588,-2.7125397,7.6118603],"angle":-45.0,"axis":"z"}},{"from":[5.28533,1.6244125,4.9452],"to":[8.16833,11.426613,12.441],"faces":{"east":{"uv":[8.8125,8.379,8.379,8.9375],"tintindex":0,"rotation":0,"texture":"#0"},"south":{"uv":[7.8125,9.379,7.629,9.9375],"tintindex":0,"rotation":0,"texture":"#0"},"north":{"uv":[5.5625,9.379,5.379,9.9375],"tintindex":0,"rotation":0,"texture":"#0"},"west":{"uv":[8.8125,6.629,8.379,7.1875],"tintindex":0,"rotation":0,"texture":"#0"},"up":{"uv":[9.504,7.4375,9.6875,7.004],"tintindex":0,"rotation":0,"texture":"#0"},"down":{"uv":[9.504,8.004,9.6875,8.4375],"tintindex":0,"rotation":0,"texture":"#0"}},"rotation":{"origin":[8.83419,1.9002609,5.88206],"angle":-22.5,"axis":"z"}},{"from":[11.14059,7.530411,11.70433],"to":[12.29379,12.143211,12.85753],"faces":{"east":{"uv":[10.504,1.504,10.5625,1.746],"tintindex":0,"rotation":0,"texture":"#0"},"south":{"uv":[1.629,10.504,1.6875,10.746],"tintindex":0,"rotation":0,"texture":"#0"},"north":{"uv":[1.504,10.504,1.5625,10.746],"tintindex":0,"rotation":0,"texture":"#0"},"west":{"uv":[1.754,10.504,1.8125,10.746],"tintindex":0,"rotation":0,"texture":"#0"},"up":{"uv":[10.6875,1.9375,10.629,1.879],"tintindex":0,"rotation":0,"texture":"#0"},"down":{"uv":[2.0625,10.629,2.004,10.6875],"tintindex":0,"rotation":0,"texture":"#0"}},"rotation":{"origin":[11.14059,9.972664,12.80126],"angle":-22.5,"axis":"z"}},{"from":[4.79799,1.2002716,5.7379103],"to":[23.82579,7.542877,10.92731],"faces":{"east":{"uv":[0.6875,9.254,0.379,9.621],"tintindex":0,"rotation":0,"texture":"#0"},"south":{"uv":[7.4375,0.879,6.379,1.246],"tintindex":0,"rotation":0,"texture":"#0"},"north":{"uv":[7.4375,1.254,6.379,1.621],"tintindex":0,"rotation":0,"texture":"#0"},"west":{"uv":[0.3125,9.254,0.004,9.621],"tintindex":0,"rotation":0,"texture":"#0"},"up":{"uv":[7.379,7.6875,8.4375,7.379],"tintindex":0,"rotation":0,"texture":"#0"},"down":{"uv":[7.504,0.879,8.5625,1.1875],"tintindex":0,"rotation":0,"texture":"#0"}},"rotation":{"origin":[8.83419,0.7470627,5.30546],"angle":-45.0,"axis":"z"}},{"from":[8.83419,10.413414,10.55113],"to":[9.98739,15.026215,11.70433],"faces":{"east":{"uv":[1.879,10.504,1.9375,10.746],"tintindex":0,"rotation":0,"texture":"#0"},"south":{"uv":[10.504,2.004,10.5625,2.246],"tintindex":0,"rotation":0,"texture":"#0"},"north":{"uv":[10.504,1.754,10.5625,1.996],"tintindex":0,"rotation":0,"texture":"#0"},"west":{"uv":[10.504,2.504,10.5625,2.746],"tintindex":0,"rotation":0,"texture":"#0"},"up":{"uv":[10.6875,2.0625,10.629,2.004],"tintindex":0,"rotation":0,"texture":"#0"},"down":{"uv":[2.1875,10.629,2.129,10.6875],"tintindex":0,"rotation":0,"texture":"#0"}},"rotation":{"origin":[9.98739,12.855667,11.64806],"angle":22.5,"axis":"z"}}],"display":{"head":{"rotation":[0.0,0.0,0.0]},"firstperson_righthand":{"rotation":[0.0,0.0,0.0]},"thirdperson_lefthand":{"rotation":[0.0,-0.0,-0.0]},"firstperson_lefthand":{"rotation":[0.0,-0.0,-0.0]},"fixed":{"rotation":[0.0,0.0,0.0]},"ground":{"rotation":[0.0,0.0,0.0]},"thirdperson_righthand":{"rotation":[0.0,0.0,0.0]},"gui":{"rotation":[-150.0,-45.0,180.0]}}}