{"textures":{"0":"modelengine:entity/30365c1e-7b48-3ffb-a9aa-4c7d96861ff0","particle":"#0"},"elements":[{"from":[8.813129,0.6880379,3.24926],"to":[9.96633,5.3008385,4.40246],"faces":{"east":{"uv":[9.9375,10.379,9.879,10.621],"tintindex":0,"rotation":0,"texture":"#0"},"south":{"uv":[9.8125,10.379,9.754,10.621],"tintindex":0,"rotation":0,"texture":"#0"},"north":{"uv":[9.6875,10.379,9.629,10.621],"tintindex":0,"rotation":0,"texture":"#0"},"west":{"uv":[10.4375,9.629,10.379,9.871],"tintindex":0,"rotation":0,"texture":"#0"},"up":{"uv":[10.629,1.1875,10.6875,1.129],"tintindex":0,"rotation":0,"texture":"#0"},"down":{"uv":[1.254,10.629,1.3125,10.6875],"tintindex":0,"rotation":0,"texture":"#0"}},"rotation":{"origin":[9.755991,4.7454605,4.98206],"angle":-22.5,"axis":"z"}},{"from":[7.8702793,8.781658,2.0626202],"to":[10.17668,11.088058,8.98182],"faces":{"east":{"uv":[10.371,8.754,10.004,8.871],"tintindex":0,"rotation":0,"texture":"#0"},"south":{"uv":[9.496,10.379,9.379,10.496],"tintindex":0,"rotation":0,"texture":"#0"},"north":{"uv":[10.496,9.254,10.379,9.371],"tintindex":0,"rotation":0,"texture":"#0"},"west":{"uv":[8.996,10.004,8.629,10.121],"tintindex":0,"rotation":0,"texture":"#0"},"up":{"uv":[10.004,9.246,10.121,8.879],"tintindex":0,"rotation":0,"texture":"#0"},"down":{"uv":[9.004,10.004,9.121,10.371],"tintindex":0,"rotation":0,"texture":"#0"}},"rotation":{"origin":[9.755991,8.781658,9.01826],"angle":-45.0,"axis":"x"}}],"display":{"head":{"rotation":[0.0,0.0,0.0]},"firstperson_righthand":{"rotation":[0.0,0.0,0.0]},"thirdperson_lefthand":{"rotation":[0.0,-0.0,-0.0]},"firstperson_lefthand":{"rotation":[0.0,-0.0,-0.0]},"fixed":{"rotation":[0.0,0.0,0.0]},"ground":{"rotation":[0.0,0.0,0.0]},"thirdperson_righthand":{"rotation":[0.0,0.0,0.0]},"gui":{"rotation":[-150.0,-45.0,180.0]}}}