{"textures":{"0":"modelengine:entity/30365c1e-7b48-3ffb-a9aa-4c7d96861ff0","particle":"#0"},"elements":[{"from":[12.914196,-4.53187,6.51683],"to":[15.220596,10.459728,8.24663],"faces":{"east":{"uv":[3.5625,8.129,3.379,9.746],"tintindex":0,"rotation":0,"texture":"#0"},"south":{"uv":[5.371,6.004,5.129,7.621],"tintindex":0,"rotation":0,"texture":"#0"},"north":{"uv":[0.246,6.504,0.004,8.121],"tintindex":0,"rotation":0,"texture":"#0"},"west":{"uv":[8.3125,2.504,8.129,4.121],"tintindex":0,"rotation":0,"texture":"#0"},"up":{"uv":[8.379,10.1875,8.621,10.004],"tintindex":0,"rotation":0,"texture":"#0"},"down":{"uv":[10.004,8.504,10.246,8.6875],"tintindex":0,"rotation":0,"texture":"#0"}},"rotation":{"origin":[15.220596,-4.53187,6.51683],"angle":22.5,"axis":"z"}},{"from":[13.779095,-3.6669693,5.65193],"to":[15.797195,4.6937294,7.95833],"faces":{"east":{"uv":[8.754,5.379,8.996,6.3125],"tintindex":0,"rotation":0,"texture":"#0"},"south":{"uv":[1.629,8.879,1.871,9.8125],"tintindex":0,"rotation":0,"texture":"#0"},"north":{"uv":[2.629,8.504,2.871,9.4375],"tintindex":0,"rotation":0,"texture":"#0"},"west":{"uv":[1.879,8.879,2.121,9.8125],"tintindex":0,"rotation":0,"texture":"#0"},"up":{"uv":[10.121,6.621,9.879,6.379],"tintindex":0,"rotation":0,"texture":"#0"},"down":{"uv":[10.121,6.629,9.879,6.871],"tintindex":0,"rotation":0,"texture":"#0"}},"rotation":{"origin":[15.220596,-3.6669693,6.22853],"angle":22.5,"axis":"z"}}],"display":{"head":{"rotation":[0.0,0.0,0.0]},"firstperson_righthand":{"rotation":[0.0,0.0,0.0]},"thirdperson_lefthand":{"rotation":[0.0,-0.0,-0.0]},"firstperson_lefthand":{"rotation":[0.0,-0.0,-0.0]},"fixed":{"rotation":[0.0,0.0,0.0]},"ground":{"rotation":[0.0,0.0,0.0]},"thirdperson_righthand":{"rotation":[0.0,0.0,0.0]},"gui":{"rotation":[-150.0,-45.0,180.0]}}}