{"textures":{"0":"modelengine:entity/30365c1e-7b48-3ffb-a9aa-4c7d96861ff0","particle":"#0"},"elements":[{"from":[13.185581,-4.0207596,9.77996],"to":[14.338779,2.8984413,10.93316],"faces":{"east":{"uv":[6.8125,10.254,6.754,10.621],"tintindex":0,"rotation":0,"texture":"#0"},"south":{"uv":[6.6875,10.254,6.629,10.621],"tintindex":0,"rotation":0,"texture":"#0"},"north":{"uv":[6.4375,10.254,6.379,10.621],"tintindex":0,"rotation":0,"texture":"#0"},"west":{"uv":[6.5625,10.254,6.504,10.621],"tintindex":0,"rotation":0,"texture":"#0"},"up":{"uv":[10.629,1.6875,10.6875,1.629],"tintindex":0,"rotation":0,"texture":"#0"},"down":{"uv":[10.629,1.754,10.6875,1.8125],"tintindex":0,"rotation":0,"texture":"#0"}},"rotation":{"origin":[14.5751915,2.9422607,9.49166],"angle":22.5,"axis":"z"}},{"from":[10.53899,2.3656616,5.45546],"to":[12.268791,11.591263,7.18526],"faces":{"east":{"uv":[5.871,8.004,5.754,8.496],"tintindex":0,"rotation":0,"texture":"#0"},"south":{"uv":[2.246,8.004,2.129,8.496],"tintindex":0,"rotation":0,"texture":"#0"},"north":{"uv":[4.746,7.254,4.629,7.746],"tintindex":0,"rotation":0,"texture":"#0"},"west":{"uv":[0.621,7.504,0.504,7.996],"tintindex":0,"rotation":0,"texture":"#0"},"up":{"uv":[10.379,10.246,10.496,10.129],"tintindex":0,"rotation":0,"texture":"#0"},"down":{"uv":[10.379,10.254,10.496,10.371],"tintindex":0,"rotation":0,"texture":"#0"}},"rotation":{"origin":[12.268791,2.3656616,5.45546],"angle":22.5,"axis":"z"}},{"from":[3.6197891,-3.4003372,14.10446],"to":[4.772991,3.5188637,15.25766],"faces":{"east":{"uv":[5.6875,10.254,5.629,10.621],"tintindex":0,"rotation":0,"texture":"#0"},"south":{"uv":[5.5625,10.254,5.504,10.621],"tintindex":0,"rotation":0,"texture":"#0"},"north":{"uv":[3.5625,10.254,3.504,10.621],"tintindex":0,"rotation":0,"texture":"#0"},"west":{"uv":[4.0625,10.254,4.004,10.621],"tintindex":0,"rotation":0,"texture":"#0"},"up":{"uv":[10.629,1.3125,10.6875,1.254],"tintindex":0,"rotation":0,"texture":"#0"},"down":{"uv":[1.379,10.629,1.4375,10.6875],"tintindex":0,"rotation":0,"texture":"#0"}},"rotation":{"origin":[4.772991,-3.4003372,14.10446],"angle":-22.5,"axis":"z"}},{"from":[5.9261894,1.7890625,13.527861],"to":[7.6559906,8.708263,15.25766],"faces":{"east":{"uv":[10.121,9.379,10.004,9.746],"tintindex":0,"rotation":0,"texture":"#0"},"south":{"uv":[9.496,10.004,9.379,10.371],"tintindex":0,"rotation":0,"texture":"#0"},"north":{"uv":[9.246,10.004,9.129,10.371],"tintindex":0,"rotation":0,"texture":"#0"},"west":{"uv":[9.371,10.004,9.254,10.371],"tintindex":0,"rotation":0,"texture":"#0"},"up":{"uv":[10.379,9.996,10.496,9.879],"tintindex":0,"rotation":0,"texture":"#0"},"down":{"uv":[10.379,10.004,10.496,10.121],"tintindex":0,"rotation":0,"texture":"#0"}},"rotation":{"origin":[7.6559906,1.7890625,13.527861],"angle":-22.5,"axis":"x"}},{"from":[10.879181,-4.5973587,5.74376],"to":[12.032379,2.3218422,6.8969603],"faces":{"east":{"uv":[6.3125,10.254,6.254,10.621],"tintindex":0,"rotation":0,"texture":"#0"},"south":{"uv":[6.1875,10.254,6.129,10.621],"tintindex":0,"rotation":0,"texture":"#0"},"north":{"uv":[5.8125,10.254,5.754,10.621],"tintindex":0,"rotation":0,"texture":"#0"},"west":{"uv":[6.0625,10.254,6.004,10.621],"tintindex":0,"rotation":0,"texture":"#0"},"up":{"uv":[10.629,1.4375,10.6875,1.379],"tintindex":0,"rotation":0,"texture":"#0"},"down":{"uv":[10.629,1.504,10.6875,1.5625],"tintindex":0,"rotation":0,"texture":"#0"}}},{"from":[12.84539,2.9422607,9.49166],"to":[14.5751915,12.167862,11.22146],"faces":{"east":{"uv":[1.621,9.004,1.504,9.496],"tintindex":0,"rotation":0,"texture":"#0"},"south":{"uv":[8.246,4.754,8.129,5.246],"tintindex":0,"rotation":0,"texture":"#0"},"north":{"uv":[0.496,8.129,0.379,8.621],"tintindex":0,"rotation":0,"texture":"#0"},"west":{"uv":[1.746,8.129,1.629,8.621],"tintindex":0,"rotation":0,"texture":"#0"},"up":{"uv":[10.379,10.496,10.496,10.379],"tintindex":0,"rotation":0,"texture":"#0"},"down":{"uv":[0.004,10.504,0.121,10.621],"tintindex":0,"rotation":0,"texture":"#0"}},"rotation":{"origin":[14.5751915,2.9422607,9.49166],"angle":45.0,"axis":"z"}}],"display":{"head":{"rotation":[0.0,0.0,0.0]},"firstperson_righthand":{"rotation":[0.0,0.0,0.0]},"thirdperson_lefthand":{"rotation":[0.0,-0.0,-0.0]},"firstperson_lefthand":{"rotation":[0.0,-0.0,-0.0]},"fixed":{"rotation":[0.0,0.0,0.0]},"ground":{"rotation":[0.0,0.0,0.0]},"thirdperson_righthand":{"rotation":[0.0,0.0,0.0]},"gui":{"rotation":[-150.0,-45.0,180.0]}}}