{"textures":{"0":"modelengine:entity/30365c1e-7b48-3ffb-a9aa-4c7d96861ff0","particle":"#0"},"elements":[{"from":[6.1293154,-9.906368,8.08333],"to":[10.165515,-7.599969,15.00253],"faces":{"east":{"uv":[3.629,9.004,4.371,9.246],"tintindex":0,"rotation":0,"texture":"#0"},"south":{"uv":[9.379,2.004,9.8125,2.246],"tintindex":0,"rotation":0,"texture":"#0"},"north":{"uv":[9.254,7.754,9.6875,7.996],"tintindex":0,"rotation":0,"texture":"#0"},"west":{"uv":[9.004,3.629,9.746,3.871],"tintindex":0,"rotation":0,"texture":"#0"},"up":{"uv":[8.0625,0.746,7.629,0.004],"tintindex":0,"rotation":0,"texture":"#0"},"down":{"uv":[6.3125,7.754,5.879,8.496],"tintindex":0,"rotation":0,"texture":"#0"}},"rotation":{"origin":[9.293695,-8.176569,14.42593],"angle":45.0,"axis":"x"}},{"from":[5.5457954,-6.4467688,4.33543],"to":[10.735195,8.256531,10.67803],"faces":{"east":{"uv":[1.3125,3.379,0.629,4.996],"tintindex":0,"rotation":0,"texture":"#0"},"south":{"uv":[5.3125,4.379,4.754,5.996],"tintindex":0,"rotation":0,"texture":"#0"},"north":{"uv":[5.3125,2.754,4.754,4.371],"tintindex":0,"rotation":0,"texture":"#0"},"west":{"uv":[3.6875,0.004,3.004,1.621],"tintindex":0,"rotation":0,"texture":"#0"},"up":{"uv":[6.879,4.6875,7.4375,4.004],"tintindex":0,"rotation":0,"texture":"#0"},"down":{"uv":[6.879,4.754,7.4375,5.4375],"tintindex":0,"rotation":0,"texture":"#0"}}},{"from":[8.428795,-0.17105389,8.94823],"to":[11.023495,8.766247,11.25463],"faces":{"east":{"uv":[7.879,8.379,8.121,9.371],"tintindex":0,"rotation":0,"texture":"#0"},"south":{"uv":[0.879,8.004,1.1875,8.996],"tintindex":0,"rotation":0,"texture":"#0"},"north":{"uv":[0.504,8.004,0.8125,8.996],"tintindex":0,"rotation":0,"texture":"#0"},"west":{"uv":[8.129,8.379,8.371,9.371],"tintindex":0,"rotation":0,"texture":"#0"},"up":{"uv":[10.0625,2.746,9.754,2.504],"tintindex":0,"rotation":0,"texture":"#0"},"down":{"uv":[10.0625,3.129,9.754,3.371],"tintindex":0,"rotation":0,"texture":"#0"}}},{"from":[5.257495,3.067131,4.04713],"to":[7.8521953,9.69803,6.35353],"faces":{"east":{"uv":[5.754,8.879,5.996,9.621],"tintindex":0,"rotation":0,"texture":"#0"},"south":{"uv":[8.629,0.629,8.871,1.371],"tintindex":0,"rotation":0,"texture":"#0"},"north":{"uv":[8.629,3.129,8.9375,3.871],"tintindex":0,"rotation":0,"texture":"#0"},"west":{"uv":[6.004,8.879,6.246,9.621],"tintindex":0,"rotation":0,"texture":"#0"},"up":{"uv":[9.9375,9.621,9.629,9.379],"tintindex":0,"rotation":0,"texture":"#0"},"down":{"uv":[9.9375,9.629,9.629,9.871],"tintindex":0,"rotation":0,"texture":"#0"}}},{"from":[6.122395,-9.329769,4.91203],"to":[13.041595,-7.023369,7.21843],"faces":{"east":{"uv":[9.879,5.129,10.121,5.371],"tintindex":0,"rotation":0,"texture":"#0"},"south":{"uv":[9.004,5.879,9.746,6.121],"tintindex":0,"rotation":0,"texture":"#0"},"north":{"uv":[9.004,5.629,9.746,5.871],"tintindex":0,"rotation":0,"texture":"#0"},"west":{"uv":[5.629,9.879,5.871,10.121],"tintindex":0,"rotation":0,"texture":"#0"},"up":{"uv":[9.746,6.371,9.004,6.129],"tintindex":0,"rotation":0,"texture":"#0"},"down":{"uv":[9.871,1.254,9.129,1.496],"tintindex":0,"rotation":0,"texture":"#0"}},"rotation":{"origin":[13.041595,-9.906368,7.21843],"angle":-45.0,"axis":"z"}},{"from":[8.140495,-9.328733,0.92484],"to":[10.446896,2.4915657,3.2312403],"faces":{"east":{"uv":[6.379,7.754,6.621,9.0625],"tintindex":0,"rotation":0,"texture":"#0"},"south":{"uv":[6.629,7.754,6.871,9.0625],"tintindex":0,"rotation":0,"texture":"#0"},"north":{"uv":[5.129,7.629,5.371,8.9375],"tintindex":0,"rotation":0,"texture":"#0"},"west":{"uv":[7.379,7.754,7.621,9.0625],"tintindex":0,"rotation":0,"texture":"#0"},"up":{"uv":[3.871,10.121,3.629,9.879],"tintindex":0,"rotation":0,"texture":"#0"},"down":{"uv":[4.121,9.879,3.879,10.121],"tintindex":0,"rotation":0,"texture":"#0"}},"rotation":{"origin":[8.717094,-9.906368,2.3173304],"angle":22.5,"axis":"x"}},{"from":[4.9691954,-9.906368,2.60563],"to":[13.618195,-6.4467688,12.40783],"faces":{"east":{"uv":[6.879,1.629,7.9375,1.996],"tintindex":0,"rotation":0,"texture":"#0"},"south":{"uv":[7.379,6.629,8.3125,6.996],"tintindex":0,"rotation":0,"texture":"#0"},"north":{"uv":[3.629,7.254,4.5625,7.621],"tintindex":0,"rotation":0,"texture":"#0"},"west":{"uv":[6.879,2.004,7.9375,2.371],"tintindex":0,"rotation":0,"texture":"#0"},"up":{"uv":[5.1875,2.6875,4.254,1.629],"tintindex":0,"rotation":0,"texture":"#0"},"down":{"uv":[5.3125,0.004,4.379,1.0625],"tintindex":0,"rotation":0,"texture":"#0"}}}],"display":{"head":{"rotation":[0.0,0.0,0.0]},"firstperson_righthand":{"rotation":[0.0,0.0,0.0]},"thirdperson_lefthand":{"rotation":[0.0,-0.0,-0.0]},"firstperson_lefthand":{"rotation":[0.0,-0.0,-0.0]},"fixed":{"rotation":[0.0,0.0,0.0]},"ground":{"rotation":[0.0,0.0,0.0]},"thirdperson_righthand":{"rotation":[0.0,0.0,0.0]},"gui":{"rotation":[-150.0,-45.0,180.0]}}}