{"textures":{"0":"modelengine:entity/30365c1e-7b48-3ffb-a9aa-4c7d96861ff0","particle":"#0"},"elements":[{"from":[0.34053516,23.169931,10.771285],"to":[2.070335,23.74653,11.347885],"faces":{"east":{"uv":[10.504,9.629,10.5625,9.6875],"tintindex":0,"rotation":0,"texture":"#0"},"south":{"uv":[10.504,3.879,10.6875,3.9375],"tintindex":0,"rotation":0,"texture":"#0"},"north":{"uv":[10.504,3.754,10.6875,3.8125],"tintindex":0,"rotation":0,"texture":"#0"},"west":{"uv":[10.504,9.754,10.5625,9.8125],"tintindex":0,"rotation":0,"texture":"#0"},"up":{"uv":[10.6875,4.0625,10.504,4.004],"tintindex":0,"rotation":0,"texture":"#0"},"down":{"uv":[4.4375,10.504,4.254,10.5625],"tintindex":0,"rotation":0,"texture":"#0"}},"rotation":{"origin":[2.3236952,23.169931,11.38283],"angle":-22.5,"axis":"y"}},{"from":[2.6119952,5.5836315,4.17533],"to":[12.990795,20.575232,10.80623],"faces":{"east":{"uv":[1.504,1.629,2.246,3.246],"tintindex":0,"rotation":0,"texture":"#0"},"south":{"uv":[1.129,0.004,2.246,1.621],"tintindex":0,"rotation":0,"texture":"#0"},"north":{"uv":[0.004,0.004,1.121,1.621],"tintindex":0,"rotation":0,"texture":"#0"},"west":{"uv":[2.254,0.004,2.996,1.621],"tintindex":0,"rotation":0,"texture":"#0"},"up":{"uv":[3.496,5.871,2.379,5.129],"tintindex":0,"rotation":0,"texture":"#0"},"down":{"uv":[6.371,1.129,5.254,1.871],"tintindex":0,"rotation":0,"texture":"#0"}}},{"from":[14.526279,11.931997,9.332439],"to":[15.1028805,12.508596,11.92714],"faces":{"east":{"uv":[10.254,7.754,10.5625,7.8125],"tintindex":0,"rotation":0,"texture":"#0"},"south":{"uv":[10.629,0.004,10.6875,0.0625],"tintindex":0,"rotation":0,"texture":"#0"},"north":{"uv":[0.004,10.629,0.0625,10.6875],"tintindex":0,"rotation":0,"texture":"#0"},"west":{"uv":[10.254,7.879,10.5625,7.9375],"tintindex":0,"rotation":0,"texture":"#0"},"up":{"uv":[0.8125,10.6875,0.754,10.379],"tintindex":0,"rotation":0,"texture":"#0"},"down":{"uv":[10.4375,0.754,10.379,1.0625],"tintindex":0,"rotation":0,"texture":"#0"}},"rotation":{"origin":[14.143995,11.63793,8.78813],"angle":-45.0,"axis":"x"}},{"from":[0.59389496,20.863531,10.2296295],"to":[1.170495,23.169931,10.80623],"faces":{"east":{"uv":[3.879,10.379,3.9375,10.621],"tintindex":0,"rotation":0,"texture":"#0"},"south":{"uv":[10.379,3.879,10.4375,4.121],"tintindex":0,"rotation":0,"texture":"#0"},"north":{"uv":[3.754,10.379,3.8125,10.621],"tintindex":0,"rotation":0,"texture":"#0"},"west":{"uv":[4.129,10.379,4.1875,10.621],"tintindex":0,"rotation":0,"texture":"#0"},"up":{"uv":[10.5625,9.9375,10.504,9.879],"tintindex":0,"rotation":0,"texture":"#0"},"down":{"uv":[10.0625,10.504,10.004,10.5625],"tintindex":0,"rotation":0,"texture":"#0"}},"rotation":{"origin":[1.170495,23.169931,10.2296295],"angle":-45.0,"axis":"z"}},{"from":[9.242895,12.502832,9.076429],"to":[13.279095,19.998632,10.80623],"faces":{"east":{"uv":[9.129,1.504,9.3125,2.3125],"tintindex":0,"rotation":0,"texture":"#0"},"south":{"uv":[1.754,7.129,2.1875,7.9375],"tintindex":0,"rotation":0,"texture":"#0"},"north":{"uv":[7.129,0.004,7.5625,0.8125],"tintindex":0,"rotation":0,"texture":"#0"},"west":{"uv":[2.129,9.129,2.3125,9.9375],"tintindex":0,"rotation":0,"texture":"#0"},"up":{"uv":[9.9375,3.0625,9.504,2.879],"tintindex":0,"rotation":0,"texture":"#0"},"down":{"uv":[9.9375,4.629,9.504,4.8125],"tintindex":0,"rotation":0,"texture":"#0"}},"rotation":{"origin":[9.242895,12.502832,9.076429],"angle":-22.5,"axis":"y"}},{"from":[4.053495,24.03483,6.19343],"to":[8.954596,26.34123,7.05833],"faces":{"east":{"uv":[1.629,8.629,1.746,8.871],"tintindex":0,"rotation":0,"texture":"#0"},"south":{"uv":[9.129,2.629,9.6875,2.871],"tintindex":0,"rotation":0,"texture":"#0"},"north":{"uv":[9.129,2.379,9.6875,2.621],"tintindex":0,"rotation":0,"texture":"#0"},"west":{"uv":[5.004,8.629,5.121,8.871],"tintindex":0,"rotation":0,"texture":"#0"},"up":{"uv":[4.9375,1.621,4.379,1.504],"tintindex":0,"rotation":0,"texture":"#0"},"down":{"uv":[8.4375,7.254,7.879,7.371],"tintindex":0,"rotation":0,"texture":"#0"}},"rotation":{"origin":[4.053495,24.03483,6.19343],"angle":-45.0,"axis":"y"}},{"from":[2.0353951,15.097532,7.05833],"to":[2.6119952,17.692232,7.6349297],"faces":{"east":{"uv":[10.254,9.754,10.3125,10.0625],"tintindex":0,"rotation":0,"texture":"#0"},"south":{"uv":[10.254,10.129,10.3125,10.4375],"tintindex":0,"rotation":0,"texture":"#0"},"north":{"uv":[10.254,9.379,10.3125,9.6875],"tintindex":0,"rotation":0,"texture":"#0"},"west":{"uv":[0.629,10.379,0.6875,10.6875],"tintindex":0,"rotation":0,"texture":"#0"},"up":{"uv":[10.5625,10.3125,10.504,10.254],"tintindex":0,"rotation":0,"texture":"#0"},"down":{"uv":[10.4375,10.504,10.379,10.5625],"tintindex":0,"rotation":0,"texture":"#0"}},"rotation":{"origin":[2.0353951,15.097532,7.05833],"angle":45.0,"axis":"z"}},{"from":[6.936495,24.03483,8.78813],"to":[10.972695,25.188032,9.94133],"faces":{"east":{"uv":[8.629,4.629,8.746,4.746],"tintindex":0,"rotation":0,"texture":"#0"},"south":{"uv":[9.129,8.754,9.5625,8.871],"tintindex":0,"rotation":0,"texture":"#0"},"north":{"uv":[7.629,0.754,8.0625,0.871],"tintindex":0,"rotation":0,"texture":"#0"},"west":{"uv":[9.004,1.254,9.121,1.371],"tintindex":0,"rotation":0,"texture":"#0"},"up":{"uv":[10.3125,6.996,9.879,6.879],"tintindex":0,"rotation":0,"texture":"#0"},"down":{"uv":[10.3125,9.254,9.879,9.371],"tintindex":0,"rotation":0,"texture":"#0"}}},{"from":[1.170495,17.403933,9.65303],"to":[3.4768949,19.71033,11.95943],"faces":{"east":{"uv":[5.129,9.754,5.371,9.996],"tintindex":0,"rotation":0,"texture":"#0"},"south":{"uv":[9.754,5.379,9.996,5.621],"tintindex":0,"rotation":0,"texture":"#0"},"north":{"uv":[9.754,4.379,9.996,4.621],"tintindex":0,"rotation":0,"texture":"#0"},"west":{"uv":[9.754,5.629,9.996,5.871],"tintindex":0,"rotation":0,"texture":"#0"},"up":{"uv":[9.996,6.121,9.754,5.879],"tintindex":0,"rotation":0,"texture":"#0"},"down":{"uv":[9.996,6.129,9.754,6.371],"tintindex":0,"rotation":0,"texture":"#0"}},"rotation":{"origin":[2.3236952,17.403933,9.65303],"angle":45.0,"axis":"y"}},{"from":[12.990795,11.34963,4.75193],"to":[13.855695,14.23263,7.05833],"faces":{"east":{"uv":[7.379,9.629,7.621,9.9375],"tintindex":0,"rotation":0,"texture":"#0"},"south":{"uv":[3.629,10.129,3.746,10.4375],"tintindex":0,"rotation":0,"texture":"#0"},"north":{"uv":[10.129,3.129,10.246,3.4375],"tintindex":0,"rotation":0,"texture":"#0"},"west":{"uv":[9.629,8.754,9.871,9.0625],"tintindex":0,"rotation":0,"texture":"#0"},"up":{"uv":[6.371,9.121,6.254,8.879],"tintindex":0,"rotation":0,"texture":"#0"},"down":{"uv":[5.746,9.379,5.629,9.621],"tintindex":0,"rotation":0,"texture":"#0"}},"rotation":{"origin":[12.990795,11.34963,4.75193],"angle":22.5,"axis":"x"}},{"from":[4.630095,26.34123,6.77003],"to":[8.089695,27.20613,7.05833],"faces":{"east":{"uv":[5.879,10.504,5.9375,10.621],"tintindex":0,"rotation":0,"texture":"#0"},"south":{"uv":[10.004,5.629,10.371,5.746],"tintindex":0,"rotation":0,"texture":"#0"},"north":{"uv":[10.004,5.504,10.371,5.621],"tintindex":0,"rotation":0,"texture":"#0"},"west":{"uv":[10.504,6.879,10.5625,6.996],"tintindex":0,"rotation":0,"texture":"#0"},"up":{"uv":[10.621,0.0625,10.254,0.004],"tintindex":0,"rotation":0,"texture":"#0"},"down":{"uv":[10.621,0.129,10.254,0.1875],"tintindex":0,"rotation":0,"texture":"#0"}},"rotation":{"origin":[4.630095,26.34123,6.77003],"angle":-45.0,"axis":"y"}},{"from":[11.549295,19.42203,11.09453],"to":[12.702496,20.575232,12.24773],"faces":{"east":{"uv":[6.754,9.629,6.871,9.746],"tintindex":0,"rotation":0,"texture":"#0"},"south":{"uv":[4.254,10.379,4.371,10.496],"tintindex":0,"rotation":0,"texture":"#0"},"north":{"uv":[3.254,9.629,3.371,9.746],"tintindex":0,"rotation":0,"texture":"#0"},"west":{"uv":[10.379,4.504,10.496,4.621],"tintindex":0,"rotation":0,"texture":"#0"},"up":{"uv":[4.746,10.496,4.629,10.379],"tintindex":0,"rotation":0,"texture":"#0"},"down":{"uv":[10.496,4.629,10.379,4.746],"tintindex":0,"rotation":0,"texture":"#0"}},"rotation":{"origin":[12.702496,19.42203,11.09453],"angle":45.0,"axis":"x"}},{"from":[2.0353951,10.484732,6.77003],