{"textures":{"0":"modelengine:entity/balrog","particle":"#0"},"elements":[{"from":[-0.82724,3.937851,8.680365],"to":[13.056656,22.560738,8.680365],"faces":{"east":{"uv":[9.411765E-4,9.411765E-4,-0.0017647059,1.0872941],"tintindex":0,"rotation":0,"texture":"#0"},"south":{"uv":[2.9402354,8.089177,2.1185882,9.1755295],"tintindex":0,"rotation":0,"texture":"#0"},"north":{"uv":[2.116706,8.089177,1.2950588,9.1755295],"tintindex":0,"rotation":0,"texture":"#0"},"west":{"uv":[9.411765E-4,9.411765E-4,-0.0017647059,1.0872941],"tintindex":0,"rotation":0,"texture":"#0"},"up":{"uv":[9.411765E-4,9.411765E-4,0.82258826,-0.0017647059],"tintindex":0,"rotation":0,"texture":"#0"},"down":{"uv":[9.411765E-4,9.411765E-4,0.82258826,-0.0017647059],"tintindex":0,"rotation":0,"texture":"#0"}}}],"display":{"head":{"rotation":[0.0,0.0,0.0]},"firstperson_righthand":{"rotation":[0.0,0.0,0.0]},"thirdperson_lefthand":{"rotation":[0.0,-0.0,-0.0]},"firstperson_lefthand":{"rotation":[0.0,-0.0,-0.0]},"fixed":{"rotation":[0.0,0.0,0.0]},"ground":{"rotation":[0.0,0.0,0.0]},"thirdperson_righthand":{"rotation":[0.0,0.0,0.0]},"gui":{"rotation":[-150.0,-45.0,180.0]}}}