{"textures":{"0":"modelengine:entity/balrog","particle":"#0"},"elements":[{"from":[-2.0044098,5.274292,5.160141],"to":[23.137589,17.153244,16.526432],"faces":{"east":{"uv":[5.2068233,14.530354,5.5578823,14.881412],"tintindex":0,"rotation":0,"texture":"#0"},"south":{"uv":[13.324471,7.0891767,14.057882,7.4402356],"tintindex":0,"rotation":0,"texture":"#0"},"north":{"uv":[11.648001,0.3832941,12.381412,0.73435295],"tintindex":0,"rotation":0,"texture":"#0"},"west":{"uv":[14.530354,6.9715295,14.881412,7.3225884],"tintindex":0,"rotation":0,"texture":"#0"},"up":{"uv":[2.8814118,13.940235,2.148,13.589177],"tintindex":0,"rotation":0,"texture":"#0"},"down":{"uv":[14.322588,4.5891767,13.589177,4.9402356],"tintindex":0,"rotation":0,"texture":"#0"}}}],"display":{"head":{"rotation":[0.0,0.0,0.0]},"firstperson_righthand":{"rotation":[0.0,0.0,0.0]},"thirdperson_lefthand":{"rotation":[0.0,-0.0,-0.0]},"firstperson_lefthand":{"rotation":[0.0,-0.0,-0.0]},"fixed":{"rotation":[0.0,0.0,0.0]},"ground":{"rotation":[0.0,0.0,0.0]},"thirdperson_righthand":{"rotation":[0.0,0.0,0.0]},"gui":{"rotation":[-150.0,-45.0,180.0]}}}