{"textures":{"0":"modelengine:entity/balrog","particle":"#0"},"elements":[{"from":[7.4763145,3.8366241,8.113794],"to":[21.853268,7.0116005,11.253605],"faces":{"east":{"uv":[15.49906,10.059765,15.295058,10.263764],"tintindex":0,"rotation":0,"texture":"#0"},"south":{"uv":[15.02847,9.236236,14.177412,9.440235],"tintindex":0,"rotation":0,"texture":"#0"},"north":{"uv":[9.793176,5.7950587,8.942118,5.9990587],"tintindex":0,"rotation":0,"texture":"#0"},"west":{"uv":[15.49906,8.824471,15.295058,9.02847],"tintindex":0,"rotation":0,"texture":"#0"},"up":{"uv":[14.206824,0.20494117,15.057882,9.411765E-4],"tintindex":0,"rotation":0,"texture":"#0"},"down":{"uv":[14.265648,2.2950587,15.116707,2.499059],"tintindex":0,"rotation":0,"texture":"#0"}}}],"display":{"head":{"rotation":[0.0,0.0,0.0]},"firstperson_righthand":{"rotation":[0.0,0.0,0.0]},"thirdperson_lefthand":{"rotation":[0.0,-0.0,-0.0]},"firstperson_lefthand":{"rotation":[0.0,-0.0,-0.0]},"fixed":{"rotation":[0.0,0.0,0.0]},"ground":{"rotation":[0.0,0.0,0.0]},"thirdperson_righthand":{"rotation":[0.0,0.0,0.0]},"gui":{"rotation":[-150.0,-45.0,180.0]}}}