{"textures":{"0":"modelengine:entity/balrog","particle":"#0"},"elements":[{"from":[4.705639,7.600281,-0.7377014],"to":[9.361637,11.713089,3.4138985],"faces":{"east":{"uv":[0.648,11.589177,0.76376474,11.704941],"tintindex":0,"rotation":0,"texture":"#0"},"south":{"uv":[15.383294,5.530353,15.528471,5.6461177],"tintindex":0,"rotation":0,"texture":"#0"},"north":{"uv":[0.9715295,15.383294,1.1167059,15.49906],"tintindex":0,"rotation":0,"texture":"#0"},"west":{"uv":[7.5009413,11.677412,7.6167054,11.793176],"tintindex":0,"rotation":0,"texture":"#0"},"up":{"uv":[15.528471,5.763765,15.383294,5.648],"tintindex":0,"rotation":0,"texture":"#0"},"down":{"uv":[15.528471,5.765647,15.383294,5.881412],"tintindex":0,"rotation":0,"texture":"#0"}}}],"display":{"head":{"rotation":[0.0,0.0,0.0]},"firstperson_righthand":{"rotation":[0.0,0.0,0.0]},"thirdperson_lefthand":{"rotation":[0.0,-0.0,-0.0]},"firstperson_lefthand":{"rotation":[0.0,-0.0,-0.0]},"fixed":{"rotation":[0.0,0.0,0.0]},"ground":{"rotation":[0.0,0.0,0.0]},"thirdperson_righthand":{"rotation":[0.0,0.0,0.0]},"gui":{"rotation":[-150.0,-45.0,180.0]}}}