{"textures":{"0":"modelengine:entity/balrog","particle":"#0"},"elements":[{"from":[0.9390869,-4.234335,8.815945],"to":[18.841484,23.07056,8.815945],"faces":{"east":{"uv":[9.411765E-4,9.411765E-4,-0.0017647059,1.6167059],"tintindex":0,"rotation":0,"texture":"#0"},"south":{"uv":[1.0569412,6.4715295,0.0,8.087294],"tintindex":0,"rotation":0,"texture":"#0"},"north":{"uv":[9.411765E-4,6.4715295,1.0578823,8.087294],"tintindex":0,"rotation":0,"texture":"#0"},"west":{"uv":[9.411765E-4,9.411765E-4,-0.0017647059,1.6167059],"tintindex":0,"rotation":0,"texture":"#0"},"up":{"uv":[1.0578823,9.411765E-4,9.411765E-4,-0.0017647059],"tintindex":0,"rotation":0,"texture":"#0"},"down":{"uv":[1.0578823,9.411765E-4,9.411765E-4,-0.0017647059],"tintindex":0,"rotation":0,"texture":"#0"}}}],"display":{"head":{"rotation":[0.0,0.0,0.0]},"firstperson_righthand":{"rotation":[0.0,0.0,0.0]},"thirdperson_lefthand":{"rotation":[0.0,-0.0,-0.0]},"firstperson_lefthand":{"rotation":[0.0,-0.0,-0.0]},"fixed":{"rotation":[0.0,0.0,0.0]},"ground":{"rotation":[0.0,0.0,0.0]},"thirdperson_righthand":{"rotation":[0.0,0.0,0.0]},"gui":{"rotation":[-150.0,-45.0,180.0]}}}