{"textures":{"0":"modelengine:entity/balrog","particle":"#0"},"elements":[{"from":[-6.11866,-4.646284,10.224915],"to":[19.431591,22.69783,10.224915],"faces":{"east":{"uv":[9.411765E-4,9.411765E-4,-0.0017647059,1.6167059],"tintindex":0,"rotation":0,"texture":"#0"},"south":{"uv":[1.4981177,3.2362351,0.0,4.852],"tintindex":0,"rotation":0,"texture":"#0"},"north":{"uv":[9.411765E-4,3.2362351,1.4990588,4.852],"tintindex":0,"rotation":0,"texture":"#0"},"west":{"uv":[9.411765E-4,9.411765E-4,-0.0017647059,1.6167059],"tintindex":0,"rotation":0,"texture":"#0"},"up":{"uv":[1.4990588,9.411765E-4,9.411765E-4,-0.0017647059],"tintindex":0,"rotation":0,"texture":"#0"},"down":{"uv":[1.4990588,9.411765E-4,9.411765E-4,-0.0017647059],"tintindex":0,"rotation":0,"texture":"#0"}}}],"display":{"head":{"rotation":[0.0,0.0,0.0]},"firstperson_righthand":{"rotation":[0.0,0.0,0.0]},"thirdperson_lefthand":{"rotation":[0.0,-0.0,-0.0]},"firstperson_lefthand":{"rotation":[0.0,-0.0,-0.0]},"fixed":{"rotation":[0.0,0.0,0.0]},"ground":{"rotation":[0.0,0.0,0.0]},"thirdperson_righthand":{"rotation":[0.0,0.0,0.0]},"gui":{"rotation":[-150.0,-45.0,180.0]}}}