{"textures":{"0":"modelengine:entity/balrog","particle":"#0"},"elements":[{"from":[8.0188,-6.57115,7.79224],"to":[16.256691,9.794682,15.933121],"faces":{"east":{"uv":[14.589177,12.765648,14.822588,13.263764],"tintindex":0,"rotation":0,"texture":"#0"},"south":{"uv":[9.411765E-4,14.618588,0.23435295,15.116707],"tintindex":0,"rotation":0,"texture":"#0"},"north":{"uv":[4.1774116,13.677412,4.410824,14.1755295],"tintindex":0,"rotation":0,"texture":"#0"},"west":{"uv":[14.618588,9.442118,14.851999,9.940235],"tintindex":0,"rotation":0,"texture":"#0"},"up":{"uv":[7.0284705,12.557882,6.7950587,12.324471],"tintindex":0,"rotation":0,"texture":"#0"},"down":{"uv":[5.381412,15.148,5.148,15.3814125],"tintindex":0,"rotation":0,"texture":"#0"}},"rotation":{"origin":[8.0,-1.6999989,8.0],"angle":-45.0,"axis":"y"}}],"display":{"head":{"rotation":[0.0,0.0,0.0]},"firstperson_righthand":{"rotation":[0.0,0.0,0.0]},"thirdperson_lefthand":{"rotation":[0.0,-0.0,-0.0]},"firstperson_lefthand":{"rotation":[0.0,-0.0,-0.0]},"fixed":{"rotation":[0.0,0.0,0.0]},"ground":{"rotation":[0.0,0.0,0.0]},"thirdperson_righthand":{"rotation":[0.0,0.0,0.0]},"gui":{"rotation":[-150.0,-45.0,180.0]}}}