{"textures":{"0":"modelengine:entity/balrog","particle":"#0"},"elements":[{"from":[3.1874099,2.0109024,2.9777794],"to":[13.663409,15.5909,11.756279],"faces":{"east":{"uv":[14.589177,6.559765,14.851999,6.969647],"tintindex":0,"rotation":0,"texture":"#0"},"south":{"uv":[9.118588,14.500941,9.440235,14.910823],"tintindex":0,"rotation":0,"texture":"#0"},"north":{"uv":[11.118588,5.3538823,11.440235,5.763765],"tintindex":0,"rotation":0,"texture":"#0"},"west":{"uv":[14.589177,12.000941,14.851999,12.410823],"tintindex":0,"rotation":0,"texture":"#0"},"up":{"uv":[15.17553,12.204941,14.853883,11.942118],"tintindex":0,"rotation":0,"texture":"#0"},"down":{"uv":[15.17553,13.295059,14.853883,13.557882],"tintindex":0,"rotation":0,"texture":"#0"}}}],"display":{"head":{"rotation":[0.0,0.0,0.0]},"firstperson_righthand":{"rotation":[0.0,0.0,0.0]},"thirdperson_lefthand":{"rotation":[0.0,-0.0,-0.0]},"firstperson_lefthand":{"rotation":[0.0,-0.0,-0.0]},"fixed":{"rotation":[0.0,0.0,0.0]},"ground":{"rotation":[0.0,0.0,0.0]},"thirdperson_righthand":{"rotation":[0.0,0.0,0.0]},"gui":{"rotation":[-150.0,-45.0,180.0]}}}