{"textures":{"0":"modelengine:entity/balrog","particle":"#0"},"elements":[{"from":[1.3592834,-3.7647896,8.680365],"to":[17.366432,22.040104,8.680365],"faces":{"east":{"uv":[9.411765E-4,9.411765E-4,-0.0017647059,1.5284705],"tintindex":0,"rotation":0,"texture":"#0"},"south":{"uv":[8.52847,7.677412,7.5891767,9.204941],"tintindex":0,"rotation":0,"texture":"#0"},"north":{"uv":[7.5891767,7.677412,8.52847,9.204941],"tintindex":0,"rotation":0,"texture":"#0"},"west":{"uv":[9.411765E-4,9.411765E-4,-0.0017647059,1.5284705],"tintindex":0,"rotation":0,"texture":"#0"},"up":{"uv":[0.9402353,9.411765E-4,9.411765E-4,-0.0017647059],"tintindex":0,"rotation":0,"texture":"#0"},"down":{"uv":[0.9402353,9.411765E-4,9.411765E-4,-0.0017647059],"tintindex":0,"rotation":0,"texture":"#0"}}}],"display":{"head":{"rotation":[0.0,0.0,0.0]},"firstperson_righthand":{"rotation":[0.0,0.0,0.0]},"thirdperson_lefthand":{"rotation":[0.0,-0.0,-0.0]},"firstperson_lefthand":{"rotation":[0.0,-0.0,-0.0]},"fixed":{"rotation":[0.0,0.0,0.0]},"ground":{"rotation":[0.0,0.0,0.0]},"thirdperson_righthand":{"rotation":[0.0,0.0,0.0]},"gui":{"rotation":[-150.0,-45.0,180.0]}}}