{"textures":{"0":"modelengine:entity/balrog","particle":"#0"},"elements":[{"from":[6.30606,-9.640421,0.340559],"to":[18.61795,10.16891,12.555439],"faces":{"east":{"uv":[0.9127059,13.853883,1.2637646,14.440235],"tintindex":0,"rotation":0,"texture":"#0"},"south":{"uv":[13.706824,5.912706,14.087294,6.4990587],"tintindex":0,"rotation":0,"texture":"#0"},"north":{"uv":[5.736235,13.706824,6.116706,14.293176],"tintindex":0,"rotation":0,"texture":"#0"},"west":{"uv":[13.912706,1.9421176,14.263764,2.5284708],"tintindex":0,"rotation":0,"texture":"#0"},"up":{"uv":[14.763764,2.852,14.383294,2.500941],"tintindex":0,"rotation":0,"texture":"#0"},"down":{"uv":[10.926471,0.8088235,11.288585,1.168085],"tintindex":0,"rotation":0,"texture":"#0"}},"rotation":{"origin":[8.32426,-1.3257704,2.5853195],"angle":-45.0,"axis":"y"}}],"display":{"head":{"rotation":[0.0,0.0,0.0]},"firstperson_righthand":{"rotation":[0.0,0.0,0.0]},"thirdperson_lefthand":{"rotation":[0.0,-0.0,-0.0]},"firstperson_lefthand":{"rotation":[0.0,-0.0,-0.0]},"fixed":{"rotation":[0.0,0.0,0.0]},"ground":{"rotation":[0.0,0.0,0.0]},"thirdperson_righthand":{"rotation":[0.0,0.0,0.0]},"gui":{"rotation":[-150.0,-45.0,180.0]}}}