{"textures":{"0":"modelengine:entity/balrog","particle":"#0"},"elements":[{"from":[3.7923698,1.831749,6.2206554],"to":[27.719074,10.038113,14.281271],"faces":{"east":{"uv":[11.057882,13.677412,10.589177,14.1755295],"tintindex":0,"rotation":0,"texture":"#0"},"south":{"uv":[8.293176,9.912706,6.883294,10.410823],"tintindex":0,"rotation":0,"texture":"#0"},"north":{"uv":[2.499059,9.824471,1.0891765,10.322588],"tintindex":0,"rotation":0,"texture":"#0"},"west":{"uv":[14.146117,9.559765,13.677412,10.057882],"tintindex":0,"rotation":0,"texture":"#0"},"up":{"uv":[9.324471,2.1755295,10.734353,1.7068236],"tintindex":0,"rotation":0,"texture":"#0"},"down":{"uv":[10.030354,6.2950587,11.440235,6.763765],"tintindex":0,"rotation":0,"texture":"#0"}}}],"display":{"head":{"rotation":[0.0,0.0,0.0]},"firstperson_righthand":{"rotation":[0.0,0.0,0.0]},"thirdperson_lefthand":{"rotation":[0.0,-0.0,-0.0]},"firstperson_lefthand":{"rotation":[0.0,-0.0,-0.0]},"fixed":{"rotation":[0.0,0.0,0.0]},"ground":{"rotation":[0.0,0.0,0.0]},"thirdperson_righthand":{"rotation":[0.0,0.0,0.0]},"gui":{"rotation":[-150.0,-45.0,180.0]}}}