{"textures":{"0":"modelengine:entity/balrog","particle":"#0"},"elements":[{"from":[-2.9778595,1.9648514,7.1581],"to":[15.926437,18.748138,12.537178],"faces":{"east":{"uv":[7.7637644,14.883294,7.5891767,15.3814125],"tintindex":0,"rotation":0,"texture":"#0"},"south":{"uv":[10.587294,13.295059,10.030354,13.793176],"tintindex":0,"rotation":0,"texture":"#0"},"north":{"uv":[6.8225884,13.295059,6.265647,13.793176],"tintindex":0,"rotation":0,"texture":"#0"},"west":{"uv":[9.116706,14.853883,8.942118,15.352],"tintindex":0,"rotation":0,"texture":"#0"},"up":{"uv":[14.648001,11.940235,15.204942,11.765648],"tintindex":0,"rotation":0,"texture":"#0"},"down":{"uv":[14.706824,5.148,15.263765,5.3225884],"tintindex":0,"rotation":0,"texture":"#0"}}}],"display":{"head":{"rotation":[0.0,0.0,0.0]},"firstperson_righthand":{"rotation":[0.0,0.0,0.0]},"thirdperson_lefthand":{"rotation":[0.0,-0.0,-0.0]},"firstperson_lefthand":{"rotation":[0.0,-0.0,-0.0]},"fixed":{"rotation":[0.0,0.0,0.0]},"ground":{"rotation":[0.0,0.0,0.0]},"thirdperson_righthand":{"rotation":[0.0,0.0,0.0]},"gui":{"rotation":[-150.0,-45.0,180.0]}}}