{"textures":{"0":"modelengine:entity/balrog","particle":"#0"},"elements":[{"from":[5.0823193,2.1490326,-4.6249123],"to":[13.075119,10.0642395,4.99749],"faces":{"east":{"uv":[15.059764,10.353883,15.352,10.587294],"tintindex":0,"rotation":0,"texture":"#0"},"south":{"uv":[15.148,12.618588,15.3814125,12.851999],"tintindex":0,"rotation":0,"texture":"#0"},"north":{"uv":[11.236236,15.148,11.469646,15.3814125],"tintindex":0,"rotation":0,"texture":"#0"},"west":{"uv":[10.265648,15.089176,10.557882,15.322589],"tintindex":0,"rotation":0,"texture":"#0"},"up":{"uv":[11.822588,15.3814125,11.589177,15.089176],"tintindex":0,"rotation":0,"texture":"#0"},"down":{"uv":[12.057882,15.089176,11.824471,15.3814125],"tintindex":0,"rotation":0,"texture":"#0"}}}],"display":{"head":{"rotation":[0.0,0.0,0.0]},"firstperson_righthand":{"rotation":[0.0,0.0,0.0]},"thirdperson_lefthand":{"rotation":[0.0,-0.0,-0.0]},"firstperson_lefthand":{"rotation":[0.0,-0.0,-0.0]},"fixed":{"rotation":[0.0,0.0,0.0]},"ground":{"rotation":[0.0,0.0,0.0]},"thirdperson_righthand":{"rotation":[0.0,0.0,0.0]},"gui":{"rotation":[-150.0,-45.0,180.0]}}}