{"textures":{"0":"modelengine:entity/balrog","particle":"#0"},"elements":[{"from":[2.347107,4.7225647,8.4634],"to":[15.775002,23.030708,8.4634],"faces":{"east":{"uv":[9.411765E-4,9.411765E-4,-0.0017647059,1.0872941],"tintindex":0,"rotation":0,"texture":"#0"},"south":{"uv":[9.322588,0.0,8.530354,1.086353],"tintindex":0,"rotation":0,"texture":"#0"},"north":{"uv":[8.530354,9.411765E-4,9.322588,1.0872941],"tintindex":0,"rotation":0,"texture":"#0"},"west":{"uv":[9.411765E-4,9.411765E-4,-0.0017647059,1.0872941],"tintindex":0,"rotation":0,"texture":"#0"},"up":{"uv":[0.7931765,9.411765E-4,9.411765E-4,-0.0017647059],"tintindex":0,"rotation":0,"texture":"#0"},"down":{"uv":[0.7931765,9.411765E-4,9.411765E-4,-0.0017647059],"tintindex":0,"rotation":0,"texture":"#0"}}}],"display":{"head":{"rotation":[0.0,0.0,0.0]},"firstperson_righthand":{"rotation":[0.0,0.0,0.0]},"thirdperson_lefthand":{"rotation":[0.0,-0.0,-0.0]},"firstperson_lefthand":{"rotation":[0.0,-0.0,-0.0]},"fixed":{"rotation":[0.0,0.0,0.0]},"ground":{"rotation":[0.0,0.0,0.0]},"thirdperson_righthand":{"rotation":[0.0,0.0,0.0]},"gui":{"rotation":[-150.0,-45.0,180.0]}}}