{"textures":{"0":"modelengine:entity/balrog","particle":"#0"},"elements":[{"from":[2.6567898,1.8208008,-5.051708],"to":[10.64959,11.443207,5.4242897],"faces":{"east":{"uv":[2.4421177,14.824471,2.7637649,15.116707],"tintindex":0,"rotation":0,"texture":"#0"},"south":{"uv":[12.295059,15.089176,12.52847,15.3814125],"tintindex":0,"rotation":0,"texture":"#0"},"north":{"uv":[12.059765,15.089176,12.293176,15.3814125],"tintindex":0,"rotation":0,"texture":"#0"},"west":{"uv":[3.1774118,14.824471,3.499059,15.116707],"tintindex":0,"rotation":0,"texture":"#0"},"up":{"uv":[4.6461177,15.322589,4.412706,15.000941],"tintindex":0,"rotation":0,"texture":"#0"},"down":{"uv":[4.881412,15.000941,4.648,15.322589],"tintindex":0,"rotation":0,"texture":"#0"}}}],"display":{"head":{"rotation":[0.0,0.0,0.0]},"firstperson_righthand":{"rotation":[0.0,0.0,0.0]},"thirdperson_lefthand":{"rotation":[0.0,-0.0,-0.0]},"firstperson_lefthand":{"rotation":[0.0,-0.0,-0.0]},"fixed":{"rotation":[0.0,0.0,0.0]},"ground":{"rotation":[0.0,0.0,0.0]},"thirdperson_righthand":{"rotation":[0.0,0.0,0.0]},"gui":{"rotation":[-150.0,-45.0,180.0]}}}