{"textures":{"0":"modelengine:entity/balrog","particle":"#0"},"elements":[{"from":[-4.7533035,11.667055,8.815945],"to":[15.600098,23.591196,8.815945],"faces":{"east":{"uv":[9.411765E-4,9.411765E-4,-0.0017647059,0.7049412],"tintindex":0,"rotation":0,"texture":"#0"},"south":{"uv":[8.795059,6.765647,9.999059,7.469647],"tintindex":0,"rotation":0,"texture":"#0"},"north":{"uv":[9.999059,6.765647,8.795059,7.469647],"tintindex":0,"rotation":0,"texture":"#0"},"west":{"uv":[9.411765E-4,9.411765E-4,-0.0017647059,0.7049412],"tintindex":0,"rotation":0,"texture":"#0"},"up":{"uv":[9.411765E-4,9.411765E-4,1.2049412,-0.0017647059],"tintindex":0,"rotation":0,"texture":"#0"},"down":{"uv":[9.411765E-4,9.411765E-4,1.2049412,-0.0017647059],"tintindex":0,"rotation":0,"texture":"#0"}}}],"display":{"head":{"rotation":[0.0,0.0,0.0]},"firstperson_righthand":{"rotation":[0.0,0.0,0.0]},"thirdperson_lefthand":{"rotation":[0.0,-0.0,-0.0]},"firstperson_lefthand":{"rotation":[0.0,-0.0,-0.0]},"fixed":{"rotation":[0.0,0.0,0.0]},"ground":{"rotation":[0.0,0.0,0.0]},"thirdperson_righthand":{"rotation":[0.0,0.0,0.0]},"gui":{"rotation":[-150.0,-45.0,180.0]}}}