{"textures":{"0":"modelengine:entity/balrog","particle":"#0"},"elements":[{"from":[1.6528778,8.418915,-0.38990784],"to":[6.30888,11.4453125,2.6752892],"faces":{"east":{"uv":[1.3538824,11.883294,1.4402353,11.969646],"tintindex":0,"rotation":0,"texture":"#0"},"south":{"uv":[14.765648,7.706824,14.910823,7.793176],"tintindex":0,"rotation":0,"texture":"#0"},"north":{"uv":[14.618588,13.795059,14.763764,13.881412],"tintindex":0,"rotation":0,"texture":"#0"},"west":{"uv":[12.412706,1.3244706,12.499059,1.4108235],"tintindex":0,"rotation":0,"texture":"#0"},"up":{"uv":[14.999059,9.940235,14.853883,9.853883],"tintindex":0,"rotation":0,"texture":"#0"},"down":{"uv":[14.999059,13.559765,14.853883,13.646117],"tintindex":0,"rotation":0,"texture":"#0"}}}],"display":{"head":{"rotation":[0.0,0.0,0.0]},"firstperson_righthand":{"rotation":[0.0,0.0,0.0]},"thirdperson_lefthand":{"rotation":[0.0,-0.0,-0.0]},"firstperson_lefthand":{"rotation":[0.0,-0.0,-0.0]},"fixed":{"rotation":[0.0,0.0,0.0]},"ground":{"rotation":[0.0,0.0,0.0]},"thirdperson_righthand":{"rotation":[0.0,0.0,0.0]},"gui":{"rotation":[-150.0,-45.0,180.0]}}}