{"textures":{"0":"modelengine:entity/balrog","particle":"#0"},"elements":[{"from":[-14.072189,11.661346,-12.437302],"to":[11.68808,11.661346,16.18176],"faces":{"east":{"uv":[9.411765E-4,9.411765E-4,0.852,-0.0017647059],"tintindex":0,"rotation":0,"texture":"#0"},"south":{"uv":[9.411765E-4,9.411765E-4,0.76376474,-0.0017647059],"tintindex":0,"rotation":0,"texture":"#0"},"north":{"uv":[9.411765E-4,9.411765E-4,0.76376474,-0.0017647059],"tintindex":0,"rotation":0,"texture":"#0"},"west":{"uv":[9.411765E-4,9.411765E-4,0.852,-0.0017647059],"tintindex":0,"rotation":0,"texture":"#0"},"up":{"uv":[9.822588,10.969646,9.059765,10.118588],"tintindex":0,"rotation":0,"texture":"#0"},"down":{"uv":[10.587294,10.118588,9.824471,10.969646],"tintindex":0,"rotation":0,"texture":"#0"}}}],"display":{"head":{"rotation":[0.0,0.0,0.0]},"firstperson_righthand":{"rotation":[0.0,0.0,0.0]},"thirdperson_lefthand":{"rotation":[0.0,-0.0,-0.0]},"firstperson_lefthand":{"rotation":[0.0,-0.0,-0.0]},"fixed":{"rotation":[0.0,0.0,0.0]},"ground":{"rotation":[0.0,0.0,0.0]},"thirdperson_righthand":{"rotation":[0.0,0.0,0.0]},"gui":{"rotation":[-150.0,-45.0,180.0]}}}