{"textures":{"0":"modelengine:entity/balrog","particle":"#0"},"elements":[{"from":[8.095711,5.3665314,8.601982],"to":[11.791306,7.5954742,8.601982],"faces":{"east":{"uv":[9.411765E-4,9.411765E-4,-0.0017647059,0.057882354],"tintindex":0,"rotation":0,"texture":"#0"},"south":{"uv":[8.087294,3.1774118,7.97153,3.234353],"tintindex":0,"rotation":0,"texture":"#0"},"north":{"uv":[7.969647,3.1774118,7.853883,3.234353],"tintindex":0,"rotation":0,"texture":"#0"},"west":{"uv":[9.411765E-4,9.411765E-4,-0.0017647059,0.057882354],"tintindex":0,"rotation":0,"texture":"#0"},"up":{"uv":[9.411765E-4,9.411765E-4,0.11670588,-0.0017647059],"tintindex":0,"rotation":0,"texture":"#0"},"down":{"uv":[9.411765E-4,9.411765E-4,0.11670588,-0.0017647059],"tintindex":0,"rotation":0,"texture":"#0"}},"rotation":{"origin":[10.25808,7.592499,6.337063],"angle":-45.0,"axis":"x"}},{"from":[8.095711,7.592499,6.2501907],"to":[11.791306,7.592499,8.646912],"faces":{"east":{"uv":[0.08729412,9.411765E-4,9.411765E-4,-0.0017647059],"tintindex":0,"rotation":0,"texture":"#0"},"south":{"uv":[0.11670588,9.411765E-4,9.411765E-4,-0.0017647059],"tintindex":0,"rotation":0,"texture":"#0"},"north":{"uv":[0.11670588,9.411765E-4,9.411765E-4,-0.0017647059],"tintindex":0,"rotation":0,"texture":"#0"},"west":{"uv":[0.08729412,9.411765E-4,9.411765E-4,-0.0017647059],"tintindex":0,"rotation":0,"texture":"#0"},"up":{"uv":[15.177411,1.7049412,15.293177,1.6185883],"tintindex":0,"rotation":0,"texture":"#0"},"down":{"uv":[11.47153,15.236235,11.587294,15.322589],"tintindex":0,"rotation":0,"texture":"#0"}},"rotation":{"origin":[10.25808,7.592499,6.337063],"angle":-45.0,"axis":"x"}}],"display":{"head":{"rotation":[0.0,0.0,0.0]},"firstperson_righthand":{"rotation":[0.0,0.0,0.0]},"thirdperson_lefthand":{"rotation":[0.0,-0.0,-0.0]},"firstperson_lefthand":{"rotation":[0.0,-0.0,-0.0]},"fixed":{"rotation":[0.0,0.0,0.0]},"ground":{"rotation":[0.0,0.0,0.0]},"thirdperson_righthand":{"rotation":[0.0,0.0,0.0]},"gui":{"rotation":[-150.0,-45.0,180.0]}}}