{"textures":{"0":"modelengine:entity/balrog","particle":"#0"},"elements":[{"from":[5.759472,4.8218994,-2.6071396],"to":[11.579472,10.797104,3.950058],"faces":{"east":{"uv":[15.3244705,1.2362354,15.528471,1.4108235],"tintindex":0,"rotation":0,"texture":"#0"},"south":{"uv":[4.412706,15.3244705,4.587294,15.49906],"tintindex":0,"rotation":0,"texture":"#0"},"north":{"uv":[15.3244705,4.118588,15.49906,4.2931767],"tintindex":0,"rotation":0,"texture":"#0"},"west":{"uv":[1.648,15.3244705,1.852,15.49906],"tintindex":0,"rotation":0,"texture":"#0"},"up":{"uv":[0.82258826,15.528471,0.648,15.3244705],"tintindex":0,"rotation":0,"texture":"#0"},"down":{"uv":[3.8814118,15.3244705,3.7068236,15.528471],"tintindex":0,"rotation":0,"texture":"#0"}}}],"display":{"head":{"rotation":[0.0,0.0,0.0]},"firstperson_righthand":{"rotation":[0.0,0.0,0.0]},"thirdperson_lefthand":{"rotation":[0.0,-0.0,-0.0]},"firstperson_lefthand":{"rotation":[0.0,-0.0,-0.0]},"fixed":{"rotation":[0.0,0.0,0.0]},"ground":{"rotation":[0.0,0.0,0.0]},"thirdperson_righthand":{"rotation":[0.0,0.0,0.0]},"gui":{"rotation":[-150.0,-45.0,180.0]}}}