{"textures":{"0":"modelengine:entity/balrog","particle":"#0"},"elements":[{"from":[2.97023,3.9696503,-5.5105305],"to":[7.23823,8.23765,0.115470886],"faces":{"east":{"uv":[15.295058,2.912706,15.469647,3.0578825],"tintindex":0,"rotation":0,"texture":"#0"},"south":{"uv":[6.4421177,14.265648,6.587294,14.410823],"tintindex":0,"rotation":0,"texture":"#0"},"north":{"uv":[14.206824,0.20682353,14.351999,0.35200003],"tintindex":0,"rotation":0,"texture":"#0"},"west":{"uv":[15.3244705,4.2950587,15.49906,4.4402356],"tintindex":0,"rotation":0,"texture":"#0"},"up":{"uv":[10.1755295,13.1755295,10.030354,13.000941],"tintindex":0,"rotation":0,"texture":"#0"},"down":{"uv":[13.616706,0.35388234,13.47153,0.5284706],"tintindex":0,"rotation":0,"texture":"#0"}},"rotation":{"origin":[12.0827,4.2978,2.3915405],"angle":-45.0,"axis":"z"}},{"from":[2.92173,8.33465,-7.9355297],"to":[8.40223,8.33465,0.115470886],"faces":{"east":{"uv":[9.411765E-4,9.411765E-4,0.23435295,-0.0017647059],"tintindex":0,"rotation":0,"texture":"#0"},"south":{"uv":[9.411765E-4,9.411765E-4,0.1755294,-0.0017647059],"tintindex":0,"rotation":0,"texture":"#0"},"north":{"uv":[9.411765E-4,9.411765E-4,0.1755294,-0.0017647059],"tintindex":0,"rotation":0,"texture":"#0"},"west":{"uv":[9.411765E-4,9.411765E-4,0.23435295,-0.0017647059],"tintindex":0,"rotation":0,"texture":"#0"},"up":{"uv":[8.881412,15.49906,8.706824,15.265647],"tintindex":0,"rotation":0,"texture":"#0"},"down":{"uv":[15.440236,9.442118,15.265647,9.6755295],"tintindex":0,"rotation":0,"texture":"#0"}},"rotation":{"origin":[12.0827,4.2978,2.3915405],"angle":-45.0,"axis":"z"}},{"from":[2.93754,1.3179607,-2.4065304],"to":[10.01854,8.30196,11.17347],"faces":{"east":{"uv":[8.795059,7.4715295,9.204941,7.675529],"tintindex":0,"rotation":0,"texture":"#0"},"south":{"uv":[10.912706,4.8244705,11.116706,5.0284705],"tintindex":0,"rotation":0,"texture":"#0"},"north":{"uv":[10.000941,7.265647,10.204941,7.469647],"tintindex":0,"rotation":0,"texture":"#0"},"west":{"uv":[8.324471,14.853883,8.734353,15.057882],"tintindex":0,"rotation":0,"texture":"#0"},"up":{"uv":[7.2049413,15.17553,7.0009413,14.765648],"tintindex":0,"rotation":0,"texture":"#0"},"down":{"uv":[8.940235,14.853883,8.736236,15.263765],"tintindex":0,"rotation":0,"texture":"#0"}},"rotation":{"origin":[12.0827,4.2978,2.3915405],"angle":-45.0,"axis":"z"}},{"from":[2.92173,2.8541508,-7.9355297],"to":[2.92173,8.33465,0.115470886],"faces":{"east":{"uv":[15.206823,14.618588,15.440236,14.793176],"tintindex":0,"rotation":0,"texture":"#0"},"south":{"uv":[9.411765E-4,9.411765E-4,-0.0017647059,0.1755294],"tintindex":0,"rotation":0,"texture":"#0"},"north":{"uv":[9.411765E-4,9.411765E-4,-0.0017647059,0.1755294],"tintindex":0,"rotation":0,"texture":"#0"},"west":{"uv":[15.265647,7.7656474,15.49906,7.940235],"tintindex":0,"rotation":0,"texture":"#0"},"up":{"uv":[9.411765E-4,0.23435295,-0.0017647059,9.411765E-4],"tintindex":0,"rotation":0,"texture":"#0"},"down":{"uv":[9.411765E-4,9.411765E-4,-0.0017647059,0.23435295],"tintindex":0,"rotation":0,"texture":"#0"}},"rotation":{"origin":[12.0827,4.2978,2.3915405],"angle":-45.0,"axis":"z"}}],"display":{"head":{"rotation":[0.0,0.0,0.0]},"firstperson_righthand":{"rotation":[0.0,0.0,0.0]},"thirdperson_lefthand":{"rotation":[0.0,-0.0,-0.0]},"firstperson_lefthand":{"rotation":[0.0,-0.0,-0.0]},"fixed":{"rotation":[0.0,0.0,0.0]},"ground":{"rotation":[0.0,0.0,0.0]},"thirdperson_righthand":{"rotation":[0.0,0.0,0.0]},"gui":{"rotation":[-150.0,-45.0,180.0]}}}