{"textures":{"0":"modelengine:entity/balrog","particle":"#0"},"elements":[{"from":[8.361076,5.97937,5.0415],"to":[13.216431,8.953629,5.0415],"faces":{"east":{"uv":[9.411765E-4,9.411765E-4,-0.0017647059,0.08729412],"tintindex":0,"rotation":0,"texture":"#0"},"south":{"uv":[13.999059,8.412706,13.853883,8.499059],"tintindex":0,"rotation":0,"texture":"#0"},"north":{"uv":[13.881412,7.0009413,13.736236,7.087294],"tintindex":0,"rotation":0,"texture":"#0"},"west":{"uv":[9.411765E-4,9.411765E-4,-0.0017647059,0.08729412],"tintindex":0,"rotation":0,"texture":"#0"},"up":{"uv":[9.411765E-4,9.411765E-4,0.14611764,-0.0017647059],"tintindex":0,"rotation":0,"texture":"#0"},"down":{"uv":[9.411765E-4,9.411765E-4,0.14611764,-0.0017647059],"tintindex":0,"rotation":0,"texture":"#0"}},"rotation":{"origin":[11.879997,8.970001,6.9815006],"angle":-45.0,"axis":"x"}},{"from":[8.361076,8.970001,4.9608707],"to":[13.216431,8.970001,7.935091],"faces":{"east":{"uv":[0.08729412,9.411765E-4,9.411765E-4,-0.0017647059],"tintindex":0,"rotation":0,"texture":"#0"},"south":{"uv":[0.14611764,9.411765E-4,9.411765E-4,-0.0017647059],"tintindex":0,"rotation":0,"texture":"#0"},"north":{"uv":[0.14611764,9.411765E-4,9.411765E-4,-0.0017647059],"tintindex":0,"rotation":0,"texture":"#0"},"west":{"uv":[0.08729412,9.411765E-4,9.411765E-4,-0.0017647059],"tintindex":0,"rotation":0,"texture":"#0"},"up":{"uv":[13.883294,7.087294,14.02847,7.0009413],"tintindex":0,"rotation":0,"texture":"#0"},"down":{"uv":[14.148001,9.97153,14.293176,10.057882],"tintindex":0,"rotation":0,"texture":"#0"}},"rotation":{"origin":[11.879997,8.970001,6.9815006],"angle":-45.0,"axis":"x"}}],"display":{"head":{"rotation":[0.0,0.0,0.0]},"firstperson_righthand":{"rotation":[0.0,0.0,0.0]},"thirdperson_lefthand":{"rotation":[0.0,-0.0,-0.0]},"firstperson_lefthand":{"rotation":[0.0,-0.0,-0.0]},"fixed":{"rotation":[0.0,0.0,0.0]},"ground":{"rotation":[0.0,0.0,0.0]},"thirdperson_righthand":{"rotation":[0.0,0.0,0.0]},"gui":{"rotation":[-150.0,-45.0,180.0]}}}