{"textures":{"0":"modelengine:entity/balrog","particle":"#0"},"elements":[{"from":[8.279373,6.195114,5.513138],"to":[13.982971,6.195114,9.082737],"faces":{"east":{"uv":[9.411765E-4,9.411765E-4,0.11670588,-0.0017647059],"tintindex":0,"rotation":0,"texture":"#0"},"south":{"uv":[9.411765E-4,9.411765E-4,0.1755294,-0.0017647059],"tintindex":0,"rotation":0,"texture":"#0"},"north":{"uv":[9.411765E-4,9.411765E-4,0.1755294,-0.0017647059],"tintindex":0,"rotation":0,"texture":"#0"},"west":{"uv":[9.411765E-4,9.411765E-4,0.11670588,-0.0017647059],"tintindex":0,"rotation":0,"texture":"#0"},"up":{"uv":[15.557883,4.9990587,15.383294,4.883294],"tintindex":0,"rotation":0,"texture":"#0"},"down":{"uv":[5.263765,15.383294,5.0891767,15.49906],"tintindex":0,"rotation":0,"texture":"#0"}}},{"from":[8.3054695,6.219208,5.551937],"to":[12.883873,8.585999,7.9187393],"faces":{"east":{"uv":[14.677412,7.3244705,14.763764,7.410824],"tintindex":0,"rotation":0,"texture":"#0"},"south":{"uv":[12.148001,15.383294,12.293176,15.469647],"tintindex":0,"rotation":0,"texture":"#0"},"north":{"uv":[12.000941,15.383294,12.146117,15.469647],"tintindex":0,"rotation":0,"texture":"#0"},"west":{"uv":[10.736236,14.736236,10.822588,14.822588],"tintindex":0,"rotation":0,"texture":"#0"},"up":{"uv":[12.440235,15.469647,12.295059,15.383294],"tintindex":0,"rotation":0,"texture":"#0"},"down":{"uv":[15.528471,12.559765,15.383294,12.646117],"tintindex":0,"rotation":0,"texture":"#0"}}},{"from":[8.288471,6.212799,5.513138],"to":[13.992073,10.092804,5.513138],"faces":{"east":{"uv":[9.411765E-4,9.411765E-4,-0.0017647059,0.11670588],"tintindex":0,"rotation":0,"texture":"#0"},"south":{"uv":[15.353882,6.530353,15.528471,6.6461177],"tintindex":0,"rotation":0,"texture":"#0"},"north":{"uv":[5.530353,15.353882,5.7049413,15.469647],"tintindex":0,"rotation":0,"texture":"#0"},"west":{"uv":[9.411765E-4,9.411765E-4,-0.0017647059,0.11670588],"tintindex":0,"rotation":0,"texture":"#0"},"up":{"uv":[0.1755294,9.411765E-4,9.411765E-4,-0.0017647059],"tintindex":0,"rotation":0,"texture":"#0"},"down":{"uv":[0.1755294,9.411765E-4,9.411765E-4,-0.0017647059],"tintindex":0,"rotation":0,"texture":"#0"}}}],"display":{"head":{"rotation":[0.0,0.0,0.0]},"firstperson_righthand":{"rotation":[0.0,0.0,0.0]},"thirdperson_lefthand":{"rotation":[0.0,-0.0,-0.0]},"firstperson_lefthand":{"rotation":[0.0,-0.0,-0.0]},"fixed":{"rotation":[0.0,0.0,0.0]},"ground":{"rotation":[0.0,0.0,0.0]},"thirdperson_righthand":{"rotation":[0.0,0.0,0.0]},"gui":{"rotation":[-150.0,-45.0,180.0]}}}