{"textures":{"0":"modelengine:entity/balrog","particle":"#0"},"elements":[{"from":[10.2013,-6.1831512,4.3002396],"to":[14.07419,7.854683,7.9791183],"faces":{"east":{"uv":[13.089177,15.1185875,13.204941,15.528471],"tintindex":0,"rotation":0,"texture":"#0"},"south":{"uv":[1.9127058,15.000941,2.0284708,15.410824],"tintindex":0,"rotation":0,"texture":"#0"},"north":{"uv":[0.648,11.059765,0.76376474,11.469646],"tintindex":0,"rotation":0,"texture":"#0"},"west":{"uv":[1.530353,15.148,1.6461176,15.557883],"tintindex":0,"rotation":0,"texture":"#0"},"up":{"uv":[11.999059,1.5284705,11.883294,1.4127059],"tintindex":0,"rotation":0,"texture":"#0"},"down":{"uv":[11.999059,1.530353,11.883294,1.6461176],"tintindex":0,"rotation":0,"texture":"#0"}},"rotation":{"origin":[8.0,-3.6399994,2.2770004],"angle":-45.0,"axis":"y"}}],"display":{"head":{"rotation":[0.0,0.0,0.0]},"firstperson_righthand":{"rotation":[0.0,0.0,0.0]},"thirdperson_lefthand":{"rotation":[0.0,-0.0,-0.0]},"firstperson_lefthand":{"rotation":[0.0,-0.0,-0.0]},"fixed":{"rotation":[0.0,0.0,0.0]},"ground":{"rotation":[0.0,0.0,0.0]},"thirdperson_righthand":{"rotation":[0.0,0.0,0.0]},"gui":{"rotation":[-150.0,-45.0,180.0]}}}