{"textures":{"0":"modelengine:entity/balrog","particle":"#0"},"elements":[{"from":[-1.9580307,-4.153,9.586014],"to":[22.90197,23.14722,9.586014],"faces":{"east":{"uv":[9.411765E-4,9.411765E-4,-0.0017647059,1.6167059],"tintindex":0,"rotation":0,"texture":"#0"},"south":{"uv":[4.469647,3.2362351,3.000941,4.852],"tintindex":0,"rotation":0,"texture":"#0"},"north":{"uv":[3.000941,3.2362351,4.469647,4.852],"tintindex":0,"rotation":0,"texture":"#0"},"west":{"uv":[9.411765E-4,9.411765E-4,-0.0017647059,1.6167059],"tintindex":0,"rotation":0,"texture":"#0"},"up":{"uv":[1.469647,9.411765E-4,9.411765E-4,-0.0017647059],"tintindex":0,"rotation":0,"texture":"#0"},"down":{"uv":[1.469647,9.411765E-4,9.411765E-4,-0.0017647059],"tintindex":0,"rotation":0,"texture":"#0"}}}],"display":{"head":{"rotation":[0.0,0.0,0.0]},"firstperson_righthand":{"rotation":[0.0,0.0,0.0]},"thirdperson_lefthand":{"rotation":[0.0,-0.0,-0.0]},"firstperson_lefthand":{"rotation":[0.0,-0.0,-0.0]},"fixed":{"rotation":[0.0,0.0,0.0]},"ground":{"rotation":[0.0,0.0,0.0]},"thirdperson_righthand":{"rotation":[0.0,0.0,0.0]},"gui":{"rotation":[-150.0,-45.0,180.0]}}}