{"textures":{"0":"modelengine:entity/balrog","particle":"#0"},"elements":[{"from":[8.273571,7.640579,7.7045593],"to":[13.162369,7.640579,11.2741585],"faces":{"east":{"uv":[9.411765E-4,9.411765E-4,0.11670588,-0.0017647059],"tintindex":0,"rotation":0,"texture":"#0"},"south":{"uv":[9.411765E-4,9.411765E-4,0.14611764,-0.0017647059],"tintindex":0,"rotation":0,"texture":"#0"},"north":{"uv":[9.411765E-4,9.411765E-4,0.14611764,-0.0017647059],"tintindex":0,"rotation":0,"texture":"#0"},"west":{"uv":[9.411765E-4,9.411765E-4,0.11670588,-0.0017647059],"tintindex":0,"rotation":0,"texture":"#0"},"up":{"uv":[10.116706,15.49906,9.97153,15.383294],"tintindex":0,"rotation":0,"texture":"#0"},"down":{"uv":[11.116706,15.383294,10.97153,15.49906],"tintindex":0,"rotation":0,"texture":"#0"}}},{"from":[8.277458,7.6256104,7.7187195],"to":[13.16626,11.505615,7.7187195],"faces":{"east":{"uv":[9.411765E-4,9.411765E-4,-0.0017647059,0.11670588],"tintindex":0,"rotation":0,"texture":"#0"},"south":{"uv":[12.942118,13.559765,13.087294,13.6755295],"tintindex":0,"rotation":0,"texture":"#0"},"north":{"uv":[10.030354,13.177412,10.1755295,13.293176],"tintindex":0,"rotation":0,"texture":"#0"},"west":{"uv":[9.411765E-4,9.411765E-4,-0.0017647059,0.11670588],"tintindex":0,"rotation":0,"texture":"#0"},"up":{"uv":[0.14611764,9.411765E-4,9.411765E-4,-0.0017647059],"tintindex":0,"rotation":0,"texture":"#0"},"down":{"uv":[0.14611764,9.411765E-4,9.411765E-4,-0.0017647059],"tintindex":0,"rotation":0,"texture":"#0"}}}],"display":{"head":{"rotation":[0.0,0.0,0.0]},"firstperson_righthand":{"rotation":[0.0,0.0,0.0]},"thirdperson_lefthand":{"rotation":[0.0,-0.0,-0.0]},"firstperson_lefthand":{"rotation":[0.0,-0.0,-0.0]},"fixed":{"rotation":[0.0,0.0,0.0]},"ground":{"rotation":[0.0,0.0,0.0]},"thirdperson_righthand":{"rotation":[0.0,0.0,0.0]},"gui":{"rotation":[-150.0,-45.0,180.0]}}}