{"textures":{"0":"modelengine:entity/balrog","particle":"#0"},"elements":[{"from":[3.9409485,-1.3650589,3.350071],"to":[18.994362,15.047668,19.471302],"faces":{"east":{"uv":[3.765647,9.030354,4.234353,9.52847],"tintindex":0,"rotation":0,"texture":"#0"},"south":{"uv":[13.736236,3.9715292,14.1755295,4.469647],"tintindex":0,"rotation":0,"texture":"#0"},"north":{"uv":[13.736236,2.9715292,14.1755295,3.4696472],"tintindex":0,"rotation":0,"texture":"#0"},"west":{"uv":[3.7068236,13.677412,4.1755295,14.1755295],"tintindex":0,"rotation":0,"texture":"#0"},"up":{"uv":[7.675529,14.381412,7.236235,13.912706],"tintindex":0,"rotation":0,"texture":"#0"},"down":{"uv":[2.587294,13.942118,2.148,14.410823],"tintindex":0,"rotation":0,"texture":"#0"}}}],"display":{"head":{"rotation":[0.0,0.0,0.0]},"firstperson_righthand":{"rotation":[0.0,0.0,0.0]},"thirdperson_lefthand":{"rotation":[0.0,-0.0,-0.0]},"firstperson_lefthand":{"rotation":[0.0,-0.0,-0.0]},"fixed":{"rotation":[0.0,0.0,0.0]},"ground":{"rotation":[0.0,0.0,0.0]},"thirdperson_righthand":{"rotation":[0.0,0.0,0.0]},"gui":{"rotation":[-150.0,-45.0,180.0]}}}