{"textures":{"0":"modelengine:entity/balrog","particle":"#0"},"elements":[{"from":[-12.042694,-4.706499,11.172028],"to":[18.154808,23.694942,11.172028],"faces":{"east":{"uv":[9.411765E-4,9.411765E-4,-0.0017647059,0.852],"tintindex":0,"rotation":0,"texture":"#0"},"south":{"uv":[10.204941,0.8538824,9.324471,1.7049412],"tintindex":0,"rotation":0,"texture":"#0"},"north":{"uv":[10.204941,9.411765E-4,9.324471,0.852],"tintindex":0,"rotation":0,"texture":"#0"},"west":{"uv":[9.411765E-4,9.411765E-4,-0.0017647059,0.852],"tintindex":0,"rotation":0,"texture":"#0"},"up":{"uv":[9.411765E-4,9.411765E-4,0.8814118,-0.0017647059],"tintindex":0,"rotation":0,"texture":"#0"},"down":{"uv":[9.411765E-4,9.411765E-4,0.8814118,-0.0017647059],"tintindex":0,"rotation":0,"texture":"#0"}}}],"display":{"head":{"rotation":[0.0,0.0,0.0]},"firstperson_righthand":{"rotation":[0.0,0.0,0.0]},"thirdperson_lefthand":{"rotation":[0.0,-0.0,-0.0]},"firstperson_lefthand":{"rotation":[0.0,-0.0,-0.0]},"fixed":{"rotation":[0.0,0.0,0.0]},"ground":{"rotation":[0.0,0.0,0.0]},"thirdperson_righthand":{"rotation":[0.0,0.0,0.0]},"gui":{"rotation":[-150.0,-45.0,180.0]}}}