{"textures":{"0":"modelengine:entity/balrog","particle":"#0"},"elements":[{"from":[-11.719074,1.831749,6.2206554],"to":[12.20763,10.038113,14.281271],"faces":{"east":{"uv":[13.677412,9.559765,14.146117,10.057882],"tintindex":0,"rotation":0,"texture":"#0"},"south":{"uv":[6.883294,9.912706,8.293176,10.410823],"tintindex":0,"rotation":0,"texture":"#0"},"north":{"uv":[1.0891765,9.824471,2.499059,10.322588],"tintindex":0,"rotation":0,"texture":"#0"},"west":{"uv":[10.589177,13.677412,11.057882,14.1755295],"tintindex":0,"rotation":0,"texture":"#0"},"up":{"uv":[10.734353,2.1755295,9.324471,1.7068236],"tintindex":0,"rotation":0,"texture":"#0"},"down":{"uv":[11.440235,6.2950587,10.030354,6.763765],"tintindex":0,"rotation":0,"texture":"#0"}}}],"display":{"head":{"rotation":[0.0,0.0,0.0]},"firstperson_righthand":{"rotation":[0.0,0.0,0.0]},"thirdperson_lefthand":{"rotation":[0.0,-0.0,-0.0]},"firstperson_lefthand":{"rotation":[0.0,-0.0,-0.0]},"fixed":{"rotation":[0.0,0.0,0.0]},"ground":{"rotation":[0.0,0.0,0.0]},"thirdperson_righthand":{"rotation":[0.0,0.0,0.0]},"gui":{"rotation":[-150.0,-45.0,180.0]}}}