{"textures":{"0":"modelengine:entity/balrog","particle":"#0"},"elements":[{"from":[9.2313,-7.1531487,2.7967396],"to":[15.044189,9.212681,8.99762],"faces":{"east":{"uv":[3.883294,12.000941,4.0578823,12.499059],"tintindex":0,"rotation":0,"texture":"#0"},"south":{"uv":[10.706824,12.559765,10.881412,13.057882],"tintindex":0,"rotation":0,"texture":"#0"},"north":{"uv":[8.295059,9.912706,8.469646,10.410823],"tintindex":0,"rotation":0,"texture":"#0"},"west":{"uv":[5.559765,14.530354,5.734353,15.02847],"tintindex":0,"rotation":0,"texture":"#0"},"up":{"uv":[0.41082355,14.793176,0.23623528,14.618588],"tintindex":0,"rotation":0,"texture":"#0"},"down":{"uv":[15.057882,10.059765,14.883294,10.234353],"tintindex":0,"rotation":0,"texture":"#0"}},"rotation":{"origin":[8.0,-2.2819977,2.0345001],"angle":-45.0,"axis":"y"}}],"display":{"head":{"rotation":[0.0,0.0,0.0]},"firstperson_righthand":{"rotation":[0.0,0.0,0.0]},"thirdperson_lefthand":{"rotation":[0.0,-0.0,-0.0]},"firstperson_lefthand":{"rotation":[0.0,-0.0,-0.0]},"fixed":{"rotation":[0.0,0.0,0.0]},"ground":{"rotation":[0.0,0.0,0.0]},"thirdperson_righthand":{"rotation":[0.0,0.0,0.0]},"gui":{"rotation":[-150.0,-45.0,180.0]}}}