{"textures":{"0":"modelengine:entity/balrog","particle":"#0"},"elements":[{"from":[4.26297,-4.153,9.586014],"to":[22.90197,21.64722,9.586014],"faces":{"east":{"uv":[9.411765E-4,9.411765E-4,-0.0017647059,1.5284705],"tintindex":0,"rotation":0,"texture":"#0"},"south":{"uv":[5.351059,6.470588,4.2352943,7.998118],"tintindex":0,"rotation":0,"texture":"#0"},"north":{"uv":[4.236235,6.4715295,5.352,7.9990582],"tintindex":0,"rotation":0,"texture":"#0"},"west":{"uv":[9.411765E-4,9.411765E-4,-0.0017647059,1.5284705],"tintindex":0,"rotation":0,"texture":"#0"},"up":{"uv":[1.1167059,9.411765E-4,9.411765E-4,-0.0017647059],"tintindex":0,"rotation":0,"texture":"#0"},"down":{"uv":[1.1167059,9.411765E-4,9.411765E-4,-0.0017647059],"tintindex":0,"rotation":0,"texture":"#0"}}}],"display":{"head":{"rotation":[0.0,0.0,0.0]},"firstperson_righthand":{"rotation":[0.0,0.0,0.0]},"thirdperson_lefthand":{"rotation":[0.0,-0.0,-0.0]},"firstperson_lefthand":{"rotation":[0.0,-0.0,-0.0]},"fixed":{"rotation":[0.0,0.0,0.0]},"ground":{"rotation":[0.0,0.0,0.0]},"thirdperson_righthand":{"rotation":[0.0,0.0,0.0]},"gui":{"rotation":[-150.0,-45.0,180.0]}}}