{"textures":{"0":"modelengine:entity/balrog","particle":"#0"},"elements":[{"from":[4.4205284,4.8218994,-2.6071396],"to":[10.240528,10.797104,3.950058],"faces":{"east":{"uv":[13.206824,15.295058,13.410823,15.469647],"tintindex":0,"rotation":0,"texture":"#0"},"south":{"uv":[4.059765,15.3244705,4.234353,15.49906],"tintindex":0,"rotation":0,"texture":"#0"},"north":{"uv":[3.883294,15.3244705,4.0578823,15.49906],"tintindex":0,"rotation":0,"texture":"#0"},"west":{"uv":[13.412706,15.295058,13.616706,15.469647],"tintindex":0,"rotation":0,"texture":"#0"},"up":{"uv":[3.7049413,14.646117,3.5303528,14.442118],"tintindex":0,"rotation":0,"texture":"#0"},"down":{"uv":[0.6461177,15.3244705,0.4715294,15.528471],"tintindex":0,"rotation":0,"texture":"#0"}}}],"display":{"head":{"rotation":[0.0,0.0,0.0]},"firstperson_righthand":{"rotation":[0.0,0.0,0.0]},"thirdperson_lefthand":{"rotation":[0.0,-0.0,-0.0]},"firstperson_lefthand":{"rotation":[0.0,-0.0,-0.0]},"fixed":{"rotation":[0.0,0.0,0.0]},"ground":{"rotation":[0.0,0.0,0.0]},"thirdperson_righthand":{"rotation":[0.0,0.0,0.0]},"gui":{"rotation":[-150.0,-45.0,180.0]}}}