{"textures":{"0":"modelengine:entity/balrog","particle":"#0"},"elements":[{"from":[7.1458,-10.451151,1.3417397],"to":[17.12969,7.3211803,11.810619],"faces":{"east":{"uv":[6.118588,14.265648,6.4402356,14.793176],"tintindex":0,"rotation":0,"texture":"#0"},"south":{"uv":[4.118588,14.177412,4.410824,14.704941],"tintindex":0,"rotation":0,"texture":"#0"},"north":{"uv":[2.5891764,13.942118,2.8814118,14.469646],"tintindex":0,"rotation":0,"texture":"#0"},"west":{"uv":[9.97153,14.265648,10.293176,14.793176],"tintindex":0,"rotation":0,"texture":"#0"},"up":{"uv":[15.057882,1.234353,14.765648,0.9127059],"tintindex":0,"rotation":0,"texture":"#0"},"down":{"uv":[15.057882,2.500941,14.765648,2.8225882],"tintindex":0,"rotation":0,"texture":"#0"}},"rotation":{"origin":[8.0,-4.1735,2.713501],"angle":-45.0,"axis":"y"}}],"display":{"head":{"rotation":[0.0,0.0,0.0]},"firstperson_righthand":{"rotation":[0.0,0.0,0.0]},"thirdperson_lefthand":{"rotation":[0.0,-0.0,-0.0]},"firstperson_lefthand":{"rotation":[0.0,-0.0,-0.0]},"fixed":{"rotation":[0.0,0.0,0.0]},"ground":{"rotation":[0.0,0.0,0.0]},"thirdperson_righthand":{"rotation":[0.0,0.0,0.0]},"gui":{"rotation":[-150.0,-45.0,180.0]}}}