{"textures":{"0":"modelengine:entity/balrog","particle":"#0"},"elements":[{"from":[8.445137,7.236023,7.13163],"to":[14.615364,10.429642,10.332909],"faces":{"east":{"uv":[8.999059,11.059765,8.912706,11.146117],"tintindex":0,"rotation":0,"texture":"#0"},"south":{"uv":[6.087294,13.089177,5.912706,13.1755295],"tintindex":0,"rotation":0,"texture":"#0"},"north":{"uv":[12.704941,8.942118,12.530354,9.02847],"tintindex":0,"rotation":0,"texture":"#0"},"west":{"uv":[10.940235,8.912706,10.853883,8.999059],"tintindex":0,"rotation":0,"texture":"#0"},"up":{"uv":[6.0891767,13.1755295,6.263765,13.089177],"tintindex":0,"rotation":0,"texture":"#0"},"down":{"uv":[12.030354,13.589177,12.204941,13.6755295],"tintindex":0,"rotation":0,"texture":"#0"}}}],"display":{"head":{"rotation":[0.0,0.0,0.0]},"firstperson_righthand":{"rotation":[0.0,0.0,0.0]},"thirdperson_lefthand":{"rotation":[0.0,-0.0,-0.0]},"firstperson_lefthand":{"rotation":[0.0,-0.0,-0.0]},"fixed":{"rotation":[0.0,0.0,0.0]},"ground":{"rotation":[0.0,0.0,0.0]},"thirdperson_righthand":{"rotation":[0.0,0.0,0.0]},"gui":{"rotation":[-150.0,-45.0,180.0]}}}