{"textures":{"0":"modelengine:entity/balrog","particle":"#0"},"elements":[{"from":[0.07356262,1.9648514,7.1581],"to":[18.97786,18.748138,12.537178],"faces":{"east":{"uv":[8.942118,14.853883,9.116706,15.352],"tintindex":0,"rotation":0,"texture":"#0"},"south":{"uv":[10.030354,13.295059,10.587294,13.793176],"tintindex":0,"rotation":0,"texture":"#0"},"north":{"uv":[6.265647,13.295059,6.8225884,13.793176],"tintindex":0,"rotation":0,"texture":"#0"},"west":{"uv":[7.5891767,14.883294,7.7637644,15.3814125],"tintindex":0,"rotation":0,"texture":"#0"},"up":{"uv":[15.204942,11.940235,14.648001,11.765648],"tintindex":0,"rotation":0,"texture":"#0"},"down":{"uv":[15.263765,5.148,14.706824,5.3225884],"tintindex":0,"rotation":0,"texture":"#0"}}}],"display":{"head":{"rotation":[0.0,0.0,0.0]},"firstperson_righthand":{"rotation":[0.0,0.0,0.0]},"thirdperson_lefthand":{"rotation":[0.0,-0.0,-0.0]},"firstperson_lefthand":{"rotation":[0.0,-0.0,-0.0]},"fixed":{"rotation":[0.0,0.0,0.0]},"ground":{"rotation":[0.0,0.0,0.0]},"thirdperson_righthand":{"rotation":[0.0,0.0,0.0]},"gui":{"rotation":[-150.0,-45.0,180.0]}}}