{"textures":{"0":"modelengine:entity/balrog","particle":"#0"},"elements":[{"from":[4.3362293,3.6470184,-3.472969],"to":[10.93223,10.320618,4.131832],"faces":{"east":{"uv":[15.265647,2.3538823,15.49906,2.5578825],"tintindex":0,"rotation":0,"texture":"#0"},"south":{"uv":[7.97153,15.295058,8.1755295,15.49906],"tintindex":0,"rotation":0,"texture":"#0"},"north":{"uv":[15.295058,4.4421177,15.49906,4.6461177],"tintindex":0,"rotation":0,"texture":"#0"},"west":{"uv":[15.265647,2.5597646,15.49906,2.7637649],"tintindex":0,"rotation":0,"texture":"#0"},"up":{"uv":[5.087294,15.49906,4.883294,15.265647],"tintindex":0,"rotation":0,"texture":"#0"},"down":{"uv":[15.469647,5.0891767,15.265647,5.3225884],"tintindex":0,"rotation":0,"texture":"#0"}}}],"display":{"head":{"rotation":[0.0,0.0,0.0]},"firstperson_righthand":{"rotation":[0.0,0.0,0.0]},"thirdperson_lefthand":{"rotation":[0.0,-0.0,-0.0]},"firstperson_lefthand":{"rotation":[0.0,-0.0,-0.0]},"fixed":{"rotation":[0.0,0.0,0.0]},"ground":{"rotation":[0.0,0.0,0.0]},"thirdperson_righthand":{"rotation":[0.0,0.0,0.0]},"gui":{"rotation":[-150.0,-45.0,180.0]}}}