{"textures":{"0":"modelengine:entity/balrog","particle":"#0"},"elements":[{"from":[2.0170288,6.195114,5.513138],"to":[7.720627,6.195114,9.082737],"faces":{"east":{"uv":[9.411765E-4,9.411765E-4,0.11670588,-0.0017647059],"tintindex":0,"rotation":0,"texture":"#0"},"south":{"uv":[9.411765E-4,9.411765E-4,0.1755294,-0.0017647059],"tintindex":0,"rotation":0,"texture":"#0"},"north":{"uv":[9.411765E-4,9.411765E-4,0.1755294,-0.0017647059],"tintindex":0,"rotation":0,"texture":"#0"},"west":{"uv":[9.411765E-4,9.411765E-4,0.11670588,-0.0017647059],"tintindex":0,"rotation":0,"texture":"#0"},"up":{"uv":[15.557883,4.763765,15.383294,4.648],"tintindex":0,"rotation":0,"texture":"#0"},"down":{"uv":[15.557883,4.765647,15.383294,4.881412],"tintindex":0,"rotation":0,"texture":"#0"}}},{"from":[3.116127,6.219208,5.551937],"to":[7.6945305,8.585999,7.9187393],"faces":{"east":{"uv":[13.589177,9.706824,13.6755295,9.793176],"tintindex":0,"rotation":0,"texture":"#0"},"south":{"uv":[15.383294,11.559765,15.528471,11.646117],"tintindex":0,"rotation":0,"texture":"#0"},"north":{"uv":[11.559765,15.383294,11.704941,15.469647],"tintindex":0,"rotation":0,"texture":"#0"},"west":{"uv":[13.648001,2.9715292,13.734353,3.0578825],"tintindex":0,"rotation":0,"texture":"#0"},"up":{"uv":[11.851999,15.469647,11.706824,15.383294],"tintindex":0,"rotation":0,"texture":"#0"},"down":{"uv":[11.999059,15.383294,11.853883,15.469647],"tintindex":0,"rotation":0,"texture":"#0"}}},{"from":[2.007927,6.212799,5.513138],"to":[7.711529,10.092804,5.513138],"faces":{"east":{"uv":[9.411765E-4,9.411765E-4,-0.0017647059,0.11670588],"tintindex":0,"rotation":0,"texture":"#0"},"south":{"uv":[3.0597646,15.353882,3.234353,15.469647],"tintindex":0,"rotation":0,"texture":"#0"},"north":{"uv":[10.383294,15.3244705,10.557882,15.440236],"tintindex":0,"rotation":0,"texture":"#0"},"west":{"uv":[9.411765E-4,9.411765E-4,-0.0017647059,0.11670588],"tintindex":0,"rotation":0,"texture":"#0"},"up":{"uv":[0.1755294,9.411765E-4,9.411765E-4,-0.0017647059],"tintindex":0,"rotation":0,"texture":"#0"},"down":{"uv":[0.1755294,9.411765E-4,9.411765E-4,-0.0017647059],"tintindex":0,"rotation":0,"texture":"#0"}}}],"display":{"head":{"rotation":[0.0,0.0,0.0]},"firstperson_righthand":{"rotation":[0.0,0.0,0.0]},"thirdperson_lefthand":{"rotation":[0.0,-0.0,-0.0]},"firstperson_lefthand":{"rotation":[0.0,-0.0,-0.0]},"fixed":{"rotation":[0.0,0.0,0.0]},"ground":{"rotation":[0.0,0.0,0.0]},"thirdperson_righthand":{"rotation":[0.0,0.0,0.0]},"gui":{"rotation":[-150.0,-45.0,180.0]}}}