{"textures":{"0":"modelengine:entity/balrog","particle":"#0"},"elements":[{"from":[7.0758286,6.056549,5.80962],"to":[14.210678,9.749451,9.51137],"faces":{"east":{"uv":[15.116707,5.9421177,15.000941,6.0578823],"tintindex":0,"rotation":0,"texture":"#0"},"south":{"uv":[15.557883,1.0597647,15.353882,1.1755294],"tintindex":0,"rotation":0,"texture":"#0"},"north":{"uv":[15.528471,15.148,15.3244705,15.263765],"tintindex":0,"rotation":0,"texture":"#0"},"west":{"uv":[6.4402356,14.795059,6.3244705,14.910823],"tintindex":0,"rotation":0,"texture":"#0"},"up":{"uv":[2.3244705,15.469647,2.5284708,15.353882],"tintindex":0,"rotation":0,"texture":"#0"},"down":{"uv":[2.5303528,15.353882,2.734353,15.469647],"tintindex":0,"rotation":0,"texture":"#0"}}}],"display":{"head":{"rotation":[0.0,0.0,0.0]},"firstperson_righthand":{"rotation":[0.0,0.0,0.0]},"thirdperson_lefthand":{"rotation":[0.0,-0.0,-0.0]},"firstperson_lefthand":{"rotation":[0.0,-0.0,-0.0]},"fixed":{"rotation":[0.0,0.0,0.0]},"ground":{"rotation":[0.0,0.0,0.0]},"thirdperson_righthand":{"rotation":[0.0,0.0,0.0]},"gui":{"rotation":[-150.0,-45.0,180.0]}}}