{"textures":{"0":"modelengine:entity/balrog","particle":"#0"},"elements":[{"from":[-2.9997997,-5.4300385,-2.9997997],"to":[18.9998,21.430008,18.9998],"faces":{"east":{"uv":[10.442118,11.118588,11.087294,11.910823],"tintindex":0,"rotation":0,"texture":"#0"},"south":{"uv":[11.089177,11.118588,11.734353,11.910823],"tintindex":0,"rotation":0,"texture":"#0"},"north":{"uv":[9.411765E-4,11.059765,0.6461177,11.851999],"tintindex":0,"rotation":0,"texture":"#0"},"west":{"uv":[7.6185884,11.177412,8.263764,11.969646],"tintindex":0,"rotation":0,"texture":"#0"},"up":{"uv":[12.910823,8.351999,12.265648,7.706824],"tintindex":0,"rotation":0,"texture":"#0"},"down":{"uv":[1.1461176,12.412706,0.50094116,13.057882],"tintindex":0,"rotation":0,"texture":"#0"}}}],"display":{"head":{"rotation":[0.0,0.0,0.0]},"firstperson_righthand":{"rotation":[0.0,0.0,0.0]},"thirdperson_lefthand":{"rotation":[0.0,-0.0,-0.0]},"firstperson_lefthand":{"rotation":[0.0,-0.0,-0.0]},"fixed":{"rotation":[0.0,0.0,0.0]},"ground":{"rotation":[0.0,0.0,0.0]},"thirdperson_righthand":{"rotation":[0.0,0.0,0.0]},"gui":{"rotation":[-150.0,-45.0,180.0]}}}