{"textures":{"0":"modelengine:entity/balrog","particle":"#0"},"elements":[{"from":[5.9814596,1.3179607,-2.4065304],"to":[13.06246,8.30196,11.17347],"faces":{"east":{"uv":[14.853883,12.206824,15.263765,12.410823],"tintindex":0,"rotation":0,"texture":"#0"},"south":{"uv":[15.236235,3.3244705,15.440236,3.5284708],"tintindex":0,"rotation":0,"texture":"#0"},"north":{"uv":[15.206823,14.412706,15.410824,14.616706],"tintindex":0,"rotation":0,"texture":"#0"},"west":{"uv":[14.853883,13.795059,15.263765,13.999059],"tintindex":0,"rotation":0,"texture":"#0"},"up":{"uv":[14.822588,15.263765,14.618588,14.853883],"tintindex":0,"rotation":0,"texture":"#0"},"down":{"uv":[15.02847,14.853883,14.824471,15.263765],"tintindex":0,"rotation":0,"texture":"#0"}},"rotation":{"origin":[3.9173002,4.2978,2.3915405],"angle":45.0,"axis":"z"}},{"from":[13.07827,2.8541508,-7.9355297],"to":[13.07827,8.33465,0.115470886],"faces":{"east":{"uv":[15.265647,13.795059,15.49906,13.969646],"tintindex":0,"rotation":0,"texture":"#0"},"south":{"uv":[9.411765E-4,9.411765E-4,-0.0017647059,0.1755294],"tintindex":0,"rotation":0,"texture":"#0"},"north":{"uv":[9.411765E-4,9.411765E-4,-0.0017647059,0.1755294],"tintindex":0,"rotation":0,"texture":"#0"},"west":{"uv":[15.265647,13.97153,15.49906,14.146117],"tintindex":0,"rotation":0,"texture":"#0"},"up":{"uv":[9.411765E-4,0.23435295,-0.0017647059,9.411765E-4],"tintindex":0,"rotation":0,"texture":"#0"},"down":{"uv":[9.411765E-4,9.411765E-4,-0.0017647059,0.23435295],"tintindex":0,"rotation":0,"texture":"#0"}},"rotation":{"origin":[3.9173002,4.2978,2.3915405],"angle":45.0,"axis":"z"}},{"from":[8.76177,3.9696503,-5.5105305],"to":[13.02977,8.23765,0.115470886],"faces":{"east":{"uv":[15.3244705,6.0891767,15.49906,6.234353],"tintindex":0,"rotation":0,"texture":"#0"},"south":{"uv":[3.2362351,15.353882,3.3814118,15.49906],"tintindex":0,"rotation":0,"texture":"#0"},"north":{"uv":[15.1185875,2.3538823,15.263765,2.499059],"tintindex":0,"rotation":0,"texture":"#0"},"west":{"uv":[15.3244705,6.236235,15.49906,6.381412],"tintindex":0,"rotation":0,"texture":"#0"},"up":{"uv":[5.5284705,15.322589,5.383294,15.148],"tintindex":0,"rotation":0,"texture":"#0"},"down":{"uv":[5.5284705,15.3244705,5.383294,15.49906],"tintindex":0,"rotation":0,"texture":"#0"}},"rotation":{"origin":[3.9173002,4.2978,2.3915405],"angle":45.0,"axis":"z"}},{"from":[7.5977697,8.33465,-7.9355297],"to":[13.07827,8.33465,0.115470886],"faces":{"east":{"uv":[9.411765E-4,9.411765E-4,0.23435295,-0.0017647059],"tintindex":0,"rotation":0,"texture":"#0"},"south":{"uv":[9.411765E-4,9.411765E-4,0.1755294,-0.0017647059],"tintindex":0,"rotation":0,"texture":"#0"},"north":{"uv":[9.411765E-4,9.411765E-4,0.1755294,-0.0017647059],"tintindex":0,"rotation":0,"texture":"#0"},"west":{"uv":[9.411765E-4,9.411765E-4,0.23435295,-0.0017647059],"tintindex":0,"rotation":0,"texture":"#0"},"up":{"uv":[14.763764,15.49906,14.589177,15.265647],"tintindex":0,"rotation":0,"texture":"#0"},"down":{"uv":[14.940235,15.265647,14.765648,15.49906],"tintindex":0,"rotation":0,"texture":"#0"}},"rotation":{"origin":[3.9173002,4.2978,2.3915405],"angle":45.0,"axis":"z"}}],"display":{"head":{"rotation":[0.0,0.0,0.0]},"firstperson_righthand":{"rotation":[0.0,0.0,0.0]},"thirdperson_lefthand":{"rotation":[0.0,-0.0,-0.0]},"firstperson_lefthand":{"rotation":[0.0,-0.0,-0.0]},"fixed":{"rotation":[0.0,0.0,0.0]},"ground":{"rotation":[0.0,0.0,0.0]},"thirdperson_righthand":{"rotation":[0.0,0.0,0.0]},"gui":{"rotation":[-150.0,-45.0,180.0]}}}