{"textures":{"0":"modelengine:entity/balrog","particle":"#0"},"elements":[{"from":[4.23031,-15.303509,-2.8021908],"to":[21.857689,9.769512,14.825188],"faces":{"east":{"uv":[10.177412,12.559765,10.704941,13.293176],"tintindex":0,"rotation":0,"texture":"#0"},"south":{"uv":[12.559765,12.412706,13.087294,13.146117],"tintindex":0,"rotation":0,"texture":"#0"},"north":{"uv":[6.7950587,12.559765,7.3225884,13.293176],"tintindex":0,"rotation":0,"texture":"#0"},"west":{"uv":[9.500941,12.589177,10.02847,13.322588],"tintindex":0,"rotation":0,"texture":"#0"},"up":{"uv":[13.881412,2.9696472,13.353883,2.4421177],"tintindex":0,"rotation":0,"texture":"#0"},"down":{"uv":[7.7637644,13.383294,7.236235,13.910823],"tintindex":0,"rotation":0,"texture":"#0"}},"rotation":{"origin":[7.81958,-4.7439804,1.1343784],"angle":-45.0,"axis":"y"}}],"display":{"head":{"rotation":[0.0,0.0,0.0]},"firstperson_righthand":{"rotation":[0.0,0.0,0.0]},"thirdperson_lefthand":{"rotation":[0.0,-0.0,-0.0]},"firstperson_lefthand":{"rotation":[0.0,-0.0,-0.0]},"fixed":{"rotation":[0.0,0.0,0.0]},"ground":{"rotation":[0.0,0.0,0.0]},"thirdperson_righthand":{"rotation":[0.0,0.0,0.0]},"gui":{"rotation":[-150.0,-45.0,180.0]}}}