{"textures":{"0":"modelengine:entity/balrog","particle":"#0"},"elements":[{"from":[-2.9943619,-1.3650589,3.350071],"to":[12.0590515,15.047668,19.471302],"faces":{"east":{"uv":[4.1755295,13.677412,3.7068236,14.1755295],"tintindex":0,"rotation":0,"texture":"#0"},"south":{"uv":[14.1755295,3.9715292,13.736236,4.469647],"tintindex":0,"rotation":0,"texture":"#0"},"north":{"uv":[14.1755295,2.9715292,13.736236,3.4696472],"tintindex":0,"rotation":0,"texture":"#0"},"west":{"uv":[4.234353,9.030354,3.765647,9.52847],"tintindex":0,"rotation":0,"texture":"#0"},"up":{"uv":[7.236235,14.381412,7.675529,13.912706],"tintindex":0,"rotation":0,"texture":"#0"},"down":{"uv":[2.148,13.942118,2.587294,14.410823],"tintindex":0,"rotation":0,"texture":"#0"}}}],"display":{"head":{"rotation":[0.0,0.0,0.0]},"firstperson_righthand":{"rotation":[0.0,0.0,0.0]},"thirdperson_lefthand":{"rotation":[0.0,-0.0,-0.0]},"firstperson_lefthand":{"rotation":[0.0,-0.0,-0.0]},"fixed":{"rotation":[0.0,0.0,0.0]},"ground":{"rotation":[0.0,0.0,0.0]},"thirdperson_righthand":{"rotation":[0.0,0.0,0.0]},"gui":{"rotation":[-150.0,-45.0,180.0]}}}