{"textures":{"0":"modelengine:entity/balrog","particle":"#0"},"elements":[{"from":[0.36271048,4.403761,8.83218],"to":[9.57771,12.74576,24.35218],"faces":{"east":{"uv":[4.618588,10.47153,5.087294,10.734353],"tintindex":0,"rotation":0,"texture":"#0"},"south":{"uv":[4.059765,15.059764,4.3225884,15.322589],"tintindex":0,"rotation":0,"texture":"#0"},"north":{"uv":[3.7950587,15.059764,4.0578823,15.322589],"tintindex":0,"rotation":0,"texture":"#0"},"west":{"uv":[7.030353,11.677412,7.4990587,11.940235],"tintindex":0,"rotation":0,"texture":"#0"},"up":{"uv":[2.0284708,14.999059,1.765647,14.530354],"tintindex":0,"rotation":0,"texture":"#0"},"down":{"uv":[4.6755295,14.530354,4.412706,14.999059],"tintindex":0,"rotation":0,"texture":"#0"}},"rotation":{"origin":[8.0,8.0,8.0],"angle":-45.0,"axis":"z"}},{"from":[-0.0994997,5.3753605,-0.12354088],"to":[12.219501,12.019859,11.37096],"faces":{"east":{"uv":[15.030354,9.236236,15.3814125,9.440235],"tintindex":0,"rotation":0,"texture":"#0"},"south":{"uv":[15.000941,4.883294,15.3814125,5.087294],"tintindex":0,"rotation":0,"texture":"#0"},"north":{"uv":[15.000941,4.6774116,15.3814125,4.881412],"tintindex":0,"rotation":0,"texture":"#0"},"west":{"uv":[15.059764,9.411765E-4,15.410824,0.20494117],"tintindex":0,"rotation":0,"texture":"#0"},"up":{"uv":[2.8225882,14.822588,2.4421177,14.47153],"tintindex":0,"rotation":0,"texture":"#0"},"down":{"uv":[14.851999,13.295059,14.47153,13.646117],"tintindex":0,"rotation":0,"texture":"#0"}},"rotation":{"origin":[7.0300007,8.969999,8.969999],"angle":45.0,"axis":"x"}}],"display":{"head":{"rotation":[0.0,0.0,0.0]},"firstperson_righthand":{"rotation":[0.0,0.0,0.0]},"thirdperson_lefthand":{"rotation":[0.0,-0.0,-0.0]},"firstperson_lefthand":{"rotation":[0.0,-0.0,-0.0]},"fixed":{"rotation":[0.0,0.0,0.0]},"ground":{"rotation":[0.0,0.0,0.0]},"thirdperson_righthand":{"rotation":[0.0,0.0,0.0]},"gui":{"rotation":[-150.0,-45.0,180.0]}}}