{"textures":{"0":"modelengine:entity/balrog","particle":"#0"},"elements":[{"from":[9.69112,8.418915,-0.38990784],"to":[14.347122,11.4453125,2.6752892],"faces":{"east":{"uv":[5.0891767,13.089177,5.1755295,13.1755295],"tintindex":0,"rotation":0,"texture":"#0"},"south":{"uv":[15.000941,13.559765,15.146118,13.646117],"tintindex":0,"rotation":0,"texture":"#0"},"north":{"uv":[15.000941,9.853883,15.146118,9.940235],"tintindex":0,"rotation":0,"texture":"#0"},"west":{"uv":[7.236235,13.295059,7.3225884,13.381412],"tintindex":0,"rotation":0,"texture":"#0"},"up":{"uv":[15.263765,6.881412,15.1185875,6.7950587],"tintindex":0,"rotation":0,"texture":"#0"},"down":{"uv":[15.440236,0.648,15.295058,0.73435295],"tintindex":0,"rotation":0,"texture":"#0"}}}],"display":{"head":{"rotation":[0.0,0.0,0.0]},"firstperson_righthand":{"rotation":[0.0,0.0,0.0]},"thirdperson_lefthand":{"rotation":[0.0,-0.0,-0.0]},"firstperson_lefthand":{"rotation":[0.0,-0.0,-0.0]},"fixed":{"rotation":[0.0,0.0,0.0]},"ground":{"rotation":[0.0,0.0,0.0]},"thirdperson_righthand":{"rotation":[0.0,0.0,0.0]},"gui":{"rotation":[-150.0,-45.0,180.0]}}}