{"textures":{"0":"modelengine:entity/balrog","particle":"#0"},"elements":[{"from":[5.1424503,-12.732132,-0.3865509],"to":[20.16955,9.33213,13.767551],"faces":{"east":{"uv":[5.7068233,9.530354,6.116706,10.1755295],"tintindex":0,"rotation":0,"texture":"#0"},"south":{"uv":[0.9558824,13.206824,1.3088236,13.851999],"tintindex":0,"rotation":0,"texture":"#0"},"north":{"uv":[9.030354,13.177412,9.469646,13.822588],"tintindex":0,"rotation":0,"texture":"#0"},"west":{"uv":[6.8244705,13.295059,7.234353,13.940235],"tintindex":0,"rotation":0,"texture":"#0"},"up":{"uv":[14.587294,10.646117,14.148001,10.236236],"tintindex":0,"rotation":0,"texture":"#0"},"down":{"uv":[14.587294,12.000941,14.148001,12.410823],"tintindex":0,"rotation":0,"texture":"#0"}},"rotation":{"origin":[8.05851,-3.4397507,2.3986301],"angle":-45.0,"axis":"y"}}],"display":{"head":{"rotation":[0.0,0.0,0.0]},"firstperson_righthand":{"rotation":[0.0,0.0,0.0]},"thirdperson_lefthand":{"rotation":[0.0,-0.0,-0.0]},"firstperson_lefthand":{"rotation":[0.0,-0.0,-0.0]},"fixed":{"rotation":[0.0,0.0,0.0]},"ground":{"rotation":[0.0,0.0,0.0]},"thirdperson_righthand":{"rotation":[0.0,0.0,0.0]},"gui":{"rotation":[-150.0,-45.0,180.0]}}}