{"textures":{"0":"modelengine:entity/balrog","particle":"#0"},"elements":[{"from":[4.241707,6.637146,6.5800705],"to":[28.200207,12.576622,12.263216],"faces":{"east":{"uv":[14.910823,8.765648,14.559765,9.116706],"tintindex":0,"rotation":0,"texture":"#0"},"south":{"uv":[12.851999,6.059765,11.442118,6.410824],"tintindex":0,"rotation":0,"texture":"#0"},"north":{"uv":[12.822588,6.765647,11.412706,7.116706],"tintindex":0,"rotation":0,"texture":"#0"},"west":{"uv":[14.910823,8.412706,14.559765,8.763764],"tintindex":0,"rotation":0,"texture":"#0"},"up":{"uv":[11.559765,8.763764,12.969646,8.412706],"tintindex":0,"rotation":0,"texture":"#0"},"down":{"uv":[11.589177,3.1185882,12.999059,3.4696472],"tintindex":0,"rotation":0,"texture":"#0"}}}],"display":{"head":{"rotation":[0.0,0.0,0.0]},"firstperson_righthand":{"rotation":[0.0,0.0,0.0]},"thirdperson_lefthand":{"rotation":[0.0,-0.0,-0.0]},"firstperson_lefthand":{"rotation":[0.0,-0.0,-0.0]},"fixed":{"rotation":[0.0,0.0,0.0]},"ground":{"rotation":[0.0,0.0,0.0]},"thirdperson_righthand":{"rotation":[0.0,0.0,0.0]},"gui":{"rotation":[-150.0,-45.0,180.0]}}}