{"textures":{"0":"modelengine:entity/balrog","particle":"#0"},"elements":[{"from":[5.9387503,-10.233551,3.8908548],"to":[10.35225,6.6201973,8.401355],"faces":{"east":{"uv":[3.1774118,13.442118,3.4402354,14.440235],"tintindex":0,"rotation":0,"texture":"#0"},"south":{"uv":[3.4421177,13.442118,3.7049413,14.440235],"tintindex":0,"rotation":0,"texture":"#0"},"north":{"uv":[7.7656474,13.383294,8.02847,14.381412],"tintindex":0,"rotation":0,"texture":"#0"},"west":{"uv":[1.3538824,13.530354,1.6167059,14.52847],"tintindex":0,"rotation":0,"texture":"#0"},"up":{"uv":[9.322588,10.116706,9.059765,9.853883],"tintindex":0,"rotation":0,"texture":"#0"},"down":{"uv":[10.440235,11.648001,10.177412,11.910823],"tintindex":0,"rotation":0,"texture":"#0"}}},{"from":[4.380825,-4.4980507,5.467105],"to":[8.794325,1.4916992,10.341354],"faces":{"east":{"uv":[14.648001,4.4421177,14.940235,4.7931767],"tintindex":0,"rotation":0,"texture":"#0"},"south":{"uv":[14.736236,0.5597647,14.999059,0.9108235],"tintindex":0,"rotation":0,"texture":"#0"},"north":{"uv":[4.148,14.706824,4.410824,15.057882],"tintindex":0,"rotation":0,"texture":"#0"},"west":{"uv":[14.648001,11.059765,14.940235,11.410823],"tintindex":0,"rotation":0,"texture":"#0"},"up":{"uv":[11.557882,3.4108236,11.295059,3.1185882],"tintindex":0,"rotation":0,"texture":"#0"},"down":{"uv":[6.9402356,14.942118,6.6774116,15.234353],"tintindex":0,"rotation":0,"texture":"#0"}},"rotation":{"origin":[8.630501,-7.4101715,4.36625],"angle":-22.5,"axis":"z"}},{"from":[4.2655,0.36694336,5.3765545],"to":[12.1710005,7.3751945,12.118055],"faces":{"east":{"uv":[14.177412,12.883294,14.587294,13.293176],"tintindex":0,"rotation":0,"texture":"#0"},"south":{"uv":[13.97153,13.883294,14.440235,14.293176],"tintindex":0,"rotation":0,"texture":"#0"},"north":{"uv":[0.44211763,13.97153,0.9108235,14.381412],"tintindex":0,"rotation":0,"texture":"#0"},"west":{"uv":[9.411765E-4,14.206824,0.41082355,14.616706],"tintindex":0,"rotation":0,"texture":"#0"},"up":{"uv":[8.822588,14.499059,8.353883,14.089177],"tintindex":0,"rotation":0,"texture":"#0"},"down":{"uv":[14.557882,8.412706,14.089177,8.822588],"tintindex":0,"rotation":0,"texture":"#0"}}},{"from":[7.82282,-3.4679604,5.467105],"to":[12.2363205,2.5217896,10.341354],"faces":{"east":{"uv":[14.648001,11.412706,14.940235,11.763764],"tintindex":0,"rotation":0,"texture":"#0"},"south":{"uv":[10.47153,14.736236,10.734353,15.087295],"tintindex":0,"rotation":0,"texture":"#0"},"north":{"uv":[14.736236,3.3244705,14.999059,3.6755295],"tintindex":0,"rotation":0,"texture":"#0"},"west":{"uv":[14.677412,0.20682353,14.969646,0.55788237],"tintindex":0,"rotation":0,"texture":"#0"},"up":{"uv":[8.02847,15.234353,7.7656474,14.942118],"tintindex":0,"rotation":0,"texture":"#0"},"down":{"uv":[15.204942,10.883294,14.942118,11.1755295],"tintindex":0,"rotation":0,"texture":"#0"}},"rotation":{"origin":[10.4735,-7.4101715,4.36625],"angle":22.5,"axis":"z"}},{"from":[6.66625,-12.024807,6.055555],"to":[9.62475,2.0401936,10.444805],"faces":{"east":{"uv":[2.883294,13.589177,3.1461177,14.410823],"tintindex":0,"rotation":0,"texture":"#0"},"south":{"uv":[7.030353,13.942118,7.2049413,14.763764],"tintindex":0,"rotation":0,"texture":"#0"},"north":{"uv":[7.412706,8.000941,7.5872936,8.822588],"tintindex":0,"rotation":0,"texture":"#0"},"west":{"uv":[4.9421177,13.706824,5.2049413,14.52847],"tintindex":0,"rotation":0,"texture":"#0"},"up":{"uv":[14.587294,6.469647,14.412706,6.2068233],"tintindex":0,"rotation":0,"texture":"#0"},"down":{"uv":[10.734353,15.089176,10.559765,15.352],"tintindex":0,"rotation":0,"texture":"#0"}}},{"from":[4.88081,4.991329,3.9463797],"to":[11.71931,12.824078,10.80913],"faces":{"east":{"uv":[14.148001,12.412706,14.557882,12.881412],"tintindex":0,"rotation":0,"texture":"#0"},"south":{"uv":[12.97153,14.148001,13.381412,14.616706],"tintindex":0,"rotation":0,"texture":"#0"},"north":{"uv":[5.912706,12.618588,6.3225884,13.087294],"tintindex":0,"rotation":0,"texture":"#0"},"west":{"uv":[13.383294,14.148001,13.793176,14.616706],"tintindex":0,"rotation":0,"texture":"#0"},"up":{"uv":[14.204941,14.704941,13.795059,14.295059],"tintindex":0,"rotation":0,"texture":"#0"},"down":{"uv":[14.616706,14.295059,14.206824,14.704941],"tintindex":0,"rotation":0,"texture":"#0"}},"rotation":{"origin":[8.21825,4.824848,7.52413],"angle":22.5,"axis":"x"}},{"from":[5.7205,-3.9738064,6.055555],"to":[10.570499,3.980194,11.390554],"faces":{"east":{"uv":[14.324471,4.4421177,14.646117,4.910824],"tintindex":0,"rotation":0,"texture":"#0"},"south":{"uv":[2.883294,14.412706,3.1755295,14.881412],"tintindex":0,"rotation":0,"texture":"#0"},"north":{"uv":[2.148,14.412706,2.4402354,14.881412],"tintindex":0,"rotation":0,"texture":"#0"},"west":{"uv":[14.324471,11.059765,14.646117,11.52847],"tintindex":0,"rotation":0,"texture":"#0"},"up":{"uv":[0.5284706,15.116707,0.23623528,14.795059],"tintindex":0,"rotation":0,"texture":"#0"},"down":{"uv":[6.3225884,14.795059,6.030353,15.116707],"tintindex":0,"rotation":0,"texture":"#0"}}}],"display":{"head":{"rotation":[0.0,0.0,0.0]},"firstperson_righthand":{"rotation":[0.0,0.0,0.0]},"thirdperson_lefthand":{"rotation":[0.0,-0.0,-0.0]},"firstperson_lefthand":{"rotation":[0.0,-0.0,-0.0]},"fixed":{"rotation":[0.0,0.0,0.0]},"ground":{"rotation":[0.0,0.0,0.0]},"thirdperson_righthand":{"rotation":[0.0,0.0,0.0]},"gui":{"rotation":[-150.0,-45.0,180.0]}}}