{"textures":{"0":"modelengine:entity/balrog","particle":"#0"},"elements":[{"from":[6.638363,7.600281,-0.7377014],"to":[11.294361,11.713089,3.4138985],"faces":{"east":{"uv":[1.3538824,11.765648,1.469647,11.881412],"tintindex":0,"rotation":0,"texture":"#0"},"south":{"uv":[15.383294,7.236235,15.528471,7.352],"tintindex":0,"rotation":0,"texture":"#0"},"north":{"uv":[7.1774116,15.383294,7.3225884,15.49906],"tintindex":0,"rotation":0,"texture":"#0"},"west":{"uv":[7.5009413,11.795059,7.6167054,11.910823],"tintindex":0,"rotation":0,"texture":"#0"},"up":{"uv":[15.528471,7.469647,15.383294,7.3538823],"tintindex":0,"rotation":0,"texture":"#0"},"down":{"uv":[7.704941,15.383294,7.5597653,15.49906],"tintindex":0,"rotation":0,"texture":"#0"}}}],"display":{"head":{"rotation":[0.0,0.0,0.0]},"firstperson_righthand":{"rotation":[0.0,0.0,0.0]},"thirdperson_lefthand":{"rotation":[0.0,-0.0,-0.0]},"firstperson_lefthand":{"rotation":[0.0,-0.0,-0.0]},"fixed":{"rotation":[0.0,0.0,0.0]},"ground":{"rotation":[0.0,0.0,0.0]},"thirdperson_righthand":{"rotation":[0.0,0.0,0.0]},"gui":{"rotation":[-150.0,-45.0,180.0]}}}