{"textures":{"0":"modelengine:entity/balrog","particle":"#0"},"elements":[{"from":[8.4702835,5.424061,8.56193],"to":[22.847237,7.4932327,10.70652],"faces":{"east":{"uv":[15.528471,8.059765,15.383294,8.1755295],"tintindex":0,"rotation":0,"texture":"#0"},"south":{"uv":[15.410824,9.118588,14.559765,9.234353],"tintindex":0,"rotation":0,"texture":"#0"},"north":{"uv":[15.322589,1.765647,14.47153,1.8814117],"tintindex":0,"rotation":0,"texture":"#0"},"west":{"uv":[15.528471,7.942118,15.383294,8.057882],"tintindex":0,"rotation":0,"texture":"#0"},"up":{"uv":[10.148001,5.7931767,10.999059,5.648],"tintindex":0,"rotation":0,"texture":"#0"},"down":{"uv":[14.412706,5.383294,15.263765,5.5284705],"tintindex":0,"rotation":0,"texture":"#0"}}}],"display":{"head":{"rotation":[0.0,0.0,0.0]},"firstperson_righthand":{"rotation":[0.0,0.0,0.0]},"thirdperson_lefthand":{"rotation":[0.0,-0.0,-0.0]},"firstperson_lefthand":{"rotation":[0.0,-0.0,-0.0]},"fixed":{"rotation":[0.0,0.0,0.0]},"ground":{"rotation":[0.0,0.0,0.0]},"thirdperson_righthand":{"rotation":[0.0,0.0,0.0]},"gui":{"rotation":[-150.0,-45.0,180.0]}}}