{"textures":{"0":"modelengine:entity/balrog","particle":"#0"},"elements":[{"from":[5.3504105,1.8208008,-5.051708],"to":[13.34321,11.443207,5.4242897],"faces":{"east":{"uv":[11.559765,1.4127059,11.881412,1.7049412],"tintindex":0,"rotation":0,"texture":"#0"},"south":{"uv":[15.059764,10.059765,15.293177,10.351999],"tintindex":0,"rotation":0,"texture":"#0"},"north":{"uv":[9.295059,15.059764,9.52847,15.352],"tintindex":0,"rotation":0,"texture":"#0"},"west":{"uv":[0.53035295,14.824471,0.852,15.116707],"tintindex":0,"rotation":0,"texture":"#0"},"up":{"uv":[1.9108236,15.322589,1.6774118,15.000941],"tintindex":0,"rotation":0,"texture":"#0"},"down":{"uv":[15.234353,3.3244705,15.000941,3.6461177],"tintindex":0,"rotation":0,"texture":"#0"}}}],"display":{"head":{"rotation":[0.0,0.0,0.0]},"firstperson_righthand":{"rotation":[0.0,0.0,0.0]},"thirdperson_lefthand":{"rotation":[0.0,-0.0,-0.0]},"firstperson_lefthand":{"rotation":[0.0,-0.0,-0.0]},"fixed":{"rotation":[0.0,0.0,0.0]},"ground":{"rotation":[0.0,0.0,0.0]},"thirdperson_righthand":{"rotation":[0.0,0.0,0.0]},"gui":{"rotation":[-150.0,-45.0,180.0]}}}