{"textures":{"0":"modelengine:entity/balrog","particle":"#0"},"elements":[{"from":[2.924881,2.1490326,-4.6249123],"to":[10.917681,10.0642395,4.99749],"faces":{"east":{"uv":[12.530354,15.089176,12.822588,15.322589],"tintindex":0,"rotation":0,"texture":"#0"},"south":{"uv":[5.736235,15.177411,5.969647,15.410824],"tintindex":0,"rotation":0,"texture":"#0"},"north":{"uv":[15.148,12.853883,15.3814125,13.087294],"tintindex":0,"rotation":0,"texture":"#0"},"west":{"uv":[15.030354,15.089176,15.322589,15.322589],"tintindex":0,"rotation":0,"texture":"#0"},"up":{"uv":[0.23435295,15.410824,9.411765E-4,15.1185875],"tintindex":0,"rotation":0,"texture":"#0"},"down":{"uv":[0.46964708,15.1185875,0.23623528,15.410824],"tintindex":0,"rotation":0,"texture":"#0"}}}],"display":{"head":{"rotation":[0.0,0.0,0.0]},"firstperson_righthand":{"rotation":[0.0,0.0,0.0]},"thirdperson_lefthand":{"rotation":[0.0,-0.0,-0.0]},"firstperson_lefthand":{"rotation":[0.0,-0.0,-0.0]},"fixed":{"rotation":[0.0,0.0,0.0]},"ground":{"rotation":[0.0,0.0,0.0]},"thirdperson_righthand":{"rotation":[0.0,0.0,0.0]},"gui":{"rotation":[-150.0,-45.0,180.0]}}}