{"textures":{"0":"modelengine:entity/balrog","particle":"#0"},"elements":[{"from":[3.6162262,-5.388195,9.4109745],"to":[14.599224,19.59042,9.4109745],"faces":{"east":{"uv":[9.411765E-4,9.411765E-4,-0.0017647059,1.469647],"tintindex":0,"rotation":0,"texture":"#0"},"south":{"uv":[6.763765,8.000941,6.118588,9.469646],"tintindex":0,"rotation":0,"texture":"#0"},"north":{"uv":[6.118588,8.000941,6.763765,9.469646],"tintindex":0,"rotation":0,"texture":"#0"},"west":{"uv":[9.411765E-4,9.411765E-4,-0.0017647059,1.469647],"tintindex":0,"rotation":0,"texture":"#0"},"up":{"uv":[0.6461177,9.411765E-4,9.411765E-4,-0.0017647059],"tintindex":0,"rotation":0,"texture":"#0"},"down":{"uv":[0.6461177,9.411765E-4,9.411765E-4,-0.0017647059],"tintindex":0,"rotation":0,"texture":"#0"}}}],"display":{"head":{"rotation":[0.0,0.0,0.0]},"firstperson_righthand":{"rotation":[0.0,0.0,0.0]},"thirdperson_lefthand":{"rotation":[0.0,-0.0,-0.0]},"firstperson_lefthand":{"rotation":[0.0,-0.0,-0.0]},"fixed":{"rotation":[0.0,0.0,0.0]},"ground":{"rotation":[0.0,0.0,0.0]},"thirdperson_righthand":{"rotation":[0.0,0.0,0.0]},"gui":{"rotation":[-150.0,-45.0,180.0]}}}