{"textures":{"0":"modelengine:entity/balrog","particle":"#0"},"elements":[{"from":[6.42229,4.403761,8.83218],"to":[15.637289,12.74576,24.35218],"faces":{"east":{"uv":[2.383294,12.559765,2.852,12.822588],"tintindex":0,"rotation":0,"texture":"#0"},"south":{"uv":[8.295059,15.059764,8.557882,15.322589],"tintindex":0,"rotation":0,"texture":"#0"},"north":{"uv":[15.059764,4.1774116,15.322589,4.4402356],"tintindex":0,"rotation":0,"texture":"#0"},"west":{"uv":[14.589177,4.1774116,15.057882,4.4402356],"tintindex":0,"rotation":0,"texture":"#0"},"up":{"uv":[4.9402356,14.999059,4.6774116,14.530354],"tintindex":0,"rotation":0,"texture":"#0"},"down":{"uv":[5.2049413,14.530354,4.9421177,14.999059],"tintindex":0,"rotation":0,"texture":"#0"}},"rotation":{"origin":[8.0,8.0,8.0],"angle":45.0,"axis":"z"}},{"from":[3.7804995,5.3753605,-0.12354088],"to":[16.099499,12.019859,11.37096],"faces":{"east":{"uv":[0.4715294,15.1185875,0.82258826,15.322589],"tintindex":0,"rotation":0,"texture":"#0"},"south":{"uv":[15.000941,7.3244705,15.3814125,7.5284705],"tintindex":0,"rotation":0,"texture":"#0"},"north":{"uv":[15.000941,5.736235,15.3814125,5.9402356],"tintindex":0,"rotation":0,"texture":"#0"},"west":{"uv":[15.1185875,2.148,15.469647,2.352],"tintindex":0,"rotation":0,"texture":"#0"},"up":{"uv":[8.734353,14.851999,8.353883,14.500941],"tintindex":0,"rotation":0,"texture":"#0"},"down":{"uv":[9.116706,14.500941,8.736236,14.851999],"tintindex":0,"rotation":0,"texture":"#0"}},"rotation":{"origin":[8.969999,8.969999,8.969999],"angle":45.0,"axis":"x"}}],"display":{"head":{"rotation":[0.0,0.0,0.0]},"firstperson_righthand":{"rotation":[0.0,0.0,0.0]},"thirdperson_lefthand":{"rotation":[0.0,-0.0,-0.0]},"firstperson_lefthand":{"rotation":[0.0,-0.0,-0.0]},"fixed":{"rotation":[0.0,0.0,0.0]},"ground":{"rotation":[0.0,0.0,0.0]},"thirdperson_righthand":{"rotation":[0.0,0.0,0.0]},"gui":{"rotation":[-150.0,-45.0,180.0]}}}