{"textures":{"0":"modelengine:entity/balrog","particle":"#0"},"elements":[{"from":[3.0185905,2.4259186,-4.9732094],"to":[11.011391,10.729111,5.0371895],"faces":{"east":{"uv":[3.500941,14.97153,3.7931767,15.234353],"tintindex":0,"rotation":0,"texture":"#0"},"south":{"uv":[7.2068233,15.1185875,7.4402356,15.3814125],"tintindex":0,"rotation":0,"texture":"#0"},"north":{"uv":[15.1185875,6.530353,15.352,6.7931767],"tintindex":0,"rotation":0,"texture":"#0"},"west":{"uv":[15.000941,0.4715294,15.293177,0.73435295],"tintindex":0,"rotation":0,"texture":"#0"},"up":{"uv":[14.440235,15.322589,14.206824,15.030354],"tintindex":0,"rotation":0,"texture":"#0"},"down":{"uv":[15.263765,14.795059,15.030354,15.087295],"tintindex":0,"rotation":0,"texture":"#0"}}}],"display":{"head":{"rotation":[0.0,0.0,0.0]},"firstperson_righthand":{"rotation":[0.0,0.0,0.0]},"thirdperson_lefthand":{"rotation":[0.0,-0.0,-0.0]},"firstperson_lefthand":{"rotation":[0.0,-0.0,-0.0]},"fixed":{"rotation":[0.0,0.0,0.0]},"ground":{"rotation":[0.0,0.0,0.0]},"thirdperson_righthand":{"rotation":[0.0,0.0,0.0]},"gui":{"rotation":[-150.0,-45.0,180.0]}}}