{"textures":{"0":"modelengine:entity/balrog","particle":"#0"},"elements":[{"from":[3.6080704,6.714737,6.105051],"to":[7.8814163,6.714737,8.87645],"faces":{"east":{"uv":[9.411765E-4,9.411765E-4,0.08729412,-0.0017647059],"tintindex":0,"rotation":0,"texture":"#0"},"south":{"uv":[9.411765E-4,9.411765E-4,0.14611764,-0.0017647059],"tintindex":0,"rotation":0,"texture":"#0"},"north":{"uv":[9.411765E-4,9.411765E-4,0.14611764,-0.0017647059],"tintindex":0,"rotation":0,"texture":"#0"},"west":{"uv":[9.411765E-4,9.411765E-4,0.08729412,-0.0017647059],"tintindex":0,"rotation":0,"texture":"#0"},"up":{"uv":[14.587294,14.293176,14.442118,14.206824],"tintindex":0,"rotation":0,"texture":"#0"},"down":{"uv":[14.616706,13.795059,14.47153,13.881412],"tintindex":0,"rotation":0,"texture":"#0"}},"rotation":{"origin":[5.3809967,6.714737,6.2054996],"angle":-45.0,"axis":"x"}},{"from":[3.6080704,4.140793,8.824501],"to":[7.8814163,6.7181854,8.824501],"faces":{"east":{"uv":[9.411765E-4,9.411765E-4,-0.0017647059,0.08729412],"tintindex":0,"rotation":0,"texture":"#0"},"south":{"uv":[15.383294,11.383294,15.528471,11.469646],"tintindex":0,"rotation":0,"texture":"#0"},"north":{"uv":[15.383294,11.295059,15.528471,11.381412],"tintindex":0,"rotation":0,"texture":"#0"},"west":{"uv":[9.411765E-4,9.411765E-4,-0.0017647059,0.08729412],"tintindex":0,"rotation":0,"texture":"#0"},"up":{"uv":[0.14611764,9.411765E-4,9.411765E-4,-0.0017647059],"tintindex":0,"rotation":0,"texture":"#0"},"down":{"uv":[0.14611764,9.411765E-4,9.411765E-4,-0.0017647059],"tintindex":0,"rotation":0,"texture":"#0"}},"rotation":{"origin":[5.3809967,6.714737,6.2054996],"angle":-45.0,"axis":"x"}}],"display":{"head":{"rotation":[0.0,0.0,0.0]},"firstperson_righthand":{"rotation":[0.0,0.0,0.0]},"thirdperson_lefthand":{"rotation":[0.0,-0.0,-0.0]},"firstperson_lefthand":{"rotation":[0.0,-0.0,-0.0]},"fixed":{"rotation":[0.0,0.0,0.0]},"ground":{"rotation":[0.0,0.0,0.0]},"thirdperson_righthand":{"rotation":[0.0,0.0,0.0]},"gui":{"rotation":[-150.0,-45.0,180.0]}}}