{"textures":{"0":"modelengine:entity/balrog","particle":"#0"},"elements":[{"from":[4.1790905,3.1406555,-3.9038582],"to":[11.201889,10.124649,4.321743],"faces":{"east":{"uv":[15.148,13.089177,15.3814125,13.293176],"tintindex":0,"rotation":0,"texture":"#0"},"south":{"uv":[15.265647,1.8832941,15.469647,2.087294],"tintindex":0,"rotation":0,"texture":"#0"},"north":{"uv":[15.265647,0.73623526,15.469647,0.9402353],"tintindex":0,"rotation":0,"texture":"#0"},"west":{"uv":[15.177411,13.295059,15.410824,13.499059],"tintindex":0,"rotation":0,"texture":"#0"},"up":{"uv":[8.263764,13.146117,8.059765,12.912706],"tintindex":0,"rotation":0,"texture":"#0"},"down":{"uv":[15.410824,10.883294,15.206823,11.116706],"tintindex":0,"rotation":0,"texture":"#0"}}}],"display":{"head":{"rotation":[0.0,0.0,0.0]},"firstperson_righthand":{"rotation":[0.0,0.0,0.0]},"thirdperson_lefthand":{"rotation":[0.0,-0.0,-0.0]},"firstperson_lefthand":{"rotation":[0.0,-0.0,-0.0]},"fixed":{"rotation":[0.0,0.0,0.0]},"ground":{"rotation":[0.0,0.0,0.0]},"thirdperson_righthand":{"rotation":[0.0,0.0,0.0]},"gui":{"rotation":[-150.0,-45.0,180.0]}}}