{"textures":{"0":"modelengine:entity/balrog","particle":"#0"},"elements":[{"from":[4.798111,3.1406555,-3.9038582],"to":[11.8209095,10.124649,4.321743],"faces":{"east":{"uv":[13.677412,13.47153,13.910823,13.6755295],"tintindex":0,"rotation":0,"texture":"#0"},"south":{"uv":[15.265647,0.20682353,15.469647,0.41082355],"tintindex":0,"rotation":0,"texture":"#0"},"north":{"uv":[7.7656474,15.236235,7.969647,15.440236],"tintindex":0,"rotation":0,"texture":"#0"},"west":{"uv":[15.148,5.530353,15.3814125,5.734353],"tintindex":0,"rotation":0,"texture":"#0"},"up":{"uv":[1.2931764,9.793176,1.0891765,9.559765],"tintindex":0,"rotation":0,"texture":"#0"},"down":{"uv":[13.087294,1.0597647,12.883294,1.2931764],"tintindex":0,"rotation":0,"texture":"#0"}}}],"display":{"head":{"rotation":[0.0,0.0,0.0]},"firstperson_righthand":{"rotation":[0.0,0.0,0.0]},"thirdperson_lefthand":{"rotation":[0.0,-0.0,-0.0]},"firstperson_lefthand":{"rotation":[0.0,-0.0,-0.0]},"fixed":{"rotation":[0.0,0.0,0.0]},"ground":{"rotation":[0.0,0.0,0.0]},"thirdperson_righthand":{"rotation":[0.0,0.0,0.0]},"gui":{"rotation":[-150.0,-45.0,180.0]}}}