{"textures":{"0":"modelengine:entity/balrog","particle":"#0"},"elements":[{"from":[14.66268,4.1445007,-9.36585],"to":[14.66268,9.625,-1.3148499],"faces":{"east":{"uv":[15.295058,1.4127059,15.528471,1.5872941],"tintindex":0,"rotation":0,"texture":"#0"},"south":{"uv":[9.411765E-4,9.411765E-4,-0.0017647059,0.1755294],"tintindex":0,"rotation":0,"texture":"#0"},"north":{"uv":[9.411765E-4,9.411765E-4,-0.0017647059,0.1755294],"tintindex":0,"rotation":0,"texture":"#0"},"west":{"uv":[15.295058,1.5891765,15.528471,1.7637646],"tintindex":0,"rotation":0,"texture":"#0"},"up":{"uv":[9.411765E-4,0.23435295,-0.0017647059,9.411765E-4],"tintindex":0,"rotation":0,"texture":"#0"},"down":{"uv":[9.411765E-4,9.411765E-4,-0.0017647059,0.23435295],"tintindex":0,"rotation":0,"texture":"#0"}},"rotation":{"origin":[8.08802,3.0988407,0.9612198],"angle":45.0,"axis":"z"}},{"from":[10.39468,5.3085003,-6.940851],"to":[14.66268,9.5765,-1.3148499],"faces":{"east":{"uv":[15.3244705,6.383294,15.49906,6.5284705],"tintindex":0,"rotation":0,"texture":"#0"},"south":{"uv":[8.883294,15.353882,9.02847,15.49906],"tintindex":0,"rotation":0,"texture":"#0"},"north":{"uv":[15.353882,6.648,15.49906,6.7931767],"tintindex":0,"rotation":0,"texture":"#0"},"west":{"uv":[8.177412,15.3244705,8.351999,15.469647],"tintindex":0,"rotation":0,"texture":"#0"},"up":{"uv":[8.499059,15.49906,8.353883,15.3244705],"tintindex":0,"rotation":0,"texture":"#0"},"down":{"uv":[10.381412,15.3244705,10.236236,15.49906],"tintindex":0,"rotation":0,"texture":"#0"}},"rotation":{"origin":[8.08802,3.0988407,0.9612198],"angle":45.0,"axis":"z"}},{"from":[7.5816803,2.6410007,-3.8368511],"to":[14.66268,9.625,9.743149],"faces":{"east":{"uv":[14.853883,14.000941,15.263765,14.204941],"tintindex":0,"rotation":0,"texture":"#0"},"south":{"uv":[6.6774116,15.236235,6.881412,15.440236],"tintindex":0,"rotation":0,"texture":"#0"},"north":{"uv":[3.500941,15.236235,3.7049413,15.440236],"tintindex":0,"rotation":0,"texture":"#0"},"west":{"uv":[14.883294,1.4127059,15.293177,1.6167059],"tintindex":0,"rotation":0,"texture":"#0"},"up":{"uv":[2.234353,15.293177,2.0303528,14.883294],"tintindex":0,"rotation":0,"texture":"#0"},"down":{"uv":[2.4402354,14.883294,2.2362351,15.293177],"tintindex":0,"rotation":0,"texture":"#0"}},"rotation":{"origin":[8.08802,3.0988407,0.9612198],"angle":45.0,"axis":"z"}},{"from":[9.18218,9.625,-9.36585],"to":[14.66268,9.625,-1.3148499],"faces":{"east":{"uv":[9.411765E-4,9.411765E-4,0.23435295,-0.0017647059],"tintindex":0,"rotation":0,"texture":"#0"},"south":{"uv":[9.411765E-4,9.411765E-4,0.1755294,-0.0017647059],"tintindex":0,"rotation":0,"texture":"#0"},"north":{"uv":[9.411765E-4,9.411765E-4,0.1755294,-0.0017647059],"tintindex":0,"rotation":0,"texture":"#0"},"west":{"uv":[9.411765E-4,9.411765E-4,0.23435295,-0.0017647059],"tintindex":0,"rotation":0,"texture":"#0"},"up":{"uv":[15.440236,15.02847,15.265647,14.795059],"tintindex":0,"rotation":0,"texture":"#0"},"down":{"uv":[15.469647,0.41270587,15.295058,0.6461177],"tintindex":0,"rotation":0,"texture":"#0"}},"rotation":{"origin":[8.08802,3.0988407,0.9612198],"angle":45.0,"axis":"z"}}],"display":{"head":{"rotation":[0.0,0.0,0.0]},"firstperson_righthand":{"rotation":[0.0,0.0,0.0]},"thirdperson_lefthand":{"rotation":[0.0,-0.0,-0.0]},"firstperson_lefthand":{"rotation":[0.0,-0.0,-0.0]},"fixed":{"rotation":[0.0,0.0,0.0]},"ground":{"rotation":[0.0,0.0,0.0]},"thirdperson_righthand":{"rotation":[0.0,0.0,0.0]},"gui":{"rotation":[-150.0,-45.0,180.0]}}}