{"textures":{"0":"modelengine:entity/balrog","particle":"#0"},"elements":[{"from":[7.97618,9.718643,10.153099],"to":[10.09466,9.718643,12.706139],"faces":{"east":{"uv":[0.08729412,9.411765E-4,9.411765E-4,-0.0017647059],"tintindex":0,"rotation":0,"texture":"#0"},"south":{"uv":[0.057882354,9.411765E-4,9.411765E-4,-0.0017647059],"tintindex":0,"rotation":0,"texture":"#0"},"north":{"uv":[0.057882354,9.411765E-4,9.411765E-4,-0.0017647059],"tintindex":0,"rotation":0,"texture":"#0"},"west":{"uv":[0.08729412,9.411765E-4,9.411765E-4,-0.0017647059],"tintindex":0,"rotation":0,"texture":"#0"},"up":{"uv":[0.44211763,12.793176,0.49905884,12.706824],"tintindex":0,"rotation":0,"texture":"#0"},"down":{"uv":[12.706824,8.942118,12.763764,9.02847],"tintindex":0,"rotation":0,"texture":"#0"}},"rotation":{"origin":[11.24515,4.2687225,8.26218],"angle":-22.5,"axis":"z"}},{"from":[10.09466,7.63797,10.20742],"to":[10.09466,9.718643,12.76046],"faces":{"east":{"uv":[9.469646,6.0009413,9.383294,6.0578823],"tintindex":0,"rotation":0,"texture":"#0"},"south":{"uv":[9.411765E-4,9.411765E-4,-0.0017647059,0.057882354],"tintindex":0,"rotation":0,"texture":"#0"},"north":{"uv":[9.411765E-4,9.411765E-4,-0.0017647059,0.057882354],"tintindex":0,"rotation":0,"texture":"#0"},"west":{"uv":[9.381412,6.0009413,9.295059,6.0578823],"tintindex":0,"rotation":0,"texture":"#0"},"up":{"uv":[9.411765E-4,0.08729412,-0.0017647059,9.411765E-4],"tintindex":0,"rotation":0,"texture":"#0"},"down":{"uv":[9.411765E-4,9.411765E-4,-0.0017647059,0.08729412],"tintindex":0,"rotation":0,"texture":"#0"}},"rotation":{"origin":[11.24515,4.2687225,8.26218],"angle":-22.5,"axis":"z"}},{"from":[7.97618,7.63797,7.980301],"to":[10.09466,9.718643,10.53334],"faces":{"east":{"uv":[9.293176,6.0009413,9.206824,6.0578823],"tintindex":0,"rotation":0,"texture":"#0"},"south":{"uv":[9.704941,6.0009413,9.648001,6.0578823],"tintindex":0,"rotation":0,"texture":"#0"},"north":{"uv":[9.646117,6.0009413,9.589177,6.0578823],"tintindex":0,"rotation":0,"texture":"#0"},"west":{"uv":[9.204941,6.0009413,9.118588,6.0578823],"tintindex":0,"rotation":0,"texture":"#0"},"up":{"uv":[11.589177,12.6755295,11.646117,12.589177],"tintindex":0,"rotation":0,"texture":"#0"},"down":{"uv":[11.589177,12.677412,11.646117,12.763764],"tintindex":0,"rotation":0,"texture":"#0"}},"rotation":{"origin":[11.24515,4.2687225,8.26218],"angle":-22.5,"axis":"z"}}],"display":{"head":{"rotation":[0.0,0.0,0.0]},"firstperson_righthand":{"rotation":[0.0,0.0,0.0]},"thirdperson_lefthand":{"rotation":[0.0,-0.0,-0.0]},"firstperson_lefthand":{"rotation":[0.0,-0.0,-0.0]},"fixed":{"rotation":[0.0,0.0,0.0]},"ground":{"rotation":[0.0,0.0,0.0]},"thirdperson_righthand":{"rotation":[0.0,0.0,0.0]},"gui":{"rotation":[-150.0,-45.0,180.0]}}}