{"textures":{"0":"modelengine:entity/balrog","particle":"#0"},"elements":[{"from":[-0.82455444,-5.1818924,10.821949],"to":[31.630447,15.586338,10.821949],"faces":{"east":{"uv":[9.411765E-4,9.411765E-4,-0.0017647059,0.6167059],"tintindex":0,"rotation":0,"texture":"#0"},"south":{"uv":[10.295059,2.1774118,11.263764,2.7931767],"tintindex":0,"rotation":0,"texture":"#0"},"north":{"uv":[10.148001,5.030353,11.116706,5.6461177],"tintindex":0,"rotation":0,"texture":"#0"},"west":{"uv":[9.411765E-4,9.411765E-4,-0.0017647059,0.6167059],"tintindex":0,"rotation":0,"texture":"#0"},"up":{"uv":[0.969647,9.411765E-4,9.411765E-4,-0.0017647059],"tintindex":0,"rotation":0,"texture":"#0"},"down":{"uv":[0.969647,9.411765E-4,9.411765E-4,-0.0017647059],"tintindex":0,"rotation":0,"texture":"#0"}}}],"display":{"head":{"rotation":[0.0,0.0,0.0]},"firstperson_righthand":{"rotation":[0.0,0.0,0.0]},"thirdperson_lefthand":{"rotation":[0.0,-0.0,-0.0]},"firstperson_lefthand":{"rotation":[0.0,-0.0,-0.0]},"fixed":{"rotation":[0.0,0.0,0.0]},"ground":{"rotation":[0.0,0.0,0.0]},"thirdperson_righthand":{"rotation":[0.0,0.0,0.0]},"gui":{"rotation":[-150.0,-45.0,180.0]}}}