{"textures":{"0":"modelengine:entity/balrog","particle":"#0"},"elements":[{"from":[-3.7010574,2.2562714,8.59898],"to":[16.652336,24.360415,8.59898],"faces":{"east":{"uv":[9.411765E-4,9.411765E-4,-0.0017647059,1.2931764],"tintindex":0,"rotation":0,"texture":"#0"},"south":{"uv":[7.059765,3.2362351,8.263764,4.5284705],"tintindex":0,"rotation":0,"texture":"#0"},"north":{"uv":[8.263764,3.2362351,7.059765,4.5284705],"tintindex":0,"rotation":0,"texture":"#0"},"west":{"uv":[9.411765E-4,9.411765E-4,-0.0017647059,1.2931764],"tintindex":0,"rotation":0,"texture":"#0"},"up":{"uv":[9.411765E-4,9.411765E-4,1.2049412,-0.0017647059],"tintindex":0,"rotation":0,"texture":"#0"},"down":{"uv":[9.411765E-4,9.411765E-4,1.2049412,-0.0017647059],"tintindex":0,"rotation":0,"texture":"#0"}}}],"display":{"head":{"rotation":[0.0,0.0,0.0]},"firstperson_righthand":{"rotation":[0.0,0.0,0.0]},"thirdperson_lefthand":{"rotation":[0.0,-0.0,-0.0]},"firstperson_lefthand":{"rotation":[0.0,-0.0,-0.0]},"fixed":{"rotation":[0.0,0.0,0.0]},"ground":{"rotation":[0.0,0.0,0.0]},"thirdperson_righthand":{"rotation":[0.0,0.0,0.0]},"gui":{"rotation":[-150.0,-45.0,180.0]}}}