{"textures":{"0":"modelengine:entity/balrog","particle":"#0"},"elements":[{"from":[-12.200207,6.637146,6.5800705],"to":[11.758293,12.576622,12.263216],"faces":{"east":{"uv":[14.559765,8.412706,14.910823,8.763764],"tintindex":0,"rotation":0,"texture":"#0"},"south":{"uv":[11.442118,6.059765,12.851999,6.410824],"tintindex":0,"rotation":0,"texture":"#0"},"north":{"uv":[11.412706,6.765647,12.822588,7.116706],"tintindex":0,"rotation":0,"texture":"#0"},"west":{"uv":[14.559765,8.765648,14.910823,9.116706],"tintindex":0,"rotation":0,"texture":"#0"},"up":{"uv":[12.969646,8.763764,11.559765,8.412706],"tintindex":0,"rotation":0,"texture":"#0"},"down":{"uv":[12.999059,3.1185882,11.589177,3.4696472],"tintindex":0,"rotation":0,"texture":"#0"}}}],"display":{"head":{"rotation":[0.0,0.0,0.0]},"firstperson_righthand":{"rotation":[0.0,0.0,0.0]},"thirdperson_lefthand":{"rotation":[0.0,-0.0,-0.0]},"firstperson_lefthand":{"rotation":[0.0,-0.0,-0.0]},"fixed":{"rotation":[0.0,0.0,0.0]},"ground":{"rotation":[0.0,0.0,0.0]},"thirdperson_righthand":{"rotation":[0.0,0.0,0.0]},"gui":{"rotation":[-150.0,-45.0,180.0]}}}