{"textures":{"0":"modelengine:entity/balrog","particle":"#0"},"elements":[{"from":[9.74956,-6.1484222,3.4930592],"to":[14.39845,7.889408,8.432938],"faces":{"east":{"uv":[10.030354,12.589177,10.1755295,12.999059],"tintindex":0,"rotation":0,"texture":"#0"},"south":{"uv":[8.559765,15.059764,8.704941,15.469647],"tintindex":0,"rotation":0,"texture":"#0"},"north":{"uv":[14.442118,15.030354,14.587294,15.440236],"tintindex":0,"rotation":0,"texture":"#0"},"west":{"uv":[12.942118,13.148001,13.087294,13.557882],"tintindex":0,"rotation":0,"texture":"#0"},"up":{"uv":[14.087294,9.234353,13.942118,9.089177],"tintindex":0,"rotation":0,"texture":"#0"},"down":{"uv":[14.322588,4.4421177,14.177412,4.587294],"tintindex":0,"rotation":0,"texture":"#0"}},"rotation":{"origin":[7.93626,-3.6052704,2.100319],"angle":-45.0,"axis":"y"}}],"display":{"head":{"rotation":[0.0,0.0,0.0]},"firstperson_righthand":{"rotation":[0.0,0.0,0.0]},"thirdperson_lefthand":{"rotation":[0.0,-0.0,-0.0]},"firstperson_lefthand":{"rotation":[0.0,-0.0,-0.0]},"fixed":{"rotation":[0.0,0.0,0.0]},"ground":{"rotation":[0.0,0.0,0.0]},"thirdperson_righthand":{"rotation":[0.0,0.0,0.0]},"gui":{"rotation":[-150.0,-45.0,180.0]}}}