{"textures":{"0":"modelengine:entity/balrog","particle":"#0"},"elements":[{"from":[7.0758286,6.056549,5.80962],"to":[14.210678,9.749451,9.51137],"faces":{"east":{"uv":[2.1461177,14.765648,2.0303528,14.881412],"tintindex":0,"rotation":0,"texture":"#0"},"south":{"uv":[15.146118,15.3244705,14.942118,15.440236],"tintindex":0,"rotation":0,"texture":"#0"},"north":{"uv":[14.440235,15.3244705,14.236236,15.440236],"tintindex":0,"rotation":0,"texture":"#0"},"west":{"uv":[2.1461177,14.648001,2.0303528,14.763764],"tintindex":0,"rotation":0,"texture":"#0"},"up":{"uv":[15.3244705,15.146118,15.528471,15.030354],"tintindex":0,"rotation":0,"texture":"#0"},"down":{"uv":[15.148,15.3244705,15.352,15.440236],"tintindex":0,"rotation":0,"texture":"#0"}}}],"display":{"head":{"rotation":[0.0,0.0,0.0]},"firstperson_righthand":{"rotation":[0.0,0.0,0.0]},"thirdperson_lefthand":{"rotation":[0.0,-0.0,-0.0]},"firstperson_lefthand":{"rotation":[0.0,-0.0,-0.0]},"fixed":{"rotation":[0.0,0.0,0.0]},"ground":{"rotation":[0.0,0.0,0.0]},"thirdperson_righthand":{"rotation":[0.0,0.0,0.0]},"gui":{"rotation":[-150.0,-45.0,180.0]}}}