{"textures":{"0":"modelengine:entity/balrog","particle":"#0"},"elements":[{"from":[8.118584,4.140793,8.824501],"to":[12.39193,6.7181854,8.824501],"faces":{"east":{"uv":[9.411765E-4,9.411765E-4,-0.0017647059,0.08729412],"tintindex":0,"rotation":0,"texture":"#0"},"south":{"uv":[15.528471,11.47153,15.383294,11.557882],"tintindex":0,"rotation":0,"texture":"#0"},"north":{"uv":[11.557882,15.383294,11.412706,15.469647],"tintindex":0,"rotation":0,"texture":"#0"},"west":{"uv":[9.411765E-4,9.411765E-4,-0.0017647059,0.08729412],"tintindex":0,"rotation":0,"texture":"#0"},"up":{"uv":[9.411765E-4,9.411765E-4,0.14611764,-0.0017647059],"tintindex":0,"rotation":0,"texture":"#0"},"down":{"uv":[9.411765E-4,9.411765E-4,0.14611764,-0.0017647059],"tintindex":0,"rotation":0,"texture":"#0"}},"rotation":{"origin":[10.619003,6.714737,6.2054996],"angle":-45.0,"axis":"x"}},{"from":[8.118584,6.714737,6.105051],"to":[12.39193,6.714737,8.87645],"faces":{"east":{"uv":[0.08729412,9.411765E-4,9.411765E-4,-0.0017647059],"tintindex":0,"rotation":0,"texture":"#0"},"south":{"uv":[0.14611764,9.411765E-4,9.411765E-4,-0.0017647059],"tintindex":0,"rotation":0,"texture":"#0"},"north":{"uv":[0.14611764,9.411765E-4,9.411765E-4,-0.0017647059],"tintindex":0,"rotation":0,"texture":"#0"},"west":{"uv":[0.08729412,9.411765E-4,9.411765E-4,-0.0017647059],"tintindex":0,"rotation":0,"texture":"#0"},"up":{"uv":[14.530354,7.410824,14.6755295,7.3244705],"tintindex":0,"rotation":0,"texture":"#0"},"down":{"uv":[14.589177,3.3244705,14.734353,3.4108236],"tintindex":0,"rotation":0,"texture":"#0"}},"rotation":{"origin":[10.619003,6.714737,6.2054996],"angle":-45.0,"axis":"x"}}],"display":{"head":{"rotation":[0.0,0.0,0.0]},"firstperson_righthand":{"rotation":[0.0,0.0,0.0]},"thirdperson_lefthand":{"rotation":[0.0,-0.0,-0.0]},"firstperson_lefthand":{"rotation":[0.0,-0.0,-0.0]},"fixed":{"rotation":[0.0,0.0,0.0]},"ground":{"rotation":[0.0,0.0,0.0]},"thirdperson_righthand":{"rotation":[0.0,0.0,0.0]},"gui":{"rotation":[-150.0,-45.0,180.0]}}}