{"textures":{"0":"modelengine:entity/balrog","particle":"#0"},"elements":[{"from":[4.9886093,2.4259186,-4.9732094],"to":[12.981409,10.729111,5.0371895],"faces":{"east":{"uv":[14.97153,0.20682353,15.263765,0.46964708],"tintindex":0,"rotation":0,"texture":"#0"},"south":{"uv":[11.059765,13.677412,11.293176,13.940235],"tintindex":0,"rotation":0,"texture":"#0"},"north":{"uv":[9.795059,5.7950587,10.02847,6.0578823],"tintindex":0,"rotation":0,"texture":"#0"},"west":{"uv":[14.97153,1.8832941,15.263765,2.1461177],"tintindex":0,"rotation":0,"texture":"#0"},"up":{"uv":[13.969646,15.322589,13.736236,15.030354],"tintindex":0,"rotation":0,"texture":"#0"},"down":{"uv":[14.204941,15.030354,13.97153,15.322589],"tintindex":0,"rotation":0,"texture":"#0"}}}],"display":{"head":{"rotation":[0.0,0.0,0.0]},"firstperson_righthand":{"rotation":[0.0,0.0,0.0]},"thirdperson_lefthand":{"rotation":[0.0,-0.0,-0.0]},"firstperson_lefthand":{"rotation":[0.0,-0.0,-0.0]},"fixed":{"rotation":[0.0,0.0,0.0]},"ground":{"rotation":[0.0,0.0,0.0]},"thirdperson_righthand":{"rotation":[0.0,0.0,0.0]},"gui":{"rotation":[-150.0,-45.0,180.0]}}}