{"textures":{"0":"modelengine:entity/balrog","particle":"#0"},"elements":[{"from":[6.416443,6.1047363,-1.5166321],"to":[12.236443,11.10994,3.6437683],"faces":{"east":{"uv":[12.353883,9.824471,12.499059,9.969646],"tintindex":0,"rotation":0,"texture":"#0"},"south":{"uv":[13.795059,14.148001,13.969646,14.293176],"tintindex":0,"rotation":0,"texture":"#0"},"north":{"uv":[13.97153,10.236236,14.146117,10.381412],"tintindex":0,"rotation":0,"texture":"#0"},"west":{"uv":[12.765648,8.765648,12.910823,8.910823],"tintindex":0,"rotation":0,"texture":"#0"},"up":{"uv":[14.499059,3.9696472,14.324471,3.8244705],"tintindex":0,"rotation":0,"texture":"#0"},"down":{"uv":[14.881412,6.059765,14.706824,6.2049413],"tintindex":0,"rotation":0,"texture":"#0"}}}],"display":{"head":{"rotation":[0.0,0.0,0.0]},"firstperson_righthand":{"rotation":[0.0,0.0,0.0]},"thirdperson_lefthand":{"rotation":[0.0,-0.0,-0.0]},"firstperson_lefthand":{"rotation":[0.0,-0.0,-0.0]},"fixed":{"rotation":[0.0,0.0,0.0]},"ground":{"rotation":[0.0,0.0,0.0]},"thirdperson_righthand":{"rotation":[0.0,0.0,0.0]},"gui":{"rotation":[-150.0,-45.0,180.0]}}}