{"textures":{"0":"modelengine:entity/balrog","particle":"#0"},"elements":[{"from":[-3.3520498,10.81031,3.3966346],"to":[17.2944,21.810108,15.029359],"faces":{"east":{"uv":[0.648,11.765648,1.352,12.410823],"tintindex":0,"rotation":0,"texture":"#0"},"south":{"uv":[1.2950588,9.177412,2.5284708,9.822588],"tintindex":0,"rotation":0,"texture":"#0"},"north":{"uv":[9.089177,2.883294,10.322588,3.5284708],"tintindex":0,"rotation":0,"texture":"#0"},"west":{"uv":[11.736236,11.765648,12.440235,12.410823],"tintindex":0,"rotation":0,"texture":"#0"},"up":{"uv":[9.499059,4.381412,8.265648,3.6774118],"tintindex":0,"rotation":0,"texture":"#0"},"down":{"uv":[10.02847,6.059765,8.795059,6.763765],"tintindex":0,"rotation":0,"texture":"#0"}}}],"display":{"head":{"rotation":[0.0,0.0,0.0]},"firstperson_righthand":{"rotation":[0.0,0.0,0.0]},"thirdperson_lefthand":{"rotation":[0.0,-0.0,-0.0]},"firstperson_lefthand":{"rotation":[0.0,-0.0,-0.0]},"fixed":{"rotation":[0.0,0.0,0.0]},"ground":{"rotation":[0.0,0.0,0.0]},"thirdperson_righthand":{"rotation":[0.0,0.0,0.0]},"gui":{"rotation":[-150.0,-45.0,180.0]}}}