{"textures":{"0":"modelengine:entity/balrog","particle":"#0"},"elements":[{"from":[7.3789062,6.2859344,5.55575],"to":[14.416756,10.415344,9.597],"faces":{"east":{"uv":[0.76376474,11.47153,0.648,11.587294],"tintindex":0,"rotation":0,"texture":"#0"},"south":{"uv":[14.381412,9.442118,14.177412,9.557882],"tintindex":0,"rotation":0,"texture":"#0"},"north":{"uv":[14.1755295,4.4715295,13.97153,4.587294],"tintindex":0,"rotation":0,"texture":"#0"},"west":{"uv":[11.116706,5.648,11.000941,5.763765],"tintindex":0,"rotation":0,"texture":"#0"},"up":{"uv":[14.383294,9.557882,14.587294,9.442118],"tintindex":0,"rotation":0,"texture":"#0"},"down":{"uv":[14.736236,3.6774118,14.940235,3.7931767],"tintindex":0,"rotation":0,"texture":"#0"}}}],"display":{"head":{"rotation":[0.0,0.0,0.0]},"firstperson_righthand":{"rotation":[0.0,0.0,0.0]},"thirdperson_lefthand":{"rotation":[0.0,-0.0,-0.0]},"firstperson_lefthand":{"rotation":[0.0,-0.0,-0.0]},"fixed":{"rotation":[0.0,0.0,0.0]},"ground":{"rotation":[0.0,0.0,0.0]},"thirdperson_righthand":{"rotation":[0.0,0.0,0.0]},"gui":{"rotation":[-150.0,-45.0,180.0]}}}