{"textures":{"0":"modelengine:entity/balrog","particle":"#0"},"elements":[{"from":[2.8376312,7.640579,7.7045593],"to":[7.726429,7.640579,11.2741585],"faces":{"east":{"uv":[9.411765E-4,9.411765E-4,0.11670588,-0.0017647059],"tintindex":0,"rotation":0,"texture":"#0"},"south":{"uv":[9.411765E-4,9.411765E-4,0.14611764,-0.0017647059],"tintindex":0,"rotation":0,"texture":"#0"},"north":{"uv":[9.411765E-4,9.411765E-4,0.14611764,-0.0017647059],"tintindex":0,"rotation":0,"texture":"#0"},"west":{"uv":[9.411765E-4,9.411765E-4,0.11670588,-0.0017647059],"tintindex":0,"rotation":0,"texture":"#0"},"up":{"uv":[15.528471,9.351999,15.383294,9.236236],"tintindex":0,"rotation":0,"texture":"#0"},"down":{"uv":[9.969646,15.383294,9.824471,15.49906],"tintindex":0,"rotation":0,"texture":"#0"}}},{"from":[2.8337402,7.6256104,7.7187195],"to":[7.722542,11.505615,7.7187195],"faces":{"east":{"uv":[9.411765E-4,9.411765E-4,-0.0017647059,0.11670588],"tintindex":0,"rotation":0,"texture":"#0"},"south":{"uv":[12.765648,8.912706,12.910823,9.02847],"tintindex":0,"rotation":0,"texture":"#0"},"north":{"uv":[0.50094116,12.295059,0.6461177,12.410823],"tintindex":0,"rotation":0,"texture":"#0"},"west":{"uv":[9.411765E-4,9.411765E-4,-0.0017647059,0.11670588],"tintindex":0,"rotation":0,"texture":"#0"},"up":{"uv":[0.14611764,9.411765E-4,9.411765E-4,-0.0017647059],"tintindex":0,"rotation":0,"texture":"#0"},"down":{"uv":[0.14611764,9.411765E-4,9.411765E-4,-0.0017647059],"tintindex":0,"rotation":0,"texture":"#0"}}}],"display":{"head":{"rotation":[0.0,0.0,0.0]},"firstperson_righthand":{"rotation":[0.0,0.0,0.0]},"thirdperson_lefthand":{"rotation":[0.0,-0.0,-0.0]},"firstperson_lefthand":{"rotation":[0.0,-0.0,-0.0]},"fixed":{"rotation":[0.0,0.0,0.0]},"ground":{"rotation":[0.0,0.0,0.0]},"thirdperson_righthand":{"rotation":[0.0,0.0,0.0]},"gui":{"rotation":[-150.0,-45.0,180.0]}}}