{"textures":{"0":"modelengine:entity/balrog","particle":"#0"},"elements":[{"from":[5.06777,3.6470184,-3.472969],"to":[11.663771,10.320618,4.131832],"faces":{"east":{"uv":[15.265647,5.3244705,15.49906,5.5284705],"tintindex":0,"rotation":0,"texture":"#0"},"south":{"uv":[15.295058,8.618588,15.49906,8.822588],"tintindex":0,"rotation":0,"texture":"#0"},"north":{"uv":[15.295058,8.412706,15.49906,8.616706],"tintindex":0,"rotation":0,"texture":"#0"},"west":{"uv":[15.265647,6.7950587,15.49906,6.9990587],"tintindex":0,"rotation":0,"texture":"#0"},"up":{"uv":[15.469647,7.234353,15.265647,7.0009413],"tintindex":0,"rotation":0,"texture":"#0"},"down":{"uv":[15.469647,7.5303535,15.265647,7.7637644],"tintindex":0,"rotation":0,"texture":"#0"}}}],"display":{"head":{"rotation":[0.0,0.0,0.0]},"firstperson_righthand":{"rotation":[0.0,0.0,0.0]},"thirdperson_lefthand":{"rotation":[0.0,-0.0,-0.0]},"firstperson_lefthand":{"rotation":[0.0,-0.0,-0.0]},"fixed":{"rotation":[0.0,0.0,0.0]},"ground":{"rotation":[0.0,0.0,0.0]},"thirdperson_righthand":{"rotation":[0.0,0.0,0.0]},"gui":{"rotation":[-150.0,-45.0,180.0]}}}