{"textures":{"0":"modelengine:entity/balrog","particle":"#0"},"elements":[{"from":[3.7635574,6.1047363,-1.5166321],"to":[9.583557,11.10994,3.6437683],"faces":{"east":{"uv":[10.442118,10.97153,10.587294,11.116706],"tintindex":0,"rotation":0,"texture":"#0"},"south":{"uv":[12.706824,7.5597653,12.881412,7.704941],"tintindex":0,"rotation":0,"texture":"#0"},"north":{"uv":[1.148,12.412706,1.3225882,12.557882],"tintindex":0,"rotation":0,"texture":"#0"},"west":{"uv":[11.412706,7.118588,11.557882,7.263765],"tintindex":0,"rotation":0,"texture":"#0"},"up":{"uv":[11.469646,13.263764,11.295059,13.118588],"tintindex":0,"rotation":0,"texture":"#0"},"down":{"uv":[6.763765,13.795059,6.5891767,13.940235],"tintindex":0,"rotation":0,"texture":"#0"}}}],"display":{"head":{"rotation":[0.0,0.0,0.0]},"firstperson_righthand":{"rotation":[0.0,0.0,0.0]},"thirdperson_lefthand":{"rotation":[0.0,-0.0,-0.0]},"firstperson_lefthand":{"rotation":[0.0,-0.0,-0.0]},"fixed":{"rotation":[0.0,0.0,0.0]},"ground":{"rotation":[0.0,0.0,0.0]},"thirdperson_righthand":{"rotation":[0.0,0.0,0.0]},"gui":{"rotation":[-150.0,-45.0,180.0]}}}