{"textures":{"0":"modelengine:entity/balrog","particle":"#0"},"elements":[{"from":[1.3373199,9.625,-9.36585],"to":[6.8178196,9.625,-1.3148499],"faces":{"east":{"uv":[9.411765E-4,9.411765E-4,0.23435295,-0.0017647059],"tintindex":0,"rotation":0,"texture":"#0"},"south":{"uv":[9.411765E-4,9.411765E-4,0.1755294,-0.0017647059],"tintindex":0,"rotation":0,"texture":"#0"},"north":{"uv":[9.411765E-4,9.411765E-4,0.1755294,-0.0017647059],"tintindex":0,"rotation":0,"texture":"#0"},"west":{"uv":[9.411765E-4,9.411765E-4,0.23435295,-0.0017647059],"tintindex":0,"rotation":0,"texture":"#0"},"up":{"uv":[9.822588,15.49906,9.648001,15.265647],"tintindex":0,"rotation":0,"texture":"#0"},"down":{"uv":[15.440236,9.677412,15.265647,9.910823],"tintindex":0,"rotation":0,"texture":"#0"}},"rotation":{"origin":[7.9119797,3.0988407,0.9612198],"angle":-45.0,"axis":"z"}},{"from":[1.3373199,5.3085003,-6.940851],"to":[5.60532,9.5765,-1.3148499],"faces":{"east":{"uv":[4.5891767,15.3244705,4.763765,15.469647],"tintindex":0,"rotation":0,"texture":"#0"},"south":{"uv":[14.97153,2.148,15.116707,2.2931767],"tintindex":0,"rotation":0,"texture":"#0"},"north":{"uv":[9.295059,14.912706,9.440235,15.057882],"tintindex":0,"rotation":0,"texture":"#0"},"west":{"uv":[15.3244705,5.9421177,15.49906,6.087294],"tintindex":0,"rotation":0,"texture":"#0"},"up":{"uv":[5.087294,13.704941,4.9421177,13.530354],"tintindex":0,"rotation":0,"texture":"#0"},"down":{"uv":[14.322588,3.412706,14.177412,3.587294],"tintindex":0,"rotation":0,"texture":"#0"}},"rotation":{"origin":[7.9119797,3.0988407,0.9612198],"angle":-45.0,"axis":"z"}},{"from":[1.3373199,4.1445007,-9.36585],"to":[1.3373199,9.625,-1.3148499],"faces":{"east":{"uv":[10.736236,15.265647,10.969646,15.440236],"tintindex":0,"rotation":0,"texture":"#0"},"south":{"uv":[9.411765E-4,9.411765E-4,-0.0017647059,0.1755294],"tintindex":0,"rotation":0,"texture":"#0"},"north":{"uv":[9.411765E-4,9.411765E-4,-0.0017647059,0.1755294],"tintindex":0,"rotation":0,"texture":"#0"},"west":{"uv":[15.265647,12.177412,15.49906,12.351999],"tintindex":0,"rotation":0,"texture":"#0"},"up":{"uv":[9.411765E-4,0.23435295,-0.0017647059,9.411765E-4],"tintindex":0,"rotation":0,"texture":"#0"},"down":{"uv":[9.411765E-4,9.411765E-4,-0.0017647059,0.23435295],"tintindex":0,"rotation":0,"texture":"#0"}},"rotation":{"origin":[7.9119797,3.0988407,0.9612198],"angle":-45.0,"axis":"z"}},{"from":[1.3373199,2.6410007,-3.8368511],"to":[8.41832,9.625,9.743149],"faces":{"east":{"uv":[14.853883,9.442118,15.263765,9.646117],"tintindex":0,"rotation":0,"texture":"#0"},"south":{"uv":[15.206823,14.206824,15.410824,14.410823],"tintindex":0,"rotation":0,"texture":"#0"},"north":{"uv":[8.824471,14.089177,9.02847,14.293176],"tintindex":0,"rotation":0,"texture":"#0"},"west":{"uv":[14.853883,9.648001,15.263765,9.851999],"tintindex":0,"rotation":0,"texture":"#0"},"up":{"uv":[9.881412,15.263765,9.677412,14.853883],"tintindex":0,"rotation":0,"texture":"#0"},"down":{"uv":[15.057882,10.236236,14.853883,10.646117],"tintindex":0,"rotation":0,"texture":"#0"}},"rotation":{"origin":[7.9119797,3.0988407,0.9612198],"angle":-45.0,"axis":"z"}}],"display":{"head":{"rotation":[0.0,0.0,0.0]},"firstperson_righthand":{"rotation":[0.0,0.0,0.0]},"thirdperson_lefthand":{"rotation":[0.0,-0.0,-0.0]},"firstperson_lefthand":{"rotation":[0.0,-0.0,-0.0]},"fixed":{"rotation":[0.0,0.0,0.0]},"ground":{"rotation":[0.0,0.0,0.0]},"thirdperson_righthand":{"rotation":[0.0,0.0,0.0]},"gui":{"rotation":[-150.0,-45.0,180.0]}}}