{"textures":{"0":"modelengine:entity/balrog","particle":"#0"},"elements":[{"from":[2.7835693,8.970001,4.9608707],"to":[7.6389236,8.970001,7.935091],"faces":{"east":{"uv":[9.411765E-4,9.411765E-4,0.08729412,-0.0017647059],"tintindex":0,"rotation":0,"texture":"#0"},"south":{"uv":[9.411765E-4,9.411765E-4,0.14611764,-0.0017647059],"tintindex":0,"rotation":0,"texture":"#0"},"north":{"uv":[9.411765E-4,9.411765E-4,0.14611764,-0.0017647059],"tintindex":0,"rotation":0,"texture":"#0"},"west":{"uv":[9.411765E-4,9.411765E-4,0.08729412,-0.0017647059],"tintindex":0,"rotation":0,"texture":"#0"},"up":{"uv":[14.02847,7.087294,13.883294,7.0009413],"tintindex":0,"rotation":0,"texture":"#0"},"down":{"uv":[14.293176,9.97153,14.148001,10.057882],"tintindex":0,"rotation":0,"texture":"#0"}},"rotation":{"origin":[4.1200027,8.970001,6.9815006],"angle":-45.0,"axis":"x"}},{"from":[2.7835693,5.97937,5.0415],"to":[7.6389236,8.953629,5.0415],"faces":{"east":{"uv":[9.411765E-4,9.411765E-4,-0.0017647059,0.08729412],"tintindex":0,"rotation":0,"texture":"#0"},"south":{"uv":[13.853883,8.412706,13.999059,8.499059],"tintindex":0,"rotation":0,"texture":"#0"},"north":{"uv":[13.736236,7.0009413,13.881412,7.087294],"tintindex":0,"rotation":0,"texture":"#0"},"west":{"uv":[9.411765E-4,9.411765E-4,-0.0017647059,0.08729412],"tintindex":0,"rotation":0,"texture":"#0"},"up":{"uv":[0.14611764,9.411765E-4,9.411765E-4,-0.0017647059],"tintindex":0,"rotation":0,"texture":"#0"},"down":{"uv":[0.14611764,9.411765E-4,9.411765E-4,-0.0017647059],"tintindex":0,"rotation":0,"texture":"#0"}},"rotation":{"origin":[4.1200027,8.970001,6.9815006],"angle":-45.0,"axis":"x"}}],"display":{"head":{"rotation":[0.0,0.0,0.0]},"firstperson_righthand":{"rotation":[0.0,0.0,0.0]},"thirdperson_lefthand":{"rotation":[0.0,-0.0,-0.0]},"firstperson_lefthand":{"rotation":[0.0,-0.0,-0.0]},"fixed":{"rotation":[0.0,0.0,0.0]},"ground":{"rotation":[0.0,0.0,0.0]},"thirdperson_righthand":{"rotation":[0.0,0.0,0.0]},"gui":{"rotation":[-150.0,-45.0,180.0]}}}