{"textures":{"0":"modelengine:entity/balrog","particle":"#0"},"elements":[{"from":[-7.1375885,5.274292,5.160141],"to":[18.00441,17.153244,16.526432],"faces":{"east":{"uv":[14.881412,6.9715295,14.530354,7.3225884],"tintindex":0,"rotation":0,"texture":"#0"},"south":{"uv":[14.057882,7.0891767,13.324471,7.4402356],"tintindex":0,"rotation":0,"texture":"#0"},"north":{"uv":[12.381412,0.3832941,11.648001,0.73435295],"tintindex":0,"rotation":0,"texture":"#0"},"west":{"uv":[5.5578823,14.530354,5.2068233,14.881412],"tintindex":0,"rotation":0,"texture":"#0"},"up":{"uv":[2.148,13.940235,2.8814118,13.589177],"tintindex":0,"rotation":0,"texture":"#0"},"down":{"uv":[13.589177,4.5891767,14.322588,4.9402356],"tintindex":0,"rotation":0,"texture":"#0"}}}],"display":{"head":{"rotation":[0.0,0.0,0.0]},"firstperson_righthand":{"rotation":[0.0,0.0,0.0]},"thirdperson_lefthand":{"rotation":[0.0,-0.0,-0.0]},"firstperson_lefthand":{"rotation":[0.0,-0.0,-0.0]},"fixed":{"rotation":[0.0,0.0,0.0]},"ground":{"rotation":[0.0,0.0,0.0]},"thirdperson_righthand":{"rotation":[0.0,0.0,0.0]},"gui":{"rotation":[-150.0,-45.0,180.0]}}}