{"textures":{"0":"modelengine:entity/balrog","particle":"#0"},"elements":[{"from":[5.483795,11.232845,5.0497093],"to":[18.49848,22.855965,14.821199],"faces":{"east":{"uv":[12.442118,11.059765,13.02847,11.734353],"tintindex":0,"rotation":0,"texture":"#0"},"south":{"uv":[5.3244705,11.000941,6.087294,11.6755295],"tintindex":0,"rotation":0,"texture":"#0"},"north":{"uv":[9.677412,10.97153,10.440235,11.646117],"tintindex":0,"rotation":0,"texture":"#0"},"west":{"uv":[12.442118,11.736236,13.02847,12.410823],"tintindex":0,"rotation":0,"texture":"#0"},"up":{"uv":[11.646117,12.499059,10.883294,11.912706],"tintindex":0,"rotation":0,"texture":"#0"},"down":{"uv":[2.116706,11.97153,1.3538824,12.557882],"tintindex":0,"rotation":0,"texture":"#0"}},"rotation":{"origin":[14.28189,13.451134,10.036284],"angle":-22.5,"axis":"y"}},{"from":[-2.3063898,16.325348,-0.06704044],"to":[17.88872,24.674713,2.6476998],"faces":{"east":{"uv":[14.942118,3.6774118,15.116707,4.1755295],"tintindex":0,"rotation":0,"texture":"#0"},"south":{"uv":[10.589177,10.618588,11.793176,11.116706],"tintindex":0,"rotation":0,"texture":"#0"},"north":{"uv":[10.589177,10.118588,11.793176,10.616706],"tintindex":0,"rotation":0,"texture":"#0"},"west":{"uv":[14.942118,6.059765,15.116707,6.5578823],"tintindex":0,"rotation":0,"texture":"#0"},"up":{"uv":[12.763764,8.940235,11.559765,8.765648],"tintindex":0,"rotation":0,"texture":"#0"},"down":{"uv":[14.881412,10.059765,13.677412,10.234353],"tintindex":0,"rotation":0,"texture":"#0"}},"rotation":{"origin":[1.8859501,13.451134,9.3330345],"angle":45.0,"axis":"x"}},{"from":[-2.3306398,11.232845,5.0497093],"to":[10.66222,22.855965,14.821199],"faces":{"east":{"uv":[12.500941,1.3244706,13.087294,1.9990588],"tintindex":0,"rotation":0,"texture":"#0"},"south":{"uv":[6.8538823,11.000941,7.6167054,11.6755295],"tintindex":0,"rotation":0,"texture":"#0"},"north":{"uv":[6.0891767,11.000941,6.852,11.6755295],"tintindex":0,"rotation":0,"texture":"#0"},"west":{"uv":[12.500941,9.824471,13.087294,10.499059],"tintindex":0,"rotation":0,"texture":"#0"},"up":{"uv":[2.8814118,12.557882,2.1185882,11.97153],"tintindex":0,"rotation":0,"texture":"#0"},"down":{"uv":[7.793176,11.97153,7.030353,12.557882],"tintindex":0,"rotation":0,"texture":"#0"}},"rotation":{"origin":[1.8859501,13.451134,10.036284],"angle":22.5,"axis":"y"}},{"from":[4.23428,-0.15113449,8.871619],"to":[8.861179,9.102665,12.647345],"faces":{"east":{"uv":[7.795059,14.383294,8.02847,14.940235],"tintindex":0,"rotation":0,"texture":"#0"},"south":{"uv":[9.677412,14.295059,9.969646,14.851999],"tintindex":0,"rotation":0,"texture":"#0"},"north":{"uv":[5.736235,14.295059,6.0284705,14.851999],"tintindex":0,"rotation":0,"texture":"#0"},"west":{"uv":[9.442118,14.500941,9.6755295,15.057882],"tintindex":0,"rotation":0,"texture":"#0"},"up":{"uv":[15.410824,3.8814118,15.1185875,3.648],"tintindex":0,"rotation":0,"texture":"#0"},"down":{"uv":[15.410824,3.883294,15.1185875,4.116706],"tintindex":0,"rotation":0,"texture":"#0"}},"rotation":{"origin":[9.218821,-2.138485,9.684025],"angle":45.0,"axis":"y"}},{"from":[-4.5684605,12.560276,11.059734],"to":[8.52654,28.5484,24.154736],"faces":{"east":{"uv":[6.118588,9.47153,6.881412,10.410823],"tintindex":0,"rotation":0,"texture":"#0"},"south":{"uv":[3.6185882,9.530354,4.381412,10.469646],"tintindex":0,"rotation":0,"texture":"#0"},"north":{"uv":[9.324471,9.177412,10.087294,10.116706],"tintindex":0,"rotation":0,"texture":"#0"},"west":{"uv":[4.383294,9.530354,5.1461177,10.469646],"tintindex":0,"rotation":0,"texture":"#0"},"up":{"uv":[2.499059,11.087294,1.7362354,10.324471],"tintindex":0,"rotation":0,"texture":"#0"},"down":{"uv":[8.469646,10.412706,7.706824,11.1755295],"tintindex":0,"rotation":0,"texture":"#0"}},"rotation":{"origin":[1.8859501,13.451134,9.3330345],"angle":45.0,"axis":"y"}}],"display":{"head":{"rotation":[0.0,0.0,0.0]},"firstperson_righthand":{"rotation":[0.0,0.0,0.0]},"thirdperson_lefthand":{"rotation":[0.0,-0.0,-0.0]},"firstperson_lefthand":{"rotation":[0.0,-0.0,-0.0]},"fixed":{"rotation":[0.0,0.0,0.0]},"ground":{"rotation":[0.0,0.0,0.0]},"thirdperson_righthand":{"rotation":[0.0,0.0,0.0]},"gui":{"rotation":[-150.0,-45.0,180.0]}}}