{"textures":{"0":"modelengine:entity/balrog","particle":"#0"},"elements":[{"from":[-0.8704834,4.8281555,5.80962],"to":[8.398369,9.491058,10.09337],"faces":{"east":{"uv":[12.736236,15.353882,12.881412,15.49906],"tintindex":0,"rotation":0,"texture":"#0"},"south":{"uv":[13.677412,10.236236,13.969646,10.381412],"tintindex":0,"rotation":0,"texture":"#0"},"north":{"uv":[13.677412,1.4715295,13.969646,1.6167059],"tintindex":0,"rotation":0,"texture":"#0"},"west":{"uv":[12.883294,15.353882,13.02847,15.49906],"tintindex":0,"rotation":0,"texture":"#0"},"up":{"uv":[15.17553,1.7637646,14.883294,1.6185883],"tintindex":0,"rotation":0,"texture":"#0"},"down":{"uv":[15.234353,3.0597646,14.942118,3.2049413],"tintindex":0,"rotation":0,"texture":"#0"}}}],"display":{"head":{"rotation":[0.0,0.0,0.0]},"firstperson_righthand":{"rotation":[0.0,0.0,0.0]},"thirdperson_lefthand":{"rotation":[0.0,-0.0,-0.0]},"firstperson_lefthand":{"rotation":[0.0,-0.0,-0.0]},"fixed":{"rotation":[0.0,0.0,0.0]},"ground":{"rotation":[0.0,0.0,0.0]},"thirdperson_righthand":{"rotation":[0.0,0.0,0.0]},"gui":{"rotation":[-150.0,-45.0,180.0]}}}