{"textures":{"0":"modelengine:entity/balrog","particle":"#0"},"elements":[{"from":[7.601631,4.8281555,5.80962],"to":[16.870483,9.491058,10.093369],"faces":{"east":{"uv":[0.969647,15.383294,0.8244706,15.528471],"tintindex":0,"rotation":0,"texture":"#0"},"south":{"uv":[15.528471,3.0597646,15.236235,3.2049413],"tintindex":0,"rotation":0,"texture":"#0"},"north":{"uv":[15.469647,13.500941,15.177411,13.646117],"tintindex":0,"rotation":0,"texture":"#0"},"west":{"uv":[15.49906,15.265647,15.353882,15.410824],"tintindex":0,"rotation":0,"texture":"#0"},"up":{"uv":[2.0303528,15.440236,2.3225882,15.295058],"tintindex":0,"rotation":0,"texture":"#0"},"down":{"uv":[15.295058,2.765647,15.587295,2.9108236],"tintindex":0,"rotation":0,"texture":"#0"}}}],"display":{"head":{"rotation":[0.0,0.0,0.0]},"firstperson_righthand":{"rotation":[0.0,0.0,0.0]},"thirdperson_lefthand":{"rotation":[0.0,-0.0,-0.0]},"firstperson_lefthand":{"rotation":[0.0,-0.0,-0.0]},"fixed":{"rotation":[0.0,0.0,0.0]},"ground":{"rotation":[0.0,0.0,0.0]},"thirdperson_righthand":{"rotation":[0.0,0.0,0.0]},"gui":{"rotation":[-150.0,-45.0,180.0]}}}