{"textures":{"0":"modelengine:entity/balrog","particle":"#0"},"elements":[{"from":[7.877266,5.210617,6.3172607],"to":[15.8929825,9.243088,10.021851],"faces":{"east":{"uv":[13.646117,7.4421177,13.530354,7.557882],"tintindex":0,"rotation":0,"texture":"#0"},"south":{"uv":[1.1461176,13.059765,0.9127059,13.1755295],"tintindex":0,"rotation":0,"texture":"#0"},"north":{"uv":[1.7049412,10.942118,1.4715295,11.057882],"tintindex":0,"rotation":0,"texture":"#0"},"west":{"uv":[3.8225882,13.442118,3.7068236,13.557882],"tintindex":0,"rotation":0,"texture":"#0"},"up":{"uv":[14.912706,12.734353,15.146118,12.618588],"tintindex":0,"rotation":0,"texture":"#0"},"down":{"uv":[15.206823,11.824471,15.440236,11.940235],"tintindex":0,"rotation":0,"texture":"#0"}}}],"display":{"head":{"rotation":[0.0,0.0,0.0]},"firstperson_righthand":{"rotation":[0.0,0.0,0.0]},"thirdperson_lefthand":{"rotation":[0.0,-0.0,-0.0]},"firstperson_lefthand":{"rotation":[0.0,-0.0,-0.0]},"fixed":{"rotation":[0.0,0.0,0.0]},"ground":{"rotation":[0.0,0.0,0.0]},"thirdperson_righthand":{"rotation":[0.0,0.0,0.0]},"gui":{"rotation":[-150.0,-45.0,180.0]}}}