{"textures":{"0":"modelengine:entity/balrog","particle":"#0"},"elements":[{"from":[-4.1371765,6.5410614,1.1198502],"to":[7.8961716,14.113983,13.745598],"faces":{"east":{"uv":[14.912706,8.412706,15.293177,8.646117],"tintindex":0,"rotation":0,"texture":"#0"},"south":{"uv":[14.942118,10.648001,15.293177,10.881412],"tintindex":0,"rotation":0,"texture":"#0"},"north":{"uv":[6.3244705,14.942118,6.6755295,15.17553],"tintindex":0,"rotation":0,"texture":"#0"},"west":{"uv":[14.912706,8.648001,15.293177,8.881412],"tintindex":0,"rotation":0,"texture":"#0"},"up":{"uv":[1.1167059,14.822588,0.76564705,14.442118],"tintindex":0,"rotation":0,"texture":"#0"},"down":{"uv":[3.5284708,14.442118,3.1774118,14.822588],"tintindex":0,"rotation":0,"texture":"#0"}}}],"display":{"head":{"rotation":[0.0,0.0,0.0]},"firstperson_righthand":{"rotation":[0.0,0.0,0.0]},"thirdperson_lefthand":{"rotation":[0.0,-0.0,-0.0]},"firstperson_lefthand":{"rotation":[0.0,-0.0,-0.0]},"fixed":{"rotation":[0.0,0.0,0.0]},"ground":{"rotation":[0.0,0.0,0.0]},"thirdperson_righthand":{"rotation":[0.0,0.0,0.0]},"gui":{"rotation":[-150.0,-45.0,180.0]}}}