{"textures":{"0":"modelengine:entity/balrog","particle":"#0"},"elements":[{"from":[16.759521,25.82846,-4.3000717],"to":[16.759521,30.570816,-2.1272697],"faces":{"east":{"uv":[11.499059,9.030354,11.442118,9.1755295],"tintindex":0,"rotation":0,"texture":"#0"},"south":{"uv":[9.411765E-4,9.411765E-4,-0.0017647059,0.14611764],"tintindex":0,"rotation":0,"texture":"#0"},"north":{"uv":[9.411765E-4,9.411765E-4,-0.0017647059,0.14611764],"tintindex":0,"rotation":0,"texture":"#0"},"west":{"uv":[5.7049413,10.736236,5.648,10.881412],"tintindex":0,"rotation":0,"texture":"#0"},"up":{"uv":[9.411765E-4,0.057882354,-0.0017647059,9.411765E-4],"tintindex":0,"rotation":0,"texture":"#0"},"down":{"uv":[9.411765E-4,9.411765E-4,-0.0017647059,0.057882354],"tintindex":0,"rotation":0,"texture":"#0"}},"rotation":{"origin":[17.03112,18.958542,-4.9017105],"angle":-22.5,"axis":"x"}},{"from":[3.2691298,16.443802,-6.614002],"to":[10.33073,27.215683,3.3265572],"faces":{"east":{"uv":[14.706824,5.736235,14.999059,6.0578823],"tintindex":0,"rotation":0,"texture":"#0"},"south":{"uv":[5.530353,15.030354,5.734353,15.352],"tintindex":0,"rotation":0,"texture":"#0"},"north":{"uv":[6.8244705,14.412706,7.0284705,14.734353],"tintindex":0,"rotation":0,"texture":"#0"},"west":{"uv":[13.736236,14.706824,14.02847,15.02847],"tintindex":0,"rotation":0,"texture":"#0"},"up":{"uv":[12.557882,13.146117,12.353883,12.853883],"tintindex":0,"rotation":0,"texture":"#0"},"down":{"uv":[15.322589,5.9421177,15.1185875,6.234353],"tintindex":0,"rotation":0,"texture":"#0"}},"rotation":{"origin":[8.25059,16.232132,-2.11166],"angle":45.0,"axis":"z"}},{"from":[-0.5798197,25.82846,-4.3000717],"to":[-0.5798197,30.570816,-2.1272697],"faces":{"east":{"uv":[5.648,10.736236,5.7049413,10.881412],"tintindex":0,"rotation":0,"texture":"#0"},"south":{"uv":[9.411765E-4,9.411765E-4,-0.0017647059,0.14611764],"tintindex":0,"rotation":0,"texture":"#0"},"north":{"uv":[9.411765E-4,9.411765E-4,-0.0017647059,0.14611764],"tintindex":0,"rotation":0,"texture":"#0"},"west":{"uv":[11.442118,9.030354,11.499059,9.1755295],"tintindex":0,"rotation":0,"texture":"#0"},"up":{"uv":[9.411765E-4,0.057882354,-0.0017647059,9.411765E-4],"tintindex":0,"rotation":0,"texture":"#0"},"down":{"uv":[9.411765E-4,9.411765E-4,-0.0017647059,0.057882354],"tintindex":0,"rotation":0,"texture":"#0"}},"rotation":{"origin":[-0.85141945,18.958542,-4.9017105],"angle":-22.5,"axis":"x"}},{"from":[-15.086391,0.7672119,-7.7437706],"to":[5.1206503,19.68515,12.463272],"faces":{"east":{"uv":[9.411765E-4,13.059765,0.58729416,13.616706],"tintindex":0,"rotation":0,"texture":"#0"},"south":{"uv":[13.089177,1.0597647,13.6755295,1.6167059],"tintindex":0,"rotation":0,"texture":"#0"},"north":{"uv":[4.5009413,12.97153,5.087294,13.52847],"tintindex":0,"rotation":0,"texture":"#0"},"west":{"uv":[13.089177,9.824471,13.6755295,10.381412],"tintindex":0,"rotation":0,"texture":"#0"},"up":{"uv":[3.8225882,13.440235,3.2362351,12.853883],"tintindex":0,"rotation":0,"texture":"#0"},"down":{"uv":[13.469646,9.411765E-4,12.883294,0.58729416],"tintindex":0,"rotation":0,"texture":"#0"}},"rotation":{"origin":[-6.1909,-12.0078125,-16.80521],"angle":45.0,"axis":"y"}},{"from":[14.04352,15.453354,-4.6803093],"to":[16.759521,26.22522,-2.1272697],"faces":{"east":{"uv":[11.440235,14.412706,11.353883,14.734353],"tintindex":0,"rotation":0,"texture":"#0"},"south":{"uv":[11.940235,14.353883,11.853883,14.6755295],"tintindex":0,"rotation":0,"texture":"#0"},"north":{"uv":[0.5284706,13.618588,0.44211763,13.940235],"tintindex":0,"rotation":0,"texture":"#0"},"west":{"uv":[10.587294,13.795059,10.500941,14.116706],"tintindex":0,"rotation":0,"texture":"#0"},"up":{"uv":[1.265647,14.469646,1.352,14.383294],"tintindex":0,"rotation":0,"texture":"#0"},"down":{"uv":[14.500941,3.8244705,14.587294,3.9108236],"tintindex":0,"rotation":0,"texture":"#0"}},"rotation":{"origin":[17.03112,18.958542,-4.9017105],"angle":-22.5,"axis":"x"}},{"from":[2.08985,15.478622,-7.4409904],"to":[14.089849,26.250504,6.267048],"faces":{"east":{"uv":[14.442118,13.883294,14.851999,14.204941],"tintindex":0,"rotation":0,"texture":"#0"},"south":{"uv":[13.412706,10.736236,13.763764,11.057882],"tintindex":0,"rotation":0,"texture":"#0"},"north":{"uv":[8.442118,6.059765,8.793176,6.381412],"tintindex":0,"rotation":0,"texture":"#0"},"west":{"uv":[14.47153,1.4421177,14.881412,1.7637646],"tintindex":0,"rotation":0,"texture":"#0"},"up":{"uv":[11.851999,14.763764,11.500941,14.353883],"tintindex":0,"rotation":0,"texture":"#0"},"down":{"uv":[0.76376474,14.383294,0.41270587,14.793176],"tintindex":0,"rotation":0,"texture":"#0"}},"rotation":{"origin":[8.25059,16.232132,-2.11166],"angle":22.5,"axis":"x"}},{"from":[5.84897,16.443802,-6.614002],"to":[12.91057,27.215683,3.3265572],"faces":{"east":{"uv":[14.02847,14.706824,13.736236,15.02847],"tintindex":0,"rotation":0,"texture":"#0"},"south":{"uv":[5.734353,15.030354,5.530353,15.352],"tintindex":0,"rotation":0,"texture":"#0"},"north":{"uv":[7.0284705,14.412706,6.8244705,14.734353],"tintindex":0,"rotation":0,"texture":"#0"},"west":{"uv":[14.999059,5.736235,14.706824,6.0578823],"tintindex":0,"rotation":0,"texture":"#0"},"up":{"uv":[12.353883,13.146117,12.557882,12.853883],"tintindex":0,"rotation":0,"texture":"#0"},"down":{"uv":[15.1185875,5.9421177,15.322589,6.234353],"tintindex":0,"rotation":0,"texture":"#0"}},"rotation":{"origin":[7.92911,16.232132,-2.11166],"angle":-45.0,"axis":"z"}},{"from":[-0.5798197,25.82846,-2.1272697],"to":[1.75594,30.570816,-2.1272697],"faces":{"east":{"uv":[9.411765E-4,9.411765E-4,-0.0017647059,0.14611764],"tintindex":0,"rotation":0,"texture":"#0"},"south":{"uv":[8.853883,4.383294,8.940235,4.5284705],"tintindex":0,"rotation":0,"texture":"#0"},"north":{"uv":[8.177412,3.0303528,8.263764,3.1755295],"tintindex":0,"rotation":0,"texture":"#0"},"west":{"uv":[9.411765E-4,9.411765E-4,-0.0017647059,0.14611764],"tintindex":0,"rotation":0,"texture":"#0"},"up":{"uv":[0.08729412,9.411765E-4,9.411765E-4,-0.0017647059],"tintindex":0,"rotation":0,"texture":"#0"},"down":{"uv":[0.08729412,9.411765E-4,9.411765E-4,-0.0017647059],"tintindex":0,"rotation":0,"texture":"#0"}},"rotation":{"origin":[-0.85141945,18.958542,-4.9017105],"angle":-22.5,"axis":"x"}},{"from":[14.423759,25.82846,-2.1272697],"to":[16.759521,30.570816,-2.1272697],"faces":{"east":{"uv":[9.411765E-4,9.411765E-4,-0.0017647059,0.14611764],"tintindex":0,"rotation":0,"texture":"#0"},"south":{"uv":[8.940235,4.383294,8.853883,4.5284705],"tintindex":0,"rotation":0,"texture":"#0"},"north":{"uv":[8.263764,3.0303528,8.177412,3.1755295],"tintindex":0,"rotation":0,"texture":"#0"},"west":{"uv":[9.411765E-4,9.411765E-4,-0.0017647059,0.14611764],"tintindex":0,"rotation":0,"texture":"#0"},"up":{"uv":[9.411765E-4,9.411765E-4,0.08729412,-0.0017647059],"tintindex":0,"rotation":0,"texture":"#0"},"down":{"uv":[9.411765E-4,9.411765E-4,0.08729412,-0.0017647059],"tintindex":0,"rotation":0,"texture":"#0"}},"rotation":{"origin":[17.03112,18.958542,-4.9017105],"angle":-22.5,"axis":"x"}},{"from":[2.08985,26.250504,-14.483192],"to":[14.089849,26.250504,-6.6223106],"faces":{"east":{"uv":[9.411765E-4,9.411765E-4,0.23435295,-0.0017647059],"tintindex":0,"rotation":0,"texture":"#0"},"south":{"uv":[9.411765E-4,9.411765E-4,0.35200003,-0.0017647059],"tintindex":0,"rotation":0,"texture":"#0"},"north":{"uv":[9.411765E-4,9.411765E-4,0.35200003,-0.0017647059],"tintindex":0,"rotation":0,"texture":"#0"},"west":{"uv":[9.411765E-4,9.411765E-4,0.23435295,-0.0017647059],"tintindex":0,"rotation":0,"texture":"#0"},"up":{"uv":[6.0578823,10.410823,5.7068233,10.177412],"tintindex":0,"rotation":0,"texture":"#0"},"down":{"uv":[11.969646,4.5891767,11.618588,4.8225884],"tintindex":0,"rotation":0,"texture":"#0"}},"rotation":{"origin":[8.25059,16.232132,-2.11166],"angle":22.5,"axis":"x"}},{"from":[-0.5798197,15.453354,-4.6803093],"to":[2.13618,26.22522,-2.1272697],"faces":{"east":{"uv":[10.500941,13.795059,10.587294,14.116706],"tintindex":0,"rotation":0,"texture":"#0"},