{"textures":{"0":"modelengine:entity/balrog","particle":"#0"},"elements":[{"from":[5.42645,7.609312,2.1986852],"to":[17.932175,21.446362,13.831409],"faces":{"east":{"uv":[10.942118,9.411765E-4,11.646117,0.82258826],"tintindex":0,"rotation":0,"texture":"#0"},"south":{"uv":[10.206824,8.089177,10.940235,8.910823],"tintindex":0,"rotation":0,"texture":"#0"},"north":{"uv":[10.206824,7.265647,10.940235,8.087294],"tintindex":0,"rotation":0,"texture":"#0"},"west":{"uv":[0.76564705,10.942118,1.469647,11.763764],"tintindex":0,"rotation":0,"texture":"#0"},"up":{"uv":[12.02847,3.116706,11.295059,2.412706],"tintindex":0,"rotation":0,"texture":"#0"},"down":{"uv":[12.1755295,5.3538823,11.442118,6.0578823],"tintindex":0,"rotation":0,"texture":"#0"}},"rotation":{"origin":[12.8906,10.250137,8.135085],"angle":-22.5,"axis":"y"}},{"from":[-1.3829498,7.609312,2.1986852],"to":[11.122775,21.446362,13.831409],"faces":{"east":{"uv":[4.618588,10.736236,5.3225884,11.557882],"tintindex":0,"rotation":0,"texture":"#0"},"south":{"uv":[10.206824,0.8244706,10.940235,1.6461176],"tintindex":0,"rotation":0,"texture":"#0"},"north":{"uv":[10.206824,9.411765E-4,10.940235,0.82258826],"tintindex":0,"rotation":0,"texture":"#0"},"west":{"uv":[10.912706,4.0009413,11.616706,4.8225884],"tintindex":0,"rotation":0,"texture":"#0"},"up":{"uv":[8.999059,11.881412,8.265648,11.177412],"tintindex":0,"rotation":0,"texture":"#0"},"down":{"uv":[11.999059,1.7068236,11.265648,2.4108236],"tintindex":0,"rotation":0,"texture":"#0"}},"rotation":{"origin":[3.6367998,10.250137,8.135085],"angle":22.5,"axis":"y"}}],"display":{"head":{"rotation":[0.0,0.0,0.0]},"firstperson_righthand":{"rotation":[0.0,0.0,0.0]},"thirdperson_lefthand":{"rotation":[0.0,-0.0,-0.0]},"firstperson_lefthand":{"rotation":[0.0,-0.0,-0.0]},"fixed":{"rotation":[0.0,0.0,0.0]},"ground":{"rotation":[0.0,0.0,0.0]},"thirdperson_righthand":{"rotation":[0.0,0.0,0.0]},"gui":{"rotation":[-150.0,-45.0,180.0]}}}