{"textures":{"0":"modelengine:entity/balrog","particle":"#0"},"elements":[{"from":[3.7805004,6.657181,-7.7147846],"to":[12.2195,13.762432,6.6897154],"faces":{"east":{"uv":[12.853883,6.3244705,13.704941,6.734353],"tintindex":0,"rotation":0,"texture":"#0"},"south":{"uv":[13.97153,13.47153,14.469646,13.881412],"tintindex":0,"rotation":0,"texture":"#0"},"north":{"uv":[11.500941,13.942118,11.999059,14.351999],"tintindex":0,"rotation":0,"texture":"#0"},"west":{"uv":[11.500941,12.853883,12.351999,13.263764],"tintindex":0,"rotation":0,"texture":"#0"},"up":{"uv":[3.3814118,12.851999,2.883294,12.000941],"tintindex":0,"rotation":0,"texture":"#0"},"down":{"uv":[3.8814118,12.000941,3.383294,12.851999],"tintindex":0,"rotation":0,"texture":"#0"}},"rotation":{"origin":[8.0,4.5981064,-5.3990498],"angle":22.5,"axis":"x"}},{"from":[3.3197498,8.186985,-10.328815],"to":[12.68025,14.564735,10.1381855],"faces":{"east":{"uv":[11.618588,4.2068233,12.822588,4.587294],"tintindex":0,"rotation":0,"texture":"#0"},"south":{"uv":[13.765648,11.618588,14.322588,11.999059],"tintindex":0,"rotation":0,"texture":"#0"},"north":{"uv":[13.765648,11.236236,14.322588,11.616706],"tintindex":0,"rotation":0,"texture":"#0"},"west":{"uv":[11.648001,9.411765E-4,12.851999,0.3814118],"tintindex":0,"rotation":0,"texture":"#0"},"up":{"uv":[3.0578825,11.087294,2.500941,9.883294],"tintindex":0,"rotation":0,"texture":"#0"},"down":{"uv":[3.616706,9.883294,3.0597646,11.087294],"tintindex":0,"rotation":0,"texture":"#0"}}},{"from":[5.3082504,5.22332,-9.278709],"to":[10.691751,10.752323,6.09579],"faces":{"east":{"uv":[12.824471,6.765647,13.734353,7.087294],"tintindex":0,"rotation":0,"texture":"#0"},"south":{"uv":[3.5303528,14.648001,3.852,14.969646],"tintindex":0,"rotation":0,"texture":"#0"},"north":{"uv":[14.618588,14.530354,14.940235,14.851999],"tintindex":0,"rotation":0,"texture":"#0"},"west":{"uv":[13.089177,1.6185883,13.999059,1.9402354],"tintindex":0,"rotation":0,"texture":"#0"},"up":{"uv":[8.704941,14.087294,8.383294,13.177412],"tintindex":0,"rotation":0,"texture":"#0"},"down":{"uv":[9.02847,13.177412,8.706824,14.087294],"tintindex":0,"rotation":0,"texture":"#0"}},"rotation":{"origin":[8.0,4.5981064,-5.3990498],"angle":22.5,"axis":"x"}}],"display":{"head":{"rotation":[0.0,0.0,0.0]},"firstperson_righthand":{"rotation":[0.0,0.0,0.0]},"thirdperson_lefthand":{"rotation":[0.0,-0.0,-0.0]},"firstperson_lefthand":{"rotation":[0.0,-0.0,-0.0]},"fixed":{"rotation":[0.0,0.0,0.0]},"ground":{"rotation":[0.0,0.0,0.0]},"thirdperson_righthand":{"rotation":[0.0,0.0,0.0]},"gui":{"rotation":[-150.0,-45.0,180.0]}}}