{"textures":{"0":"modelengine:entity/balrog","particle":"#0"},"elements":[{"from":[4.28069,4.991329,3.9463797],"to":[11.11919,12.824078,10.80913],"faces":{"east":{"uv":[3.7068236,14.177412,4.116706,14.646117],"tintindex":0,"rotation":0,"texture":"#0"},"south":{"uv":[14.177412,3.9715292,14.587294,4.4402356],"tintindex":0,"rotation":0,"texture":"#0"},"north":{"uv":[14.177412,2.9421177,14.587294,3.4108236],"tintindex":0,"rotation":0,"texture":"#0"},"west":{"uv":[14.177412,6.5009413,14.587294,6.969647],"tintindex":0,"rotation":0,"texture":"#0"},"up":{"uv":[14.734353,1.1167059,14.324471,0.7068235],"tintindex":0,"rotation":0,"texture":"#0"},"down":{"uv":[14.734353,3.412706,14.324471,3.8225882],"tintindex":0,"rotation":0,"texture":"#0"}},"rotation":{"origin":[7.7817497,4.824848,7.52413],"angle":22.5,"axis":"x"}},{"from":[5.4295,-3.9738064,6.055555],"to":[10.2795,3.980194,11.390554],"faces":{"east":{"uv":[14.324471,11.530354,14.646117,11.999059],"tintindex":0,"rotation":0,"texture":"#0"},"south":{"uv":[14.412706,5.736235,14.704941,6.2049413],"tintindex":0,"rotation":0,"texture":"#0"},"north":{"uv":[14.412706,4.912706,14.704941,5.381412],"tintindex":0,"rotation":0,"texture":"#0"},"west":{"uv":[14.353883,0.20682353,14.6755295,0.6755294],"tintindex":0,"rotation":0,"texture":"#0"},"up":{"uv":[10.263764,15.116707,9.97153,14.795059],"tintindex":0,"rotation":0,"texture":"#0"},"down":{"uv":[11.293176,14.795059,11.000941,15.116707],"tintindex":0,"rotation":0,"texture":"#0"}}},{"from":[5.64775,-10.233551,3.8908548],"to":[10.06125,6.6201973,8.401355],"faces":{"east":{"uv":[1.8832941,13.530354,2.1461177,14.52847],"tintindex":0,"rotation":0,"texture":"#0"},"south":{"uv":[4.412706,13.530354,4.6755295,14.52847],"tintindex":0,"rotation":0,"texture":"#0"},"north":{"uv":[1.6185883,13.530354,1.8814117,14.52847],"tintindex":0,"rotation":0,"texture":"#0"},"west":{"uv":[4.6774116,13.530354,4.9402356,14.52847],"tintindex":0,"rotation":0,"texture":"#0"},"up":{"uv":[5.1461177,15.263765,4.883294,15.000941],"tintindex":0,"rotation":0,"texture":"#0"},"down":{"uv":[15.263765,7.5303535,15.000941,7.793176],"tintindex":0,"rotation":0,"texture":"#0"}}},{"from":[7.205675,-4.4980507,5.467105],"to":[11.619175,1.4916992,10.341354],"faces":{"east":{"uv":[14.677412,1.8832941,14.969646,2.234353],"tintindex":0,"rotation":0,"texture":"#0"},"south":{"uv":[12.118588,14.736236,12.381412,15.087295],"tintindex":0,"rotation":0,"texture":"#0"},"north":{"uv":[11.853883,14.736236,12.116706,15.087295],"tintindex":0,"rotation":0,"texture":"#0"},"west":{"uv":[8.030354,14.677412,8.322588,15.02847],"tintindex":0,"rotation":0,"texture":"#0"},"up":{"uv":[15.204942,11.469646,14.942118,11.177412],"tintindex":0,"rotation":0,"texture":"#0"},"down":{"uv":[15.204942,11.47153,14.942118,11.763764],"tintindex":0,"rotation":0,"texture":"#0"}},"rotation":{"origin":[7.3694997,-7.4101715,4.36625],"angle":22.5,"axis":"z"}},{"from":[6.37525,-12.024807,6.055555],"to":[9.33375,2.0401936,10.444805],"faces":{"east":{"uv":[5.2068233,13.706824,5.469647,14.52847],"tintindex":0,"rotation":0,"texture":"#0"},"south":{"uv":[10.295059,14.265648,10.469646,15.087295],"tintindex":0,"rotation":0,"texture":"#0"},"north":{"uv":[10.824471,14.177412,10.999059,14.999059],"tintindex":0,"rotation":0,"texture":"#0"},"west":{"uv":[5.4715295,13.706824,5.734353,14.52847],"tintindex":0,"rotation":0,"texture":"#0"},"up":{"uv":[15.3814125,11.381412,15.206823,11.118588],"tintindex":0,"rotation":0,"texture":"#0"},"down":{"uv":[15.3814125,11.383294,15.206823,11.646117],"tintindex":0,"rotation":0,"texture":"#0"}}},{"from":[3.7636795,-3.4679604,5.467105],"to":[8.177179,2.5217896,10.341354],"faces":{"east":{"uv":[3.8538823,14.706824,4.1461177,15.057882],"tintindex":0,"rotation":0,"texture":"#0"},"south":{"uv":[12.648001,14.736236,12.910823,15.087295],"tintindex":0,"rotation":0,"texture":"#0"},"north":{"uv":[12.383294,14.736236,12.646117,15.087295],"tintindex":0,"rotation":0,"texture":"#0"},"west":{"uv":[14.706824,4.7950587,14.999059,5.1461177],"tintindex":0,"rotation":0,"texture":"#0"},"up":{"uv":[15.204942,14.499059,14.942118,14.206824],"tintindex":0,"rotation":0,"texture":"#0"},"down":{"uv":[15.204942,14.500941,14.942118,14.793176],"tintindex":0,"rotation":0,"texture":"#0"}},"rotation":{"origin":[5.5264997,-7.4101715,4.36625],"angle":-22.5,"axis":"z"}},{"from":[3.8289995,0.36694336,5.3765545],"to":[11.7345,7.3751945,12.118055],"faces":{"east":{"uv":[14.206824,10.648001,14.616706,11.057882],"tintindex":0,"rotation":0,"texture":"#0"},"south":{"uv":[14.059765,7.0009413,14.52847,7.410824],"tintindex":0,"rotation":0,"texture":"#0"},"north":{"uv":[14.000941,1.4715295,14.469646,1.8814117],"tintindex":0,"rotation":0,"texture":"#0"},"west":{"uv":[14.265648,1.8832941,14.6755295,2.2931767],"tintindex":0,"rotation":0,"texture":"#0"},"up":{"uv":[14.557882,9.234353,14.089177,8.824471],"tintindex":0,"rotation":0,"texture":"#0"},"down":{"uv":[14.616706,9.559765,14.148001,9.969646],"tintindex":0,"rotation":0,"texture":"#0"}}}],"display":{"head":{"rotation":[0.0,0.0,0.0]},"firstperson_righthand":{"rotation":[0.0,0.0,0.0]},"thirdperson_lefthand":{"rotation":[0.0,-0.0,-0.0]},"firstperson_lefthand":{"rotation":[0.0,-0.0,-0.0]},"fixed":{"rotation":[0.0,0.0,0.0]},"ground":{"rotation":[0.0,0.0,0.0]},"thirdperson_righthand":{"rotation":[0.0,0.0,0.0]},"gui":{"rotation":[-150.0,-45.0,180.0]}}}