{"textures":{"0":"modelengine:entity/balrog","particle":"#0"},"elements":[{"from":[2.3365908,2.0109024,2.9777794],"to":[12.81259,15.5909,11.756279],"faces":{"east":{"uv":[13.206824,14.618588,13.469646,15.02847],"tintindex":0,"rotation":0,"texture":"#0"},"south":{"uv":[1.4421177,14.530354,1.7637646,14.940235],"tintindex":0,"rotation":0,"texture":"#0"},"north":{"uv":[1.1185883,14.530354,1.4402353,14.940235],"tintindex":0,"rotation":0,"texture":"#0"},"west":{"uv":[13.47153,14.618588,13.734353,15.02847],"tintindex":0,"rotation":0,"texture":"#0"},"up":{"uv":[3.087294,15.146118,2.765647,14.883294],"tintindex":0,"rotation":0,"texture":"#0"},"down":{"uv":[5.5284705,14.883294,5.2068233,15.146118],"tintindex":0,"rotation":0,"texture":"#0"}}}],"display":{"head":{"rotation":[0.0,0.0,0.0]},"firstperson_righthand":{"rotation":[0.0,0.0,0.0]},"thirdperson_lefthand":{"rotation":[0.0,-0.0,-0.0]},"firstperson_lefthand":{"rotation":[0.0,-0.0,-0.0]},"fixed":{"rotation":[0.0,0.0,0.0]},"ground":{"rotation":[0.0,0.0,0.0]},"thirdperson_righthand":{"rotation":[0.0,0.0,0.0]},"gui":{"rotation":[-150.0,-45.0,180.0]}}}