{"textures":{"0":"modelengine:entity/balrog","particle":"#0"},"elements":[{"from":[-5.5484295,0.69314957,2.0285492],"to":[5.1922035,4.0785522,8.583729],"faces":{"east":{"uv":[14.912706,12.412706,15.293177,12.616706],"tintindex":0,"rotation":0,"texture":"#0"},"south":{"uv":[13.000941,3.5891764,13.646117,3.7931767],"tintindex":0,"rotation":0,"texture":"#0"},"north":{"uv":[12.97153,8.500941,13.616706,8.704941],"tintindex":0,"rotation":0,"texture":"#0"},"west":{"uv":[1.2950588,14.942118,1.6755294,15.146118],"tintindex":0,"rotation":0,"texture":"#0"},"up":{"uv":[14.322588,1.469647,13.677412,1.0891765],"tintindex":0,"rotation":0,"texture":"#0"},"down":{"uv":[14.322588,3.5891764,13.677412,3.9696472],"tintindex":0,"rotation":0,"texture":"#0"}},"rotation":{"origin":[7.617649,6.789116,5.5189495],"angle":-22.5,"axis":"z"}},{"from":[-6.5327206,4.961235,1.516509],"to":[8.970739,10.192772,8.954119],"faces":{"east":{"uv":[9.411765E-4,12.706824,0.44023532,13.02847],"tintindex":0,"rotation":0,"texture":"#0"},"south":{"uv":[11.295059,13.265648,12.204941,13.587294],"tintindex":0,"rotation":0,"texture":"#0"},"north":{"uv":[13.265648,9.236236,14.1755295,9.557882],"tintindex":0,"rotation":0,"texture":"#0"},"west":{"uv":[14.324471,1.1185883,14.763764,1.4402353],"tintindex":0,"rotation":0,"texture":"#0"},"up":{"uv":[13.322588,7.557882,12.412706,7.118588],"tintindex":0,"rotation":0,"texture":"#0"},"down":{"uv":[12.557882,12.412706,11.648001,12.851999],"tintindex":0,"rotation":0,"texture":"#0"}}},{"from":[-9.632521,5.3078995,2.4668741],"to":[-5.240595,9.821854,8.00375],"faces":{"east":{"uv":[14.824471,12.765648,15.146118,13.02847],"tintindex":0,"rotation":0,"texture":"#0"},"south":{"uv":[13.47153,15.030354,13.734353,15.293177],"tintindex":0,"rotation":0,"texture":"#0"},"north":{"uv":[13.206824,15.030354,13.469646,15.293177],"tintindex":0,"rotation":0,"texture":"#0"},"west":{"uv":[14.824471,13.030354,15.146118,13.293176],"tintindex":0,"rotation":0,"texture":"#0"},"up":{"uv":[5.9990587,15.17553,5.736235,14.853883],"tintindex":0,"rotation":0,"texture":"#0"},"down":{"uv":[15.116707,6.559765,14.853883,6.881412],"tintindex":0,"rotation":0,"texture":"#0"}}}],"display":{"head":{"rotation":[0.0,0.0,0.0]},"firstperson_righthand":{"rotation":[0.0,0.0,0.0]},"thirdperson_lefthand":{"rotation":[0.0,-0.0,-0.0]},"firstperson_lefthand":{"rotation":[0.0,-0.0,-0.0]},"fixed":{"rotation":[0.0,0.0,0.0]},"ground":{"rotation":[0.0,0.0,0.0]},"thirdperson_righthand":{"rotation":[0.0,0.0,0.0]},"gui":{"rotation":[-150.0,-45.0,180.0]}}}