{"textures":{"0":"modelengine:entity/balrog","particle":"#0"},"elements":[{"from":[-4.7096405,-0.016555786,-1.4619904],"to":[6.30307,18.41542,18.339699],"faces":{"east":{"uv":[10.706824,13.118588,11.293176,13.6755295],"tintindex":0,"rotation":0,"texture":"#0"},"south":{"uv":[12.648001,14.177412,12.969646,14.734353],"tintindex":0,"rotation":0,"texture":"#0"},"north":{"uv":[12.324471,14.177412,12.646117,14.734353],"tintindex":0,"rotation":0,"texture":"#0"},"west":{"uv":[13.089177,13.118588,13.6755295,13.6755295],"tintindex":0,"rotation":0,"texture":"#0"},"up":{"uv":[14.410823,7.9990582,14.089177,7.412706],"tintindex":0,"rotation":0,"texture":"#0"},"down":{"uv":[8.351999,14.089177,8.030354,14.6755295],"tintindex":0,"rotation":0,"texture":"#0"}},"rotation":{"origin":[3.636259,9.307846,4.109539],"angle":-22.5,"axis":"z"}},{"from":[-0.3782406,-0.79416656,-3.1033096],"to":[20.11175,20.807678,20.8811],"faces":{"east":{"uv":[8.97153,11.883294,9.6755295,12.52847],"tintindex":0,"rotation":0,"texture":"#0"},"south":{"uv":[1.765647,12.559765,2.3814118,13.204941],"tintindex":0,"rotation":0,"texture":"#0"},"north":{"uv":[1.148,12.559765,1.7637646,13.204941],"tintindex":0,"rotation":0,"texture":"#0"},"west":{"uv":[10.177412,11.912706,10.881412,12.557882],"tintindex":0,"rotation":0,"texture":"#0"},"up":{"uv":[12.793176,5.9990587,12.177412,5.2950587],"tintindex":0,"rotation":0,"texture":"#0"},"down":{"uv":[5.2049413,12.265648,4.5891767,12.969646],"tintindex":0,"rotation":0,"texture":"#0"}}}],"display":{"head":{"rotation":[0.0,0.0,0.0]},"firstperson_righthand":{"rotation":[0.0,0.0,0.0]},"thirdperson_lefthand":{"rotation":[0.0,-0.0,-0.0]},"firstperson_lefthand":{"rotation":[0.0,-0.0,-0.0]},"fixed":{"rotation":[0.0,0.0,0.0]},"ground":{"rotation":[0.0,0.0,0.0]},"thirdperson_righthand":{"rotation":[0.0,0.0,0.0]},"gui":{"rotation":[-150.0,-45.0,180.0]}}}