{"textures":{"0":"modelengine:entity/balrog","particle":"#0"},"elements":[{"from":[4.74644,2.9217987,-4.627102],"to":[12.23484,10.44899,4.5296974],"faces":{"east":{"uv":[15.1185875,7.942118,15.3814125,8.1755295],"tintindex":0,"rotation":0,"texture":"#0"},"south":{"uv":[6.4421177,15.177411,6.6755295,15.410824],"tintindex":0,"rotation":0,"texture":"#0"},"north":{"uv":[6.2068233,15.177411,6.4402356,15.410824],"tintindex":0,"rotation":0,"texture":"#0"},"west":{"uv":[15.1185875,8.177412,15.3814125,8.410823],"tintindex":0,"rotation":0,"texture":"#0"},"up":{"uv":[10.116706,15.3814125,9.883294,15.1185875],"tintindex":0,"rotation":0,"texture":"#0"},"down":{"uv":[11.234353,15.1185875,11.000941,15.3814125],"tintindex":0,"rotation":0,"texture":"#0"}}}],"display":{"head":{"rotation":[0.0,0.0,0.0]},"firstperson_righthand":{"rotation":[0.0,0.0,0.0]},"thirdperson_lefthand":{"rotation":[0.0,-0.0,-0.0]},"firstperson_lefthand":{"rotation":[0.0,-0.0,-0.0]},"fixed":{"rotation":[0.0,0.0,0.0]},"ground":{"rotation":[0.0,0.0,0.0]},"thirdperson_righthand":{"rotation":[0.0,0.0,0.0]},"gui":{"rotation":[-150.0,-45.0,180.0]}}}