{"textures":{"0":"modelengine:entity/balrog","particle":"#0"},"elements":[{"from":[-2.9991598,3.9834404,2.0258646],"to":[11.182725,13.627121,9.33741],"faces":{"east":{"uv":[13.648001,7.4421177,14.087294,8.02847],"tintindex":0,"rotation":0,"texture":"#0"},"south":{"uv":[11.559765,7.118588,12.410823,7.704941],"tintindex":0,"rotation":0,"texture":"#0"},"north":{"uv":[11.559765,0.8244706,12.410823,1.4108235],"tintindex":0,"rotation":0,"texture":"#0"},"west":{"uv":[13.648001,8.500941,14.087294,9.087294],"tintindex":0,"rotation":0,"texture":"#0"},"up":{"uv":[13.646117,5.910824,12.795059,5.4715295],"tintindex":0,"rotation":0,"texture":"#0"},"down":{"uv":[13.6755295,3.8244705,12.824471,4.263765],"tintindex":0,"rotation":0,"texture":"#0"}},"rotation":{"origin":[2.5790453,9.435585,7.2889194],"angle":-22.5,"axis":"y"}},{"from":[-4.511895,5.3385925,-0.7057648],"to":[8.00576,13.091362,7.162855],"faces":{"east":{"uv":[9.030354,13.824471,9.499059,14.293176],"tintindex":0,"rotation":0,"texture":"#0"},"south":{"uv":[13.000941,3.1185882,13.734353,3.587294],"tintindex":0,"rotation":0,"texture":"#0"},"north":{"uv":[12.97153,8.030354,13.704941,8.499059],"tintindex":0,"rotation":0,"texture":"#0"},"west":{"uv":[9.500941,13.824471,9.969646,14.293176],"tintindex":0,"rotation":0,"texture":"#0"},"up":{"uv":[13.763764,11.52847,13.030354,11.059765],"tintindex":0,"rotation":0,"texture":"#0"},"down":{"uv":[13.763764,11.530354,13.030354,11.999059],"tintindex":0,"rotation":0,"texture":"#0"}}}],"display":{"head":{"rotation":[0.0,0.0,0.0]},"firstperson_righthand":{"rotation":[0.0,0.0,0.0]},"thirdperson_lefthand":{"rotation":[0.0,-0.0,-0.0]},"firstperson_lefthand":{"rotation":[0.0,-0.0,-0.0]},"fixed":{"rotation":[0.0,0.0,0.0]},"ground":{"rotation":[0.0,0.0,0.0]},"thirdperson_righthand":{"rotation":[0.0,0.0,0.0]},"gui":{"rotation":[-150.0,-45.0,180.0]}}}