{"textures":{"0":"modelengine:entity/balrog","particle":"#0"},"elements":[{"from":[12.930719,5.028183,18.3498],"to":[12.930719,19.680054,21.39172],"faces":{"east":{"uv":[11.734353,11.912706,11.648001,12.351999],"tintindex":0,"rotation":0,"texture":"#0"},"south":{"uv":[9.411765E-4,9.411765E-4,-0.0017647059,0.44023532],"tintindex":0,"rotation":0,"texture":"#0"},"north":{"uv":[9.411765E-4,9.411765E-4,-0.0017647059,0.44023532],"tintindex":0,"rotation":0,"texture":"#0"},"west":{"uv":[8.263764,2.5891764,8.177412,3.0284708],"tintindex":0,"rotation":0,"texture":"#0"},"up":{"uv":[9.411765E-4,0.08729412,-0.0017647059,9.411765E-4],"tintindex":0,"rotation":0,"texture":"#0"},"down":{"uv":[9.411765E-4,9.411765E-4,-0.0017647059,0.08729412],"tintindex":0,"rotation":0,"texture":"#0"}},"rotation":{"origin":[14.78422,14.378128,17.119808],"angle":-22.5,"axis":"z"}},{"from":[9.6172,5.028183,16.06836],"to":[12.930719,19.680054,18.621399],"faces":{"east":{"uv":[6.116706,14.295059,6.030353,14.734353],"tintindex":0,"rotation":0,"texture":"#0"},"south":{"uv":[3.499059,15.1185875,3.383294,15.557883],"tintindex":0,"rotation":0,"texture":"#0"},"north":{"uv":[9.646117,15.059764,9.530354,15.49906],"tintindex":0,"rotation":0,"texture":"#0"},"west":{"uv":[7.7637644,13.912706,7.677412,14.351999],"tintindex":0,"rotation":0,"texture":"#0"},"up":{"uv":[15.265647,7.3225884,15.3814125,7.236235],"tintindex":0,"rotation":0,"texture":"#0"},"down":{"uv":[4.765647,15.3244705,4.881412,15.410824],"tintindex":0,"rotation":0,"texture":"#0"}},"rotation":{"origin":[14.78422,14.378128,17.119808],"angle":-22.5,"axis":"z"}},{"from":[5.07904,16.953781,8.966492],"to":[10.579041,19.50682,23.758041],"faces":{"east":{"uv":[6.883294,6.383294,7.3225884,6.469647],"tintindex":0,"rotation":0,"texture":"#0"},"south":{"uv":[15.383294,9.353883,15.528471,9.440235],"tintindex":0,"rotation":0,"texture":"#0"},"north":{"uv":[15.383294,5.0009413,15.528471,5.087294],"tintindex":0,"rotation":0,"texture":"#0"},"west":{"uv":[8.47153,11.059765,8.910823,11.146117],"tintindex":0,"rotation":0,"texture":"#0"},"up":{"uv":[3.616706,11.52847,3.4715292,11.089177],"tintindex":0,"rotation":0,"texture":"#0"},"down":{"uv":[0.6461177,11.853883,0.50094116,12.293176],"tintindex":0,"rotation":0,"texture":"#0"}},"rotation":{"origin":[7.98978,12.205338,16.658089],"angle":-45.0,"axis":"x"}},{"from":[5.32904,10.8155365,16.06836],"to":[10.329041,23.814514,18.295479],"faces":{"east":{"uv":[9.000941,11.059765,9.057882,11.440235],"tintindex":0,"rotation":0,"texture":"#0"},"south":{"uv":[12.206824,13.265648,12.351999,13.646117],"tintindex":0,"rotation":0,"texture":"#0"},"north":{"uv":[7.412706,8.824471,7.557882,9.204941],"tintindex":0,"rotation":0,"texture":"#0"},"west":{"uv":[9.000941,11.442118,9.057882,11.822588],"tintindex":0,"rotation":0,"texture":"#0"},"up":{"uv":[7.469647,3.234353,7.3244705,3.1774118],"tintindex":0,"rotation":0,"texture":"#0"},"down":{"uv":[7.6167054,3.1774118,7.4715295,3.234353],"tintindex":0,"rotation":0,"texture":"#0"}}},{"from":[5.5997,23.868835,17.426361],"to":[10.37986,23.868835,19.76212],"faces":{"east":{"uv":[9.411765E-4,9.411765E-4,0.08729412,-0.0017647059],"tintindex":0,"rotation":0,"texture":"#0"},"south":{"uv":[9.411765E-4,9.411765E-4,0.14611764,-0.0017647059],"tintindex":0,"rotation":0,"texture":"#0"},"north":{"uv":[9.411765E-4,9.411765E-4,0.14611764,-0.0017647059],"tintindex":0,"rotation":0,"texture":"#0"},"west":{"uv":[9.411765E-4,9.411765E-4,0.08729412,-0.0017647059],"tintindex":0,"rotation":0,"texture":"#0"},"up":{"uv":[15.440236,9.116706,15.295058,9.030354],"tintindex":0,"rotation":0,"texture":"#0"},"down":{"uv":[15.440236,10.795059,15.295058,10.881412],"tintindex":0,"rotation":0,"texture":"#0"}}},{"from":[2.7273602,5.028183,16.06836],"to":[6.04088,19.680054,18.621399],"faces":{"east":{"uv":[7.677412,13.912706,7.7637644,14.351999],"tintindex":0,"rotation":0,"texture":"#0"},"south":{"uv":[3.383294,15.1185875,3.499059,15.557883],"tintindex":0,"rotation":0,"texture":"#0"},"north":{"uv":[9.530354,15.059764,9.646117,15.49906],"tintindex":0,"rotation":0,"texture":"#0"},"west":{"uv":[6.030353,14.295059,6.116706,14.734353],"tintindex":0,"rotation":0,"texture":"#0"},"up":{"uv":[15.3814125,7.3225884,15.265647,7.236235],"tintindex":0,"rotation":0,"texture":"#0"},"down":{"uv":[4.881412,15.3244705,4.765647,15.410824],"tintindex":0,"rotation":0,"texture":"#0"}},"rotation":{"origin":[0.8738599,14.378128,17.119808],"angle":22.5,"axis":"z"}},{"from":[2.7273602,5.028183,18.3498],"to":[2.7273602,19.680054,21.39172],"faces":{"east":{"uv":[8.177412,2.5891764,8.263764,3.0284708],"tintindex":0,"rotation":0,"texture":"#0"},"south":{"uv":[9.411765E-4,9.411765E-4,-0.0017647059,0.44023532],"tintindex":0,"rotation":0,"texture":"#0"},"north":{"uv":[9.411765E-4,9.411765E-4,-0.0017647059,0.44023532],"tintindex":0,"rotation":0,"texture":"#0"},"west":{"uv":[11.648001,11.912706,11.734353,12.351999],"tintindex":0,"rotation":0,"texture":"#0"},"up":{"uv":[9.411765E-4,0.08729412,-0.0017647059,9.411765E-4],"tintindex":0,"rotation":0,"texture":"#0"},"down":{"uv":[9.411765E-4,9.411765E-4,-0.0017647059,0.08729412],"tintindex":0,"rotation":0,"texture":"#0"}},"rotation":{"origin":[0.8738599,14.378128,17.119808],"angle":22.5,"axis":"z"}},{"from":[3.82904,14.292099,8.857849],"to":[11.829041,16.845139,21.25932],"faces":{"east":{"uv":[11.559765,8.942118,11.940235,9.02847],"tintindex":0,"rotation":0,"texture":"#0"},"south":{"uv":[11.942118,8.942118,12.1755295,9.02847],"tintindex":0,"rotation":0,"texture":"#0"},"north":{"uv":[7.3244705,6.383294,7.557882,6.469647],"tintindex":0,"rotation":0,"texture":"#0"},"west":{"uv":[11.648001,0.73623526,12.02847,0.82258826],"tintindex":0,"rotation":0,"texture":"#0"},"up":{"uv":[14.999059,7.704941,14.765648,7.3244705],"tintindex":0,"rotation":0,"texture":"#0"},"down":{"uv":[11.587294,14.765648,11.353883,15.146118],"tintindex":0,"rotation":0,"texture":"#0"}},"rotation":{"origin":[7.98978,12.205338,16.658089],"angle":-45.0,"axis":"x"}}],"display":{"head":{"rotation":[0.0,0.0,0.0]},"firstperson_righthand":{"rotation":[0.0,0.0,0.0]},"thirdperson_lefthand":{"rotation":[0.0,-0.0,-0.0]},"firstperson_lefthand":{"rotation":[0.0,-0.0,-0.0]},"fixed":{"rotation":[0.0,0.0,0.0]},"ground":{"rotation":[0.0,0.0,0.0]},"thirdperson_righthand":{"rotation":[0.0,0.0,0.0]},"gui":{"rotation":[-150.0,-45.0,180.0]}}}