{"textures":{"0":"modelengine:entity/balrog","particle":"#0"},"elements":[{"from":[2.2003403,7.1091385,10.696699],"to":[13.98584,16.283012,22.482199],"faces":{"east":{"uv":[12.648001,2.000941,13.351999,2.5578825],"tintindex":0,"rotation":0,"texture":"#0"},"south":{"uv":[12.648001,2.5597646,13.351999,3.116706],"tintindex":0,"rotation":0,"texture":"#0"},"north":{"uv":[5.2068233,12.618588,5.910824,13.1755295],"tintindex":0,"rotation":0,"texture":"#0"},"west":{"uv":[12.706824,10.500941,13.410823,11.057882],"tintindex":0,"rotation":0,"texture":"#0"},"up":{"uv":[5.3225884,12.263764,4.618588,11.559765],"tintindex":0,"rotation":0,"texture":"#0"},"down":{"uv":[12.263764,7.706824,11.559765,8.410823],"tintindex":0,"rotation":0,"texture":"#0"}},"rotation":{"origin":[8.0,8.0,8.0],"angle":45.0,"axis":"y"}}],"display":{"head":{"rotation":[0.0,0.0,0.0]},"firstperson_righthand":{"rotation":[0.0,0.0,0.0]},"thirdperson_lefthand":{"rotation":[0.0,-0.0,-0.0]},"firstperson_lefthand":{"rotation":[0.0,-0.0,-0.0]},"fixed":{"rotation":[0.0,0.0,0.0]},"ground":{"rotation":[0.0,0.0,0.0]},"thirdperson_righthand":{"rotation":[0.0,0.0,0.0]},"gui":{"rotation":[-150.0,-45.0,180.0]}}}