{"textures":{"1":"modelengine:entity/balrog_whip","particle":"#1"},"elements":[{"from":[6.459999,10.860001,6.8168716],"to":[10.620003,19.180008,10.26313],"faces":{"east":{"uv":[2.500941,8.000941,2.999059,8.999059],"tintindex":0,"rotation":0,"texture":"#1"},"south":{"uv":[3.000941,8.000941,3.499059,8.999059],"tintindex":0,"rotation":0,"texture":"#1"},"north":{"uv":[2.000941,8.000941,2.499059,8.999059],"tintindex":0,"rotation":0,"texture":"#1"},"west":{"uv":[3.500941,8.000941,3.999059,8.999059],"tintindex":0,"rotation":0,"texture":"#1"},"up":{"uv":[9.499059,0.49905884,9.000941,9.411765E-4],"tintindex":0,"rotation":0,"texture":"#1"},"down":{"uv":[9.499059,0.50094116,9.000941,0.9990588],"tintindex":0,"rotation":0,"texture":"#1"}},"rotation":{"origin":[-6.0199966,15.020004,8.540001],"angle":45.0,"axis":"x"}},{"from":[6.459999,13.296875,4.380001],"to":[10.620003,16.743134,12.700001],"faces":{"east":{"uv":[7.75,4.75,8.75,5.25],"tintindex":0,"rotation":0,"texture":"#1"},"south":{"uv":[8.75,7.75,9.25,8.25],"tintindex":0,"rotation":0,"texture":"#1"},"north":{"uv":[8.75,5.0009413,9.25,5.4990587],"tintindex":0,"rotation":0,"texture":"#1"},"west":{"uv":[7.75,5.25,8.75,5.75],"tintindex":0,"rotation":0,"texture":"#1"},"up":{"uv":[8.25,6.75,7.75,5.75],"tintindex":0,"rotation":0,"texture":"#1"},"down":{"uv":[8.25,6.75,7.75,7.75],"tintindex":0,"rotation":0,"texture":"#1"}},"rotation":{"origin":[-6.0199966,15.020004,8.540001],"angle":45.0,"axis":"x"}},{"from":[6.459999,13.296875,4.380001],"to":[10.620003,16.743134,12.700001],"faces":{"east":{"uv":[7.75,7.75,8.75,8.25],"tintindex":0,"rotation":0,"texture":"#1"},"south":{"uv":[8.75,8.75,9.25,9.25],"tintindex":0,"rotation":0,"texture":"#1"},"north":{"uv":[8.25,8.75,8.75,9.25],"tintindex":0,"rotation":0,"texture":"#1"},"west":{"uv":[9.411765E-4,8.000941,0.9990588,8.499059],"tintindex":0,"rotation":0,"texture":"#1"},"up":{"uv":[1.4990588,8.999059,1.0009413,8.000941],"tintindex":0,"rotation":0,"texture":"#1"},"down":{"uv":[1.9990588,8.000941,1.5009413,8.999059],"tintindex":0,"rotation":0,"texture":"#1"}}},{"from":[6.459999,10.860001,6.8168716],"to":[10.620003,19.180008,10.26313],"faces":{"east":{"uv":[4.5009413,8.000941,4.9990587,8.999059],"tintindex":0,"rotation":0,"texture":"#1"},"south":{"uv":[5.0009413,8.000941,5.4990587,8.999059],"tintindex":0,"rotation":0,"texture":"#1"},"north":{"uv":[4.0009413,8.000941,4.4990587,8.999059],"tintindex":0,"rotation":0,"texture":"#1"},"west":{"uv":[5.5009413,8.000941,5.9990587,8.999059],"tintindex":0,"rotation":0,"texture":"#1"},"up":{"uv":[1.4990588,9.499059,1.0009413,9.000941],"tintindex":0,"rotation":0,"texture":"#1"},"down":{"uv":[9.499059,1.0009413,9.000941,1.4990588],"tintindex":0,"rotation":0,"texture":"#1"}}}],"display":{"head":{"rotation":[0.0,0.0,0.0]},"firstperson_righthand":{"rotation":[0.0,0.0,0.0]},"thirdperson_lefthand":{"rotation":[0.0,-0.0,-0.0]},"firstperson_lefthand":{"rotation":[0.0,-0.0,-0.0]},"fixed":{"rotation":[0.0,0.0,0.0]},"ground":{"rotation":[0.0,0.0,0.0]},"thirdperson_righthand":{"rotation":[0.0,0.0,0.0]},"gui":{"rotation":[-150.0,-45.0,180.0]}}}