{"textures":{"1":"modelengine:entity/balrog_whip","particle":"#1"},"elements":[{"from":[5.919998,6.2768707,3.8400002],"to":[10.080002,9.723137,12.16],"faces":{"east":{"uv":[8.25,7.25,9.25,7.75],"tintindex":0,"rotation":0,"texture":"#1"},"south":{"uv":[9.000941,2.000941,9.499059,2.499059],"tintindex":0,"rotation":0,"texture":"#1"},"north":{"uv":[2.000941,9.000941,2.499059,9.499059],"tintindex":0,"rotation":0,"texture":"#1"},"west":{"uv":[8.25,8.25,9.25,8.75],"tintindex":0,"rotation":0,"texture":"#1"},"up":{"uv":[0.49905884,9.499059,9.411765E-4,8.500941],"tintindex":0,"rotation":0,"texture":"#1"},"down":{"uv":[8.999059,9.411765E-4,8.500941,0.9990588],"tintindex":0,"rotation":0,"texture":"#1"}}},{"from":[5.919998,6.2768707,3.8400002],"to":[10.080002,9.723137,12.16],"faces":{"east":{"uv":[6.0009413,8.000941,6.9990587,8.499059],"tintindex":0,"rotation":0,"texture":"#1"},"south":{"uv":[9.000941,1.5009413,9.499059,1.9990588],"tintindex":0,"rotation":0,"texture":"#1"},"north":{"uv":[1.5009413,9.000941,1.9990588,9.499059],"tintindex":0,"rotation":0,"texture":"#1"},"west":{"uv":[8.25,5.75,9.25,6.25],"tintindex":0,"rotation":0,"texture":"#1"},"up":{"uv":[8.75,7.25,8.25,6.25],"tintindex":0,"rotation":0,"texture":"#1"},"down":{"uv":[8.25,8.25,7.75,9.25],"tintindex":0,"rotation":0,"texture":"#1"}},"rotation":{"origin":[-6.5599976,8.0,8.0],"angle":45.0,"axis":"x"}},{"from":[5.919998,3.840004,6.2768707],"to":[10.080002,12.159996,9.723129],"faces":{"east":{"uv":[8.500941,1.0009413,8.999059,1.9990588],"tintindex":0,"rotation":0,"texture":"#1"},"south":{"uv":[8.500941,2.000941,8.999059,2.999059],"tintindex":0,"rotation":0,"texture":"#1"},"north":{"uv":[0.50094116,8.500941,0.9990588,9.499059],"tintindex":0,"rotation":0,"texture":"#1"},"west":{"uv":[8.500941,3.000941,8.999059,3.999059],"tintindex":0,"rotation":0,"texture":"#1"},"up":{"uv":[2.999059,9.499059,2.500941,9.000941],"tintindex":0,"rotation":0,"texture":"#1"},"down":{"uv":[9.499059,2.500941,9.000941,2.999059],"tintindex":0,"rotation":0,"texture":"#1"}},"rotation":{"origin":[-6.5599976,8.0,8.0],"angle":45.0,"axis":"x"}},{"from":[5.919998,3.840004,6.2768707],"to":[10.080002,12.159996,9.723129],"faces":{"east":{"uv":[6.5009413,8.500941,6.9990587,9.499059],"tintindex":0,"rotation":0,"texture":"#1"},"south":{"uv":[8.75,4.0009413,9.25,4.9990587],"tintindex":0,"rotation":0,"texture":"#1"},"north":{"uv":[6.0009413,8.500941,6.4990587,9.499059],"tintindex":0,"rotation":0,"texture":"#1"},"west":{"uv":[8.75,6.25,9.25,7.25],"tintindex":0,"rotation":0,"texture":"#1"},"up":{"uv":[3.499059,9.499059,3.000941,9.000941],"tintindex":0,"rotation":0,"texture":"#1"},"down":{"uv":[9.499059,3.000941,9.000941,3.499059],"tintindex":0,"rotation":0,"texture":"#1"}}}],"display":{"head":{"rotation":[0.0,0.0,0.0]},"firstperson_righthand":{"rotation":[0.0,0.0,0.0]},"thirdperson_lefthand":{"rotation":[0.0,-0.0,-0.0]},"firstperson_lefthand":{"rotation":[0.0,-0.0,-0.0]},"fixed":{"rotation":[0.0,0.0,0.0]},"ground":{"rotation":[0.0,0.0,0.0]},"thirdperson_righthand":{"rotation":[0.0,0.0,0.0]},"gui":{"rotation":[-150.0,-45.0,180.0]}}}