{"textures":{"0":"modelengine:entity/balrog","particle":"#0"},"elements":[{"from":[3.76516,2.9217987,-4.627102],"to":[11.25356,10.44899,4.5296974],"faces":{"east":{"uv":[12.824471,15.1185875,13.087294,15.352],"tintindex":0,"rotation":0,"texture":"#0"},"south":{"uv":[15.177411,11.942118,15.410824,12.1755295],"tintindex":0,"rotation":0,"texture":"#0"},"north":{"uv":[6.9421177,15.177411,7.1755295,15.410824],"tintindex":0,"rotation":0,"texture":"#0"},"west":{"uv":[0.8244706,15.148,1.0872941,15.3814125],"tintindex":0,"rotation":0,"texture":"#0"},"up":{"uv":[1.5284705,15.410824,1.2950588,15.148],"tintindex":0,"rotation":0,"texture":"#0"},"down":{"uv":[2.9696472,15.148,2.7362351,15.410824],"tintindex":0,"rotation":0,"texture":"#0"}}}],"display":{"head":{"rotation":[0.0,0.0,0.0]},"firstperson_righthand":{"rotation":[0.0,0.0,0.0]},"thirdperson_lefthand":{"rotation":[0.0,-0.0,-0.0]},"firstperson_lefthand":{"rotation":[0.0,-0.0,-0.0]},"fixed":{"rotation":[0.0,0.0,0.0]},"ground":{"rotation":[0.0,0.0,0.0]},"thirdperson_righthand":{"rotation":[0.0,0.0,0.0]},"gui":{"rotation":[-150.0,-45.0,180.0]}}}