{"textures":{"0":"modelengine:entity/balrog","particle":"#0"},"elements":[{"from":[-4.1117496,-0.79416656,-3.1033096],"to":[16.37824,20.807678,20.8811],"faces":{"east":{"uv":[10.881412,11.912706,10.177412,12.557882],"tintindex":0,"rotation":0,"texture":"#0"},"south":{"uv":[2.3814118,12.559765,1.765647,13.204941],"tintindex":0,"rotation":0,"texture":"#0"},"north":{"uv":[1.7637646,12.559765,1.148,13.204941],"tintindex":0,"rotation":0,"texture":"#0"},"west":{"uv":[9.6755295,11.883294,8.97153,12.52847],"tintindex":0,"rotation":0,"texture":"#0"},"up":{"uv":[12.177412,5.9990587,12.793176,5.2950587],"tintindex":0,"rotation":0,"texture":"#0"},"down":{"uv":[4.5891767,12.265648,5.2049413,12.969646],"tintindex":0,"rotation":0,"texture":"#0"}}},{"from":[9.69693,-0.016555786,-1.4619904],"to":[20.70964,18.41542,18.339699],"faces":{"east":{"uv":[13.6755295,13.118588,13.089177,13.6755295],"tintindex":0,"rotation":0,"texture":"#0"},"south":{"uv":[12.969646,14.177412,12.648001,14.734353],"tintindex":0,"rotation":0,"texture":"#0"},"north":{"uv":[12.646117,14.177412,12.324471,14.734353],"tintindex":0,"rotation":0,"texture":"#0"},"west":{"uv":[11.293176,13.118588,10.706824,13.6755295],"tintindex":0,"rotation":0,"texture":"#0"},"up":{"uv":[14.089177,7.9990582,14.410823,7.412706],"tintindex":0,"rotation":0,"texture":"#0"},"down":{"uv":[8.030354,14.089177,8.351999,14.6755295],"tintindex":0,"rotation":0,"texture":"#0"}},"rotation":{"origin":[12.363741,9.307846,4.109539],"angle":22.5,"axis":"z"}}],"display":{"head":{"rotation":[0.0,0.0,0.0]},"firstperson_righthand":{"rotation":[0.0,0.0,0.0]},"thirdperson_lefthand":{"rotation":[0.0,-0.0,-0.0]},"firstperson_lefthand":{"rotation":[0.0,-0.0,-0.0]},"fixed":{"rotation":[0.0,0.0,0.0]},"ground":{"rotation":[0.0,0.0,0.0]},"thirdperson_righthand":{"rotation":[0.0,0.0,0.0]},"gui":{"rotation":[-150.0,-45.0,180.0]}}}