{"textures":{"0":"modelengine:entity/balrog","particle":"#0"},"elements":[{"from":[3.3197498,8.186985,-10.328815],"to":[12.68025,14.564735,10.1381855],"faces":{"east":{"uv":[2.883294,11.618588,4.087294,11.999059],"tintindex":0,"rotation":0,"texture":"#0"},"south":{"uv":[13.706824,8.030354,14.263764,8.410823],"tintindex":0,"rotation":0,"texture":"#0"},"north":{"uv":[8.530354,2.1774118,9.087294,2.5578825],"tintindex":0,"rotation":0,"texture":"#0"},"west":{"uv":[11.618588,3.8244705,12.822588,4.2049413],"tintindex":0,"rotation":0,"texture":"#0"},"up":{"uv":[5.7049413,10.734353,5.148,9.530354],"tintindex":0,"rotation":0,"texture":"#0"},"down":{"uv":[9.057882,9.853883,8.500941,11.057882],"tintindex":0,"rotation":0,"texture":"#0"}}},{"from":[3.7805,6.657181,-7.7147846],"to":[12.2195,13.762432,6.6897154],"faces":{"east":{"uv":[2.383294,12.853883,3.234353,13.263764],"tintindex":0,"rotation":0,"texture":"#0"},"south":{"uv":[13.883294,2.5303528,14.381412,2.9402354],"tintindex":0,"rotation":0,"texture":"#0"},"north":{"uv":[6.883294,9.47153,7.381412,9.881412],"tintindex":0,"rotation":0,"texture":"#0"},"west":{"uv":[12.853883,5.912706,13.704941,6.3225884],"tintindex":0,"rotation":0,"texture":"#0"},"up":{"uv":[0.49905884,12.704941,9.411765E-4,11.853883],"tintindex":0,"rotation":0,"texture":"#0"},"down":{"uv":[12.499059,1.4127059,12.000941,2.2637649],"tintindex":0,"rotation":0,"texture":"#0"}},"rotation":{"origin":[8.0,4.5981064,-5.3990498],"angle":22.5,"axis":"x"}},{"from":[5.3082495,5.22332,-9.278709],"to":[10.69175,10.752323,6.09579],"faces":{"east":{"uv":[7.059765,4.530353,7.969647,4.852],"tintindex":0,"rotation":0,"texture":"#0"},"south":{"uv":[14.618588,14.206824,14.940235,14.52847],"tintindex":0,"rotation":0,"texture":"#0"},"north":{"uv":[14.618588,10.736236,14.940235,11.057882],"tintindex":0,"rotation":0,"texture":"#0"},"west":{"uv":[12.824471,4.265647,13.734353,4.587294],"tintindex":0,"rotation":0,"texture":"#0"},"up":{"uv":[0.9108235,13.969646,0.5891765,13.059765],"tintindex":0,"rotation":0,"texture":"#0"},"down":{"uv":[8.381412,13.177412,8.059765,14.087294],"tintindex":0,"rotation":0,"texture":"#0"}},"rotation":{"origin":[8.0,4.5981064,-5.3990498],"angle":22.5,"axis":"x"}}],"display":{"head":{"rotation":[0.0,0.0,0.0]},"firstperson_righthand":{"rotation":[0.0,0.0,0.0]},"thirdperson_lefthand":{"rotation":[0.0,-0.0,-0.0]},"firstperson_lefthand":{"rotation":[0.0,-0.0,-0.0]},"fixed":{"rotation":[0.0,0.0,0.0]},"ground":{"rotation":[0.0,0.0,0.0]},"thirdperson_righthand":{"rotation":[0.0,0.0,0.0]},"gui":{"rotation":[-150.0,-45.0,180.0]}}}