{"textures":{"0":"modelengine:entity/balrog","particle":"#0"},"elements":[{"from":[10.8077965,0.69314957,2.0285492],"to":[21.54843,4.0785522,8.583729],"faces":{"east":{"uv":[1.6755294,14.942118,1.2950588,15.146118],"tintindex":0,"rotation":0,"texture":"#0"},"south":{"uv":[13.646117,3.5891764,13.000941,3.7931767],"tintindex":0,"rotation":0,"texture":"#0"},"north":{"uv":[13.616706,8.500941,12.97153,8.704941],"tintindex":0,"rotation":0,"texture":"#0"},"west":{"uv":[15.293177,12.412706,14.912706,12.616706],"tintindex":0,"rotation":0,"texture":"#0"},"up":{"uv":[13.677412,1.469647,14.322588,1.0891765],"tintindex":0,"rotation":0,"texture":"#0"},"down":{"uv":[13.677412,3.5891764,14.322588,3.9696472],"tintindex":0,"rotation":0,"texture":"#0"}},"rotation":{"origin":[8.382351,6.789116,5.5189495],"angle":22.5,"axis":"z"}},{"from":[7.0292606,4.961235,1.516509],"to":[22.53272,10.192772,8.954119],"faces":{"east":{"uv":[14.763764,1.1185883,14.324471,1.4402353],"tintindex":0,"rotation":0,"texture":"#0"},"south":{"uv":[12.204941,13.265648,11.295059,13.587294],"tintindex":0,"rotation":0,"texture":"#0"},"north":{"uv":[14.1755295,9.236236,13.265648,9.557882],"tintindex":0,"rotation":0,"texture":"#0"},"west":{"uv":[0.44023532,12.706824,9.411765E-4,13.02847],"tintindex":0,"rotation":0,"texture":"#0"},"up":{"uv":[12.412706,7.557882,13.322588,7.118588],"tintindex":0,"rotation":0,"texture":"#0"},"down":{"uv":[11.648001,12.412706,12.557882,12.851999],"tintindex":0,"rotation":0,"texture":"#0"}}},{"from":[21.240595,5.3078995,2.4668741],"to":[25.63252,9.821854,8.00375],"faces":{"east":{"uv":[15.146118,13.030354,14.824471,13.293176],"tintindex":0,"rotation":0,"texture":"#0"},"south":{"uv":[13.734353,15.030354,13.47153,15.293177],"tintindex":0,"rotation":0,"texture":"#0"},"north":{"uv":[13.469646,15.030354,13.206824,15.293177],"tintindex":0,"rotation":0,"texture":"#0"},"west":{"uv":[15.146118,12.765648,14.824471,13.02847],"tintindex":0,"rotation":0,"texture":"#0"},"up":{"uv":[5.736235,15.17553,5.9990587,14.853883],"tintindex":0,"rotation":0,"texture":"#0"},"down":{"uv":[14.853883,6.559765,15.116707,6.881412],"tintindex":0,"rotation":0,"texture":"#0"}}}],"display":{"head":{"rotation":[0.0,0.0,0.0]},"firstperson_righthand":{"rotation":[0.0,0.0,0.0]},"thirdperson_lefthand":{"rotation":[0.0,-0.0,-0.0]},"firstperson_lefthand":{"rotation":[0.0,-0.0,-0.0]},"fixed":{"rotation":[0.0,0.0,0.0]},"ground":{"rotation":[0.0,0.0,0.0]},"thirdperson_righthand":{"rotation":[0.0,0.0,0.0]},"gui":{"rotation":[-150.0,-45.0,180.0]}}}