{"textures":{"0":"modelengine:entity/balrog","particle":"#0"},"elements":[{"from":[4.849475,6.098133,7.5514603],"to":[21.963276,14.912689,17.65781],"faces":{"east":{"uv":[12.940235,13.148001,12.353883,13.6755295],"tintindex":0,"rotation":0,"texture":"#0"},"south":{"uv":[2.4696472,11.089177,1.4715295,11.616706],"tintindex":0,"rotation":0,"texture":"#0"},"north":{"uv":[4.616706,11.059765,3.6185882,11.587294],"tintindex":0,"rotation":0,"texture":"#0"},"west":{"uv":[4.410824,13.148001,3.8244705,13.6755295],"tintindex":0,"rotation":0,"texture":"#0"},"up":{"uv":[5.7068233,10.999059,6.7049413,10.412706],"tintindex":0,"rotation":0,"texture":"#0"},"down":{"uv":[6.7068233,10.412706,7.704941,10.999059],"tintindex":0,"rotation":0,"texture":"#0"}}}],"display":{"head":{"rotation":[0.0,0.0,0.0]},"firstperson_righthand":{"rotation":[0.0,0.0,0.0]},"thirdperson_lefthand":{"rotation":[0.0,-0.0,-0.0]},"firstperson_lefthand":{"rotation":[0.0,-0.0,-0.0]},"fixed":{"rotation":[0.0,0.0,0.0]},"ground":{"rotation":[0.0,0.0,0.0]},"thirdperson_righthand":{"rotation":[0.0,0.0,0.0]},"gui":{"rotation":[-150.0,-45.0,180.0]}}}