{"textures":{"0":"modelengine:entity/balrog","particle":"#0"},"elements":[{"from":[4.817275,3.9834404,2.0258646],"to":[18.99916,13.627121,9.33741],"faces":{"east":{"uv":[14.087294,8.500941,13.648001,9.087294],"tintindex":0,"rotation":0,"texture":"#0"},"south":{"uv":[12.410823,7.118588,11.559765,7.704941],"tintindex":0,"rotation":0,"texture":"#0"},"north":{"uv":[12.410823,0.8244706,11.559765,1.4108235],"tintindex":0,"rotation":0,"texture":"#0"},"west":{"uv":[14.087294,7.4421177,13.648001,8.02847],"tintindex":0,"rotation":0,"texture":"#0"},"up":{"uv":[12.795059,5.910824,13.646117,5.4715295],"tintindex":0,"rotation":0,"texture":"#0"},"down":{"uv":[12.824471,3.8244705,13.6755295,4.263765],"tintindex":0,"rotation":0,"texture":"#0"}},"rotation":{"origin":[13.420955,9.435585,7.2889194],"angle":22.5,"axis":"y"}},{"from":[7.99424,5.3385925,-0.7057648],"to":[20.511894,13.091362,7.162855],"faces":{"east":{"uv":[9.969646,13.824471,9.500941,14.293176],"tintindex":0,"rotation":0,"texture":"#0"},"south":{"uv":[13.734353,3.1185882,13.000941,3.587294],"tintindex":0,"rotation":0,"texture":"#0"},"north":{"uv":[13.704941,8.030354,12.97153,8.499059],"tintindex":0,"rotation":0,"texture":"#0"},"west":{"uv":[9.499059,13.824471,9.030354,14.293176],"tintindex":0,"rotation":0,"texture":"#0"},"up":{"uv":[13.030354,11.52847,13.763764,11.059765],"tintindex":0,"rotation":0,"texture":"#0"},"down":{"uv":[13.030354,11.530354,13.763764,11.999059],"tintindex":0,"rotation":0,"texture":"#0"}}}],"display":{"head":{"rotation":[0.0,0.0,0.0]},"firstperson_righthand":{"rotation":[0.0,0.0,0.0]},"thirdperson_lefthand":{"rotation":[0.0,-0.0,-0.0]},"firstperson_lefthand":{"rotation":[0.0,-0.0,-0.0]},"fixed":{"rotation":[0.0,0.0,0.0]},"ground":{"rotation":[0.0,0.0,0.0]},"thirdperson_righthand":{"rotation":[0.0,0.0,0.0]},"gui":{"rotation":[-150.0,-45.0,180.0]}}}