{"textures":{"0":"modelengine:entity/balrog","particle":"#0"},"elements":[{"from":[3.2898402,-4.79591,3.2341404],"to":[24.27482,25.052933,24.21912],"faces":{"east":{"uv":[10.942118,7.265647,11.557882,8.146117],"tintindex":0,"rotation":0,"texture":"#0"},"south":{"uv":[10.942118,8.148001,11.557882,9.02847],"tintindex":0,"rotation":0,"texture":"#0"},"north":{"uv":[10.942118,0.8244706,11.557882,1.7049412],"tintindex":0,"rotation":0,"texture":"#0"},"west":{"uv":[9.059765,10.97153,9.6755295,11.851999],"tintindex":0,"rotation":0,"texture":"#0"},"up":{"uv":[11.499059,13.116706,10.883294,12.500941],"tintindex":0,"rotation":0,"texture":"#0"},"down":{"uv":[4.4990587,12.530354,3.883294,13.146117],"tintindex":0,"rotation":0,"texture":"#0"}},"rotation":{"origin":[7.56278,7.7749634,7.92054],"angle":-45.0,"axis":"y"}}],"display":{"head":{"rotation":[0.0,0.0,0.0]},"firstperson_righthand":{"rotation":[0.0,0.0,0.0]},"thirdperson_lefthand":{"rotation":[0.0,-0.0,-0.0]},"firstperson_lefthand":{"rotation":[0.0,-0.0,-0.0]},"fixed":{"rotation":[0.0,0.0,0.0]},"ground":{"rotation":[0.0,0.0,0.0]},"thirdperson_righthand":{"rotation":[0.0,0.0,0.0]},"gui":{"rotation":[-150.0,-45.0,180.0]}}}