{"textures":{"0":"modelengine:entity/balrog","particle":"#0"},"elements":[{"from":[7.3668137,5.256302,5.4943695],"to":[16.635666,10.743713,10.505621],"faces":{"east":{"uv":[12.646117,2.000941,12.500941,2.1755295],"tintindex":0,"rotation":0,"texture":"#0"},"south":{"uv":[15.49906,11.648001,15.206823,11.822588],"tintindex":0,"rotation":0,"texture":"#0"},"north":{"uv":[15.352,1.0597647,15.059764,1.234353],"tintindex":0,"rotation":0,"texture":"#0"},"west":{"uv":[12.116706,4.5891767,11.97153,4.763765],"tintindex":0,"rotation":0,"texture":"#0"},"up":{"uv":[9.089177,3.6755295,9.381412,3.5303528],"tintindex":0,"rotation":0,"texture":"#0"},"down":{"uv":[10.853883,9.030354,11.146117,9.1755295],"tintindex":0,"rotation":0,"texture":"#0"}}}],"display":{"head":{"rotation":[0.0,0.0,0.0]},"firstperson_righthand":{"rotation":[0.0,0.0,0.0]},"thirdperson_lefthand":{"rotation":[0.0,-0.0,-0.0]},"firstperson_lefthand":{"rotation":[0.0,-0.0,-0.0]},"fixed":{"rotation":[0.0,0.0,0.0]},"ground":{"rotation":[0.0,0.0,0.0]},"thirdperson_righthand":{"rotation":[0.0,0.0,0.0]},"gui":{"rotation":[-150.0,-45.0,180.0]}}}