{"textures":{"0":"modelengine:entity/balrog","particle":"#0"},"elements":[{"from":[1.1590648,10.81031,10.373976],"to":[5.785965,19.191109,14.149701],"faces":{"east":{"uv":[14.618588,10.236236,14.851999,10.734353],"tintindex":0,"rotation":0,"texture":"#0"},"south":{"uv":[7.5009413,14.383294,7.793176,14.881412],"tintindex":0,"rotation":0,"texture":"#0"},"north":{"uv":[7.2068233,14.383294,7.4990587,14.881412],"tintindex":0,"rotation":0,"texture":"#0"},"west":{"uv":[12.97153,14.618588,13.204941,15.116707],"tintindex":0,"rotation":0,"texture":"#0"},"up":{"uv":[2.734353,15.352,2.4421177,15.1185875],"tintindex":0,"rotation":0,"texture":"#0"},"down":{"uv":[3.3814118,15.1185875,3.0891764,15.352],"tintindex":0,"rotation":0,"texture":"#0"}},"rotation":{"origin":[7.99695,13.451134,9.333035],"angle":45.0,"axis":"y"}},{"from":[0.57688,11.803085,2.3121505],"to":[8.830655,27.548508,9.989745],"faces":{"east":{"uv":[6.3244705,12.324471,6.7931767,13.263764],"tintindex":0,"rotation":0,"texture":"#0"},"south":{"uv":[5.8244705,11.677412,6.3225884,12.616706],"tintindex":0,"rotation":0,"texture":"#0"},"north":{"uv":[5.3244705,11.677412,5.8225884,12.616706],"tintindex":0,"rotation":0,"texture":"#0"},"west":{"uv":[12.412706,0.3832941,12.881412,1.3225882],"tintindex":0,"rotation":0,"texture":"#0"},"up":{"uv":[14.1755295,13.469646,13.677412,13.000941],"tintindex":0,"rotation":0,"texture":"#0"},"down":{"uv":[13.969646,13.677412,13.47153,14.146117],"tintindex":0,"rotation":0,"texture":"#0"}},"rotation":{"origin":[3.84086,10.244816,8.059541],"angle":22.5,"axis":"y"}},{"from":[-2.2607994,10.81031,3.3966355],"to":[16.203152,21.810108,15.029361],"faces":{"east":{"uv":[6.3244705,11.677412,7.0284705,12.322588],"tintindex":0,"rotation":0,"texture":"#0"},"south":{"uv":[9.411765E-4,9.559765,1.0872941,10.204941],"tintindex":0,"rotation":0,"texture":"#0"},"north":{"uv":[9.500941,3.5303528,10.587294,4.1755295],"tintindex":0,"rotation":0,"texture":"#0"},"west":{"uv":[11.736236,11.118588,12.440235,11.763764],"tintindex":0,"rotation":0,"texture":"#0"},"up":{"uv":[3.616706,9.881412,2.5303528,9.177412],"tintindex":0,"rotation":0,"texture":"#0"},"down":{"uv":[8.499059,9.206824,7.412706,9.910823],"tintindex":0,"rotation":0,"texture":"#0"}}},{"from":[4.172045,11.803085,2.3121505],"to":[12.425819,27.548508,9.989745],"faces":{"east":{"uv":[12.881412,0.3832941,12.412706,1.3225882],"tintindex":0,"rotation":0,"texture":"#0"},"south":{"uv":[6.3225884,11.677412,5.8244705,12.616706],"tintindex":0,"rotation":0,"texture":"#0"},"north":{"uv":[5.8225884,11.677412,5.3244705,12.616706],"tintindex":0,"rotation":0,"texture":"#0"},"west":{"uv":[6.7931767,12.324471,6.3244705,13.263764],"tintindex":0,"rotation":0,"texture":"#0"},"up":{"uv":[13.677412,13.469646,14.1755295,13.000941],"tintindex":0,"rotation":0,"texture":"#0"},"down":{"uv":[13.47153,13.677412,13.969646,14.146117],"tintindex":0,"rotation":0,"texture":"#0"}},"rotation":{"origin":[9.16184,10.244816,8.059541],"angle":-22.5,"axis":"y"}}],"display":{"head":{"rotation":[0.0,0.0,0.0]},"firstperson_righthand":{"rotation":[0.0,0.0,0.0]},"thirdperson_lefthand":{"rotation":[0.0,-0.0,-0.0]},"firstperson_lefthand":{"rotation":[0.0,-0.0,-0.0]},"fixed":{"rotation":[0.0,0.0,0.0]},"ground":{"rotation":[0.0,0.0,0.0]},"thirdperson_righthand":{"rotation":[0.0,0.0,0.0]},"gui":{"rotation":[-150.0,-45.0,180.0]}}}