{"textures":{"0":"modelengine:entity/spider","particle":"#0"},"elements":[{"from":[2.1408663,-2.4651737,8.005094],"to":[13.672004,9.410876,14.48032],"faces":{"east":{"uv":[4.8125,4.0,5.40625,5.125],"tintindex":0,"rotation":0,"texture":"#0"},"south":{"uv":[1.59375,4.25,2.6875,5.375],"tintindex":0,"rotation":0,"texture":"#0"},"north":{"uv":[3.71875,4.21875,4.8125,5.34375],"tintindex":0,"rotation":0,"texture":"#0"},"west":{"uv":[0.0,4.96875,0.59375,6.09375],"tintindex":0,"rotation":0,"texture":"#0"},"up":{"uv":[5.90625,5.71875,4.8125,5.125],"tintindex":0,"rotation":0,"texture":"#0"},"down":{"uv":[6.40625,0.0,5.3125,0.59375],"tintindex":0,"rotation":0,"texture":"#0"}},"rotation":{"origin":[7.67549,4.8034863,3.5509095],"angle":-45.0,"axis":"x"}},{"from":[-0.6178608,0.1854229,7.1735897],"to":[16.41155,17.695427,29.818922],"faces":{"east":{"uv":[0.0,0.0,2.125,1.65625],"tintindex":0,"rotation":0,"texture":"#0"},"south":{"uv":[3.71875,0.0,5.3125,1.65625],"tintindex":0,"rotation":0,"texture":"#0"},"north":{"uv":[0.0,3.3125,1.59375,4.96875],"tintindex":0,"rotation":0,"texture":"#0"},"west":{"uv":[0.0,1.65625,2.125,3.3125],"tintindex":0,"rotation":0,"texture":"#0"},"up":{"uv":[3.71875,2.125,2.125,0.0],"tintindex":0,"rotation":0,"texture":"#0"},"down":{"uv":[3.71875,2.125,2.125,4.25],"tintindex":0,"rotation":0,"texture":"#0"}}}],"display":{"head":{"rotation":[0.0,0.0,0.0]},"firstperson_righthand":{"rotation":[0.0,0.0,0.0]},"thirdperson_lefthand":{"rotation":[0.0,-0.0,-0.0]},"firstperson_lefthand":{"rotation":[0.0,-0.0,-0.0]},"fixed":{"rotation":[0.0,0.0,0.0]},"ground":{"rotation":[0.0,0.0,0.0]},"thirdperson_righthand":{"rotation":[0.0,0.0,0.0]},"gui":{"rotation":[-150.0,-45.0,180.0]}}}