{"textures":{"0":"modelengine:entity/spider","particle":"#0"},"elements":[{"from":[4.24334,16.490646,-1.3176365],"to":[11.211425,19.12904,8.167583],"faces":{"east":{"uv":[7.6875,8.21875,7.84375,8.8125],"tintindex":0,"rotation":270,"texture":"#0"},"south":{"uv":[5.84375,5.09375,5.40625,4.9375],"tintindex":0,"rotation":0,"texture":"#0"},"north":{"uv":[7.09375,1.9375,6.65625,2.09375],"tintindex":0,"rotation":180,"texture":"#0"},"west":{"uv":[4.28125,8.25,4.4375,8.84375],"tintindex":0,"rotation":90,"texture":"#0"},"up":{"uv":[1.59375,3.3125,2.03125,3.90625],"tintindex":0,"rotation":180,"texture":"#0"},"down":{"uv":[0.0,6.5625,0.4375,7.15625],"tintindex":0,"rotation":0,"texture":"#0"}}},{"from":[2.986155,10.392344,2.8398004],"to":[12.46861,13.864961,12.67153],"faces":{"east":{"uv":[7.96875,8.0625,8.59375,8.28125],"tintindex":0,"rotation":0,"texture":"#0"},"south":{"uv":[8.09375,2.375,8.6875,2.59375],"tintindex":0,"rotation":0,"texture":"#0"},"north":{"uv":[8.09375,2.15625,8.6875,2.375],"tintindex":0,"rotation":0,"texture":"#0"},"west":{"uv":[8.09375,1.9375,8.71875,2.15625],"tintindex":0,"rotation":0,"texture":"#0"},"up":{"uv":[1.1875,6.28125,0.59375,5.65625],"tintindex":0,"rotation":0,"texture":"#0"},"down":{"uv":[3.25,5.71875,2.65625,6.34375],"tintindex":0,"rotation":0,"texture":"#0"}},"rotation":{"origin":[7.727385,9.70365,9.386915],"angle":45.0,"axis":"x"}},{"from":[2.2486548,6.519036,-2.3743916],"to":[13.20611,17.388266,7.7482247],"faces":{"east":{"uv":[1.28125,5.375,1.96875,6.0],"tintindex":0,"rotation":270,"texture":"#0"},"south":{"uv":[1.28125,5.65625,0.59375,4.96875],"tintindex":0,"rotation":0,"texture":"#0"},"north":{"uv":[3.375,5.03125,2.6875,5.71875],"tintindex":0,"rotation":180,"texture":"#0"},"west":{"uv":[5.40625,4.0,6.09375,4.625],"tintindex":0,"rotation":90,"texture":"#0"},"up":{"uv":[4.03125,5.34375,4.71875,5.96875],"tintindex":0,"rotation":180,"texture":"#0"},"down":{"uv":[1.96875,5.375,2.65625,6.0],"tintindex":0,"rotation":0,"texture":"#0"}}},{"from":[2.5917802,5.444975,-0.9847355],"to":[12.862986,14.002231,9.842725],"faces":{"east":{"uv":[4.03125,5.96875,4.71875,6.5],"tintindex":0,"rotation":0,"texture":"#0"},"south":{"uv":[1.875,6.0,2.53125,6.53125],"tintindex":0,"rotation":0,"texture":"#0"},"north":{"uv":[6.0,1.59375,6.65625,2.125],"tintindex":0,"rotation":0,"texture":"#0"},"west":{"uv":[1.1875,6.0,1.875,6.53125],"tintindex":0,"rotation":0,"texture":"#0"},"up":{"uv":[5.96875,1.28125,5.3125,0.59375],"tintindex":0,"rotation":0,"texture":"#0"},"down":{"uv":[4.03125,5.34375,3.375,6.03125],"tintindex":0,"rotation":0,"texture":"#0"}},"rotation":{"origin":[7.71182,11.100221,0.5302453],"angle":22.5,"axis":"x"}},{"from":[0.08615494,8.395585,-1.5953007],"to":[2.6561098,14.1557,5.24893],"faces":{"east":{"uv":[2.96875,7.875,3.40625,8.25],"tintindex":0,"rotation":0,"texture":"#0"},"south":{"uv":[3.125,8.5625,3.28125,8.9375],"tintindex":0,"rotation":0,"texture":"#0"},"north":{"uv":[7.53125,8.53125,7.6875,8.90625],"tintindex":0,"rotation":0,"texture":"#0"},"west":{"uv":[3.96875,7.875,4.40625,8.25],"tintindex":0,"rotation":0,"texture":"#0"},"up":{"uv":[3.5,8.9375,3.34375,8.5],"tintindex":0,"rotation":0,"texture":"#0"},"down":{"uv":[3.65625,8.5,3.5,8.9375],"tintindex":0,"rotation":0,"texture":"#0"}},"rotation":{"origin":[1.3243198,11.100221,4.4052453],"angle":-22.5,"axis":"y"}},{"from":[12.98139,8.395585,-1.7203007],"to":[15.551345,14.1557,5.12393],"faces":{"east":{"uv":[4.40625,7.875,4.84375,8.25],"tintindex":0,"rotation":0,"texture":"#0"},"south":{"uv":[6.78125,8.5625,6.9375,8.9375],"tintindex":0,"rotation":0,"texture":"#0"},"north":{"uv":[6.625,8.5625,6.78125,8.9375],"tintindex":0,"rotation":0,"texture":"#0"},"west":{"uv":[5.96875,7.90625,6.40625,8.28125],"tintindex":0,"rotation":0,"texture":"#0"},"up":{"uv":[3.8125,8.9375,3.65625,8.5],"tintindex":0,"rotation":0,"texture":"#0"},"down":{"uv":[3.96875,8.5,3.8125,8.9375],"tintindex":0,"rotation":0,"texture":"#0"}},"rotation":{"origin":[14.67568,11.100221,4.4052453],"angle":22.5,"axis":"y"}},{"from":[3.586155,9.39896,-5.474455],"to":[11.86861,15.734075,-0.36772537],"faces":{"east":{"uv":[1.28125,4.96875,1.59375,5.375],"tintindex":0,"rotation":0,"texture":"#0"},"south":{"uv":[1.4375,7.28125,1.96875,7.6875],"tintindex":0,"rotation":0,"texture":"#0"},"north":{"uv":[7.25,3.875,7.78125,4.28125],"tintindex":0,"rotation":0,"texture":"#0"},"west":{"uv":[8.125,6.09375,8.4375,6.5],"tintindex":0,"rotation":0,"texture":"#0"},"up":{"uv":[2.125,4.21875,1.59375,3.90625],"tintindex":0,"rotation":0,"texture":"#0"},"down":{"uv":[2.96875,7.875,2.4375,8.1875],"tintindex":0,"rotation":0,"texture":"#0"}},"rotation":{"origin":[7.71182,11.100221,0.5302453],"angle":22.5,"axis":"x"}},{"from":[3.8236551,5.844036,-5.649391],"to":[11.63111,11.813266,-0.5267744],"faces":{"east":{"uv":[2.34375,8.1875,2.71875,8.5],"tintindex":0,"rotation":270,"texture":"#0"},"south":{"uv":[1.25,7.90625,0.75,7.53125],"tintindex":0,"rotation":0,"texture":"#0"},"north":{"uv":[3.96875,7.59375,3.46875,7.96875],"tintindex":0,"rotation":180,"texture":"#0"},"west":{"uv":[8.21875,5.09375,8.59375,5.40625],"tintindex":0,"rotation":90,"texture":"#0"},"up":{"uv":[7.9375,4.78125,8.4375,5.09375],"tintindex":0,"rotation":180,"texture":"#0"},"down":{"uv":[4.84375,7.9375,5.34375,8.25],"tintindex":0,"rotation":0,"texture":"#0"}}}],"display":{"head":{"rotation":[0.0,0.0,0.0]},"firstperson_righthand":{"rotation":[0.0,0.0,0.0]},"thirdperson_lefthand":{"rotation":[0.0,-0.0,-0.0]},"firstperson_lefthand":{"rotation":[0.0,-0.0,-0.0]},"fixed":{"rotation":[0.0,0.0,0.0]},"ground":{"rotation":[0.0,0.0,0.0]},"thirdperson_righthand":{"rotation":[0.0,0.0,0.0]},"gui":{"rotation":[-150.0,-45.0,180.0]}}}