{"textures":{"0":"modelengine:entity/685ebc18-a31d-3a35-a7a6-74f04542a5e1","1":"modelengine:entity/918bcce4-52a1-3611-bd09-415f474176c1","particle":"#0"},"elements":[{"from":[11.38846,2.4670906,-0.6865883],"to":[11.59086,6.5854893,2.754211],"faces":{"east":{"uv":[3.0,9.0,4.5,10.333334],"tintindex":0,"rotation":0,"texture":"#0"},"south":{"uv":[10.666667,7.0,10.833334,8.333334],"tintindex":0,"rotation":0,"texture":"#0"},"north":{"uv":[10.666667,7.0,10.833334,8.333334],"tintindex":0,"rotation":0,"texture":"#0"},"west":{"uv":[1.3333334,9.0,2.8333335,10.333334],"tintindex":0,"rotation":0,"texture":"#0"},"up":{"uv":[12.166667,6.166667,10.666667,6.0],"tintindex":0,"rotation":270,"texture":"#0"},"down":{"uv":[7.8333335,10.666667,6.3333335,10.833334],"tintindex":0,"rotation":90,"texture":"#0"}},"rotation":{"origin":[37.37354,-7.37131,7.49081],"angle":22.5,"axis":"x"}},{"from":[8.10254,10.69729,10.13741],"to":[8.10254,12.721289,12.36381],"faces":{"east":{"uv":[9.166667,13.0,10.5,14.166667],"tintindex":0,"rotation":0,"texture":"#0"},"west":{"uv":[9.166667,11.666667,10.5,12.833334],"tintindex":0,"rotation":0,"texture":"#0"}},"rotation":{"origin":[37.37354,-7.37131,7.49081],"angle":-22.5,"axis":"x"}},{"from":[7.69774,8.996691,3.88941],"to":[8.50734,11.79509,6.85501],"faces":{"east":{"uv":[8.0,0.0,10.0,1.6666667],"tintindex":0,"rotation":0,"texture":"#0"},"south":{"uv":[2.3333335,10.333334,2.6666667,12.0],"tintindex":0,"rotation":0,"texture":"#0"},"north":{"uv":[2.0,10.333334,2.3066669,11.393333],"tintindex":0,"rotation":0,"texture":"#0"},"west":{"uv":[8.0,1.6666667,10.0,3.3333335],"tintindex":0,"rotation":0,"texture":"#0"},"up":{"uv":[1.6400001,11.456667,1.3333334,10.333334],"tintindex":0,"rotation":0,"texture":"#0"},"down":{"uv":[2.0,10.333334,1.6666667,12.333334],"tintindex":0,"rotation":0,"texture":"#0"}}},{"from":[5.008459,2.4670906,-0.6865883],"to":[5.2108593,6.5854893,2.754211],"faces":{"east":{"uv":[3.0,9.0,4.5,10.333334],"tintindex":0,"rotation":0,"texture":"#0"},"south":{"uv":[10.666667,7.0,10.833334,8.333334],"tintindex":0,"rotation":0,"texture":"#0"},"north":{"uv":[10.666667,7.0,10.833334,8.333334],"tintindex":0,"rotation":0,"texture":"#0"},"west":{"uv":[1.3333334,9.0,2.8333335,10.333334],"tintindex":0,"rotation":0,"texture":"#0"},"up":{"uv":[12.166667,6.166667,10.666667,6.0],"tintindex":0,"rotation":270,"texture":"#0"},"down":{"uv":[7.8333335,10.666667,6.3333335,10.833334],"tintindex":0,"rotation":90,"texture":"#0"}},"rotation":{"origin":[37.37354,-7.37131,7.49081],"angle":22.5,"axis":"x"}},{"from":[5.32346,4.4843197,4.42809],"to":[11.483459,10.64432,10.58809],"faces":{"east":{"uv":[0.0,2.8333335,2.8333335,5.5],"tintindex":0,"rotation":0,"texture":"#1"},"south":{"uv":[2.8333335,0.16666667,5.5,2.8333335],"tintindex":0,"rotation":0,"texture":"#1"},"north":{"uv":[2.6666667,2.8333335,5.3333335,5.5],"tintindex":0,"rotation":0,"texture":"#1"},"west":{"uv":[5.5,2.8333335,8.0,5.5],"tintindex":0,"rotation":0,"texture":"#1"},"up":{"uv":[5.5,2.8333335,2.8333335,0.16666667],"tintindex":0,"rotation":0,"texture":"#1"},"down":{"uv":[0.16666667,0.16666667,2.8333335,2.8333335],"tintindex":0,"rotation":90,"texture":"#1"}}},{"from":[7.43546,6.5193195,4.15309],"to":[8.97546,11.579319,10.97309],"faces":{"east":{"uv":[9.416667,2.75,8.833334,0.16666667],"tintindex":0,"rotation":0,"texture":"#0"},"south":{"uv":[6.25,2.0,5.666667,0.0],"tintindex":0,"rotation":0,"texture":"#0"},"north":{"uv":[7.416667,1.9166667,6.8333335,0.0],"tintindex":0,"rotation":0,"texture":"#0"},"west":{"uv":[7.5,2.3333335,7.0,0.0],"tintindex":0,"rotation":90,"texture":"#0"},"up":{"uv":[7.3333335,2.3333335,6.8333335,0.0],"tintindex":0,"rotation":0,"texture":"#0"},"down":{"uv":[9.416667,2.75,8.833334,0.16666667],"tintindex":0,"rotation":0,"texture":"#0"}}},{"from":[4.74046,8.114321,4.26309],"to":[12.00046,11.194321,10.8630905],"faces":{"east":{"uv":[12.5,11.166667,15.333334,12.333334],"tintindex":0,"rotation":0,"texture":"#0"},"south":{"uv":[12.5,11.166667,15.333334,12.333334],"tintindex":0,"rotation":0,"texture":"#0"},"north":{"uv":[12.166667,11.166667,15.0,12.333334],"tintindex":0,"rotation":0,"texture":"#0"},"west":{"uv":[13.0,11.166667,15.833334,12.333334],"tintindex":0,"rotation":0,"texture":"#0"},"up":{"uv":[12.333334,9.0,15.166667,10.166667],"tintindex":0,"rotation":0,"texture":"#0"},"down":{"uv":[12.833334,9.666667,15.666667,10.833334],"tintindex":0,"rotation":0,"texture":"#0"}}},{"from":[4.85046,4.5943203,6.79309],"to":[11.89046,8.554319,10.75309],"faces":{"east":{"uv":[12.5,10.333334,14.0,11.833334],"tintindex":0,"rotation":0,"texture":"#0"},"south":{"uv":[13.0,9.166667,15.666667,10.666667],"tintindex":0,"rotation":0,"texture":"#0"},"north":{"uv":[13.0,9.166667,15.666667,10.666667],"tintindex":0,"rotation":0,"texture":"#0"},"west":{"uv":[13.0,9.166667,14.5,10.666667],"tintindex":0,"rotation":0,"texture":"#0"},"up":{"uv":[13.0,9.166667,15.666667,10.666667],"tintindex":0,"rotation":0,"texture":"#0"},"down":{"uv":[13.0,9.166667,15.666667,10.666667],"tintindex":0,"rotation":0,"texture":"#0"}}}],"display":{"head":{"rotation":[0.0,0.0,0.0]},"firstperson_righthand":{"rotation":[0.0,0.0,0.0]},"thirdperson_lefthand":{"rotation":[0.0,-0.0,-0.0]},"firstperson_lefthand":{"rotation":[0.0,-0.0,-0.0]},"fixed":{"rotation":[0.0,0.0,0.0]},"ground":{"rotation":[0.0,0.0,0.0]},"thirdperson_righthand":{"rotation":[0.0,0.0,0.0]},"gui":{"rotation":[-150.0,-45.0,180.0]}}}