{"textures":{"1":"modelengine:entity/918bcce4-52a1-3611-bd09-415f474176c1","2":"modelengine:entity/1f4c0707-14a8-3172-a76a-9fe3c5dfe8cd","particle":"#2"},"elements":[{"from":[6.08875,6.27173,5.51089],"to":[9.46375,9.87173,10.410891],"faces":{"east":{"uv":[3.3333335,10.5,1.6666667,10.666667],"tintindex":0,"rotation":0,"texture":"#2"},"south":{"uv":[6.8333335,4.3333335,5.666667,5.5],"tintindex":0,"rotation":0,"texture":"#2"},"north":{"uv":[5.666667,4.166667,6.8333335,5.5],"tintindex":0,"rotation":0,"texture":"#2"},"west":{"uv":[7.666667,4.3333335,6.0,5.5],"tintindex":0,"rotation":0,"texture":"#2"},"down":{"uv":[3.5,11.5,1.5,11.666667],"tintindex":0,"rotation":0,"texture":"#2"}}},{"from":[6.1,2.0,6.0],"to":[10.1,8.0,10.0],"faces":{"east":{"uv":[6.8333335,7.666667,8.333334,9.666667],"tintindex":0,"rotation":0,"texture":"#1"},"south":{"uv":[6.8333335,7.666667,8.333334,9.666667],"tintindex":0,"rotation":0,"texture":"#1"},"north":{"uv":[5.3333335,7.666667,7.0,9.666667],"tintindex":0,"rotation":0,"texture":"#1"},"west":{"uv":[9.666667,7.666667,11.166667,9.666667],"tintindex":0,"rotation":0,"texture":"#1"},"up":{"uv":[0.17733334,8.677334,1.4893334,9.989334],"tintindex":0,"rotation":0,"texture":"#1"},"down":{"uv":[1.5,8.666667,0.16666667,10.0],"tintindex":0,"rotation":0,"texture":"#1"}}}],"display":{"head":{"rotation":[0.0,0.0,0.0]},"firstperson_righthand":{"rotation":[0.0,0.0,0.0]},"thirdperson_lefthand":{"rotation":[0.0,-0.0,-0.0]},"firstperson_lefthand":{"rotation":[0.0,-0.0,-0.0]},"fixed":{"rotation":[0.0,0.0,0.0]},"ground":{"rotation":[0.0,0.0,0.0]},"thirdperson_righthand":{"rotation":[0.0,0.0,0.0]},"gui":{"rotation":[-150.0,-45.0,180.0]}}}