{"textures":{"1":"modelengine:entity/918bcce4-52a1-3611-bd09-415f474176c1","2":"modelengine:entity/1f4c0707-14a8-3172-a76a-9fe3c5dfe8cd","particle":"#2"},"elements":[{"from":[5.8825006,4.4847717,5.93964],"to":[7.8825,9.98477,9.93964],"faces":{"east":{"uv":[3.6666667,9.0,2.3333335,9.666667],"tintindex":0,"rotation":270,"texture":"#2"},"south":{"uv":[3.0,6.8333335,1.1666667,7.5],"tintindex":0,"rotation":270,"texture":"#2"},"north":{"uv":[11.0,7.0,9.166667,7.666667],"tintindex":0,"rotation":90,"texture":"#2"},"west":{"uv":[5.5,8.333334,3.6666667,9.666667],"tintindex":0,"rotation":270,"texture":"#2"},"up":{"uv":[4.0,8.833334,2.6666667,9.5],"tintindex":0,"rotation":270,"texture":"#1"},"down":{"uv":[3.8333335,9.5,2.5,10.166667],"tintindex":0,"rotation":270,"texture":"#2"}}},{"from":[6.07125,2.4089909,6.31037],"to":[9.57125,8.408991,9.8103695],"faces":{"east":{"uv":[0.0,5.666667,1.25,8.156],"tintindex":0,"rotation":0,"texture":"#1"},"south":{"uv":[3.8333335,7.166667,5.0,9.166667],"tintindex":0,"rotation":0,"texture":"#1"},"north":{"uv":[3.5,7.166667,4.666667,9.166667],"tintindex":0,"rotation":0,"texture":"#1"},"west":{"uv":[3.8333335,7.166667,5.0,9.166667],"tintindex":0,"rotation":0,"texture":"#1"},"up":{"uv":[1.5,5.8333335,2.8333335,8.166667],"tintindex":0,"rotation":180,"texture":"#1"},"down":{"uv":[1.3333334,8.666667,2.5,9.833334],"tintindex":0,"rotation":0,"texture":"#1"}}}],"display":{"head":{"rotation":[0.0,0.0,0.0]},"firstperson_righthand":{"rotation":[0.0,0.0,0.0]},"thirdperson_lefthand":{"rotation":[0.0,-0.0,-0.0]},"firstperson_lefthand":{"rotation":[0.0,-0.0,-0.0]},"fixed":{"rotation":[0.0,0.0,0.0]},"ground":{"rotation":[0.0,0.0,0.0]},"thirdperson_righthand":{"rotation":[0.0,0.0,0.0]},"gui":{"rotation":[-150.0,-45.0,180.0]}}}