{"textures":{"1":"modelengine:entity/918bcce4-52a1-3611-bd09-415f474176c1","2":"modelengine:entity/1f4c0707-14a8-3172-a76a-9fe3c5dfe8cd","particle":"#1"},"elements":[{"from":[5.9,1.0000005,6.0],"to":[9.9,8.0,10.0],"faces":{"east":{"uv":[7.0,6.0,8.333334,8.333334],"tintindex":0,"rotation":0,"texture":"#1"},"south":{"uv":[3.8333335,5.8333335,5.166667,8.166667],"tintindex":0,"rotation":0,"texture":"#1"},"north":{"uv":[9.166667,4.8333335,10.5,7.166667],"tintindex":0,"rotation":0,"texture":"#1"},"west":{"uv":[11.844001,4.010667,12.989333,6.8333335],"tintindex":0,"rotation":0,"texture":"#1"},"up":{"uv":[0.17733334,8.677334,1.4893334,9.989334],"tintindex":0,"rotation":0,"texture":"#1"},"down":{"uv":[2.6773334,8.844,3.9893336,10.156],"tintindex":0,"rotation":0,"texture":"#1"}}},{"from":[6.59875,1.5837502,5.4375],"to":[10.09875,8.583751,10.4375],"faces":{"east":{"uv":[9.0,3.1666667,10.666667,5.5],"tintindex":0,"rotation":0,"texture":"#2"},"south":{"uv":[5.666667,3.0,6.8333335,5.3333335],"tintindex":0,"rotation":0,"texture":"#2"},"north":{"uv":[9.833334,3.1666667,11.0,5.5],"tintindex":0,"rotation":0,"texture":"#2"},"west":{"uv":[2.1666667,11.166667,3.8333335,11.333334],"tintindex":0,"rotation":0,"texture":"#2"},"up":{"uv":[1.3333334,1.0,2.1458335,2.8125],"tintindex":0,"rotation":0,"texture":"#2"},"down":{"uv":[2.0,10.833334,4.0,11.0],"tintindex":0,"rotation":0,"texture":"#2"}}}],"display":{"head":{"rotation":[0.0,0.0,0.0]},"firstperson_righthand":{"rotation":[0.0,0.0,0.0]},"thirdperson_lefthand":{"rotation":[0.0,-0.0,-0.0]},"firstperson_lefthand":{"rotation":[0.0,-0.0,-0.0]},"fixed":{"rotation":[0.0,0.0,0.0]},"ground":{"rotation":[0.0,0.0,0.0]},"thirdperson_righthand":{"rotation":[0.0,0.0,0.0]},"gui":{"rotation":[-150.0,-45.0,180.0]}}}