{"textures":{"1":"modelengine:entity/918bcce4-52a1-3611-bd09-415f474176c1","2":"modelengine:entity/1f4c0707-14a8-3172-a76a-9fe3c5dfe8cd","particle":"#1"},"elements":[{"from":[6.69125,2.5588598,6.2669],"to":[10.19125,8.558861,9.7669],"faces":{"east":{"uv":[3.1666667,7.166667,4.3333335,9.166667],"tintindex":0,"rotation":0,"texture":"#1"},"south":{"uv":[3.8333335,7.166667,5.0,9.166667],"tintindex":0,"rotation":0,"texture":"#1"},"north":{"uv":[3.8333335,7.166667,5.0,9.166667],"tintindex":0,"rotation":0,"texture":"#1"},"west":{"uv":[0.0,5.666667,1.25,8.156],"tintindex":0,"rotation":0,"texture":"#1"},"up":{"uv":[1.8333334,5.8333335,3.1666667,8.166667],"tintindex":0,"rotation":180,"texture":"#1"},"down":{"uv":[1.3333334,8.666667,2.5,9.833334],"tintindex":0,"rotation":0,"texture":"#1"}}},{"from":[8.405,4.7349005,5.9831],"to":[10.405,10.234901,9.9831],"faces":{"east":{"uv":[3.6666667,8.333334,5.5,9.666667],"tintindex":0,"rotation":90,"texture":"#2"},"south":{"uv":[1.1666667,7.0,3.0,7.666667],"tintindex":0,"rotation":90,"texture":"#2"},"north":{"uv":[3.0,7.0,1.1666667,7.666667],"tintindex":0,"rotation":270,"texture":"#2"},"up":{"uv":[3.0,8.833334,4.3333335,9.5],"tintindex":0,"rotation":90,"texture":"#2"}}}],"display":{"head":{"rotation":[0.0,0.0,0.0]},"firstperson_righthand":{"rotation":[0.0,0.0,0.0]},"thirdperson_lefthand":{"rotation":[0.0,-0.0,-0.0]},"firstperson_lefthand":{"rotation":[0.0,-0.0,-0.0]},"fixed":{"rotation":[0.0,0.0,0.0]},"ground":{"rotation":[0.0,0.0,0.0]},"thirdperson_righthand":{"rotation":[0.0,0.0,0.0]},"gui":{"rotation":[-150.0,-45.0,180.0]}}}