{"textures":{"1":"modelengine:entity/918bcce4-52a1-3611-bd09-415f474176c1","2":"modelengine:entity/1f4c0707-14a8-3172-a76a-9fe3c5dfe8cd","particle":"#2"},"elements":[{"from":[6.59875,6.17173,5.48911],"to":[9.97375,9.69673,10.41411],"faces":{"east":{"uv":[6.0,4.3333335,7.666667,5.508333],"tintindex":0,"rotation":0,"texture":"#2"},"south":{"uv":[5.666667,4.3333335,6.791667,5.508333],"tintindex":0,"rotation":0,"texture":"#2"},"north":{"uv":[6.791667,4.3333335,5.666667,5.508333],"tintindex":0,"rotation":0,"texture":"#2"},"west":{"uv":[2.1666667,11.166667,3.8333335,11.333334],"tintindex":0,"rotation":0,"texture":"#2"},"down":{"uv":[2.0,10.833334,4.0,11.0],"tintindex":0,"rotation":0,"texture":"#2"}}},{"from":[5.9,2.0,6.0],"to":[9.9,8.0,10.0],"faces":{"east":{"uv":[11.166667,7.666667,9.833334,9.666667],"tintindex":0,"rotation":0,"texture":"#1"},"south":{"uv":[6.8333335,7.666667,8.333334,9.666667],"tintindex":0,"rotation":0,"texture":"#1"},"north":{"uv":[6.8333335,7.666667,8.5,9.666667],"tintindex":0,"rotation":0,"texture":"#1"},"west":{"uv":[6.8333335,7.666667,8.333334,9.666667],"tintindex":0,"rotation":0,"texture":"#1"},"up":{"uv":[2.6773334,8.844,3.9893336,10.156],"tintindex":0,"rotation":0,"texture":"#1"},"down":{"uv":[4.0,8.833334,2.6666667,10.166667],"tintindex":0,"rotation":0,"texture":"#1"}}}],"display":{"head":{"rotation":[0.0,0.0,0.0]},"firstperson_righthand":{"rotation":[0.0,0.0,0.0]},"thirdperson_lefthand":{"rotation":[0.0,-0.0,-0.0]},"firstperson_lefthand":{"rotation":[0.0,-0.0,-0.0]},"fixed":{"rotation":[0.0,0.0,0.0]},"ground":{"rotation":[0.0,0.0,0.0]},"thirdperson_righthand":{"rotation":[0.0,0.0,0.0]},"gui":{"rotation":[-150.0,-45.0,180.0]}}}