{"textures":{"1":"modelengine:entity/918bcce4-52a1-3611-bd09-415f474176c1","2":"modelengine:entity/1f4c0707-14a8-3172-a76a-9fe3c5dfe8cd","particle":"#2"},"elements":[{"from":[4.53625,6.6587505,5.725],"to":[12.53625,18.15875,10.725],"faces":{"east":{"uv":[1.3333334,0.16666667,2.8333335,3.8333335],"tintindex":0,"rotation":0,"texture":"#2"},"south":{"uv":[0.16666667,1.3333334,2.8333335,5.0],"tintindex":0,"rotation":0,"texture":"#2"},"north":{"uv":[2.8333335,0.16666667,5.5,3.8333335],"tintindex":0,"rotation":0,"texture":"#2"},"west":{"uv":[8.833334,0.0,10.333334,3.6666667],"tintindex":0,"rotation":0,"texture":"#2"},"down":{"uv":[8.833334,4.3333335,9.5,5.0],"tintindex":0,"rotation":0,"texture":"#1"}}},{"from":[4.34875,7.63375,5.4375],"to":[12.84875,8.63375,10.9375],"faces":{"east":{"uv":[6.666667,9.833334,9.333334,10.0],"tintindex":0,"rotation":180,"texture":"#2"},"south":{"uv":[6.666667,9.833334,9.333334,10.0],"tintindex":0,"rotation":180,"texture":"#2"},"north":{"uv":[6.666667,9.833334,9.333334,10.0],"tintindex":0,"rotation":180,"texture":"#2"},"west":{"uv":[6.666667,9.833334,9.333334,10.0],"tintindex":0,"rotation":180,"texture":"#2"},"up":{"uv":[6.666667,9.833334,8.5,10.0],"tintindex":0,"rotation":90,"texture":"#2"},"down":{"uv":[6.666667,9.833334,9.333334,10.0],"tintindex":0,"rotation":0,"texture":"#2"}}},{"from":[3.03625,16.59625,5.5],"to":[5.03625,18.59625,11.75],"faces":{"east":{"uv":[6.5,6.3333335,5.666667,9.0],"tintindex":0,"rotation":90,"texture":"#2"},"south":{"uv":[5.666667,10.0,6.5,10.666667],"tintindex":0,"rotation":0,"texture":"#2"},"north":{"uv":[6.5,7.0,5.666667,7.666667],"tintindex":0,"rotation":0,"texture":"#2"},"west":{"uv":[5.666667,6.3333335,6.5,9.0],"tintindex":0,"rotation":270,"texture":"#2"},"up":{"uv":[6.5,6.3333335,5.666667,9.0],"tintindex":0,"rotation":0,"texture":"#2"},"down":{"uv":[6.5,6.0,5.666667,8.666667],"tintindex":0,"rotation":180,"texture":"#2"}}},{"from":[12.02625,16.65875,5.5625],"to":[14.02625,18.65875,11.8125],"faces":{"east":{"uv":[5.666667,9.166667,6.5,6.5],"tintindex":0,"rotation":90,"texture":"#2"},"south":{"uv":[5.666667,8.666667,6.5,9.333334],"tintindex":0,"rotation":0,"texture":"#2"},"north":{"uv":[6.5,7.3333335,5.666667,6.666667],"tintindex":0,"rotation":0,"texture":"#2"},"west":{"uv":[6.5,8.666667,5.666667,6.0],"tintindex":0,"rotation":90,"texture":"#2"},"up":{"uv":[5.666667,6.3333335,6.5,9.0],"tintindex":0,"rotation":0,"texture":"#2"},"down":{"uv":[5.666667,6.0,6.5,8.666667],"tintindex":0,"rotation":180,"texture":"#2"}}},{"from":[3.03625,16.03375,5.25],"to":[5.03625,18.03375,6.25],"faces":{"east":{"uv":[5.666667,5.8333335,6.3333335,6.166667],"tintindex":0,"rotation":270,"texture":"#2"},"south":{"uv":[5.666667,5.8333335,6.3333335,6.166667],"tintindex":0,"rotation":270,"texture":"#2"},"north":{"uv":[5.666667,5.666667,6.5,6.3333335],"tintindex":0,"rotation":270,"texture":"#2"},"west":{"uv":[5.666667,5.8333335,6.3333335,6.166667],"tintindex":0,"rotation":270,"texture":"#2"},"up":{"uv":[5.666667,5.8333335,6.3333335,6.166667],"tintindex":0,"rotation":270,"texture":"#2"},"down":{"uv":[5.666667,5.8333335,6.3333335,6.166667],"tintindex":0,"rotation":270,"texture":"#2"}}},{"from":[12.03625,16.03375,5.3125],"to":[14.03625,18.03375,6.3125],"faces":{"east":{"uv":[5.666667,5.8333335,6.3333335,6.166667],"tintindex":0,"rotation":270,"texture":"#2"},"south":{"uv":[5.666667,5.8333335,6.3333335,6.166667],"tintindex":0,"rotation":270,"texture":"#2"},"north":{"uv":[5.666667,5.666667,6.5,6.3333335],"tintindex":0,"rotation":270,"texture":"#2"},"west":{"uv":[5.666667,5.8333335,6.3333335,6.166667],"tintindex":0,"rotation":270,"texture":"#2"},"up":{"uv":[5.666667,5.8333335,6.3333335,6.166667],"tintindex":0,"rotation":270,"texture":"#2"},"down":{"uv":[5.666667,5.8333335,6.3333335,6.166667],"tintindex":0,"rotation":270,"texture":"#2"}}}],"display":{"head":{"rotation":[0.0,0.0,0.0]},"firstperson_righthand":{"rotation":[0.0,0.0,0.0]},"thirdperson_lefthand":{"rotation":[0.0,-0.0,-0.0]},"firstperson_lefthand":{"rotation":[0.0,-0.0,-0.0]},"fixed":{"rotation":[0.0,0.0,0.0]},"ground":{"rotation":[0.0,0.0,0.0]},"thirdperson_righthand":{"rotation":[0.0,0.0,0.0]},"gui":{"rotation":[-150.0,-45.0,180.0]}}}