{"textures":{"1":"modelengine:entity/gandalf_hat","particle":"#1"},"elements":[{"from":[3.94038,7.5,0.6076603],"to":[12.06458,8.5,15.39482],"faces":{"east":{"uv":[0.032,0.032,15.1632,1.0],"tintindex":0,"rotation":0,"texture":"#1"},"south":{"uv":[0.032,0.032,6.2808027,1.0],"tintindex":0,"rotation":0,"texture":"#1"},"north":{"uv":[0.032,0.032,6.2808027,1.0],"tintindex":0,"rotation":0,"texture":"#1"},"west":{"uv":[0.032,0.032,15.1632,1.0],"tintindex":0,"rotation":0,"texture":"#1"},"up":{"uv":[0.032,0.032,6.2808027,15.1632],"tintindex":0,"rotation":0,"texture":"#1"},"down":{"uv":[0.032,0.032,6.2808027,15.1632],"tintindex":0,"rotation":0,"texture":"#1"}}},{"from":[5.6469803,7.495001,-0.099360466],"to":[10.35798,8.505001,16.101841],"faces":{"east":{"uv":[0.032,0.032,15.1632,1.0],"tintindex":0,"rotation":0,"texture":"#1"},"south":{"uv":[0.032,0.032,6.2808027,1.0],"tintindex":0,"rotation":0,"texture":"#1"},"north":{"uv":[0.032,0.032,6.2808027,1.0],"tintindex":0,"rotation":0,"texture":"#1"},"west":{"uv":[0.032,0.032,15.1632,1.0],"tintindex":0,"rotation":0,"texture":"#1"},"up":{"uv":[1.5,0.0,7.75,15.0],"tintindex":0,"rotation":0,"texture":"#1"},"down":{"uv":[0.032,0.032,6.2808027,15.1632],"tintindex":0,"rotation":0,"texture":"#1"}},"rotation":{"origin":[8.00248,8.0,8.00124],"angle":45.0,"axis":"y"}},{"from":[-0.098119736,7.495001,5.64574],"to":[16.10308,8.505001,10.35674],"faces":{"east":{"uv":[0.032,0.032,6.2808027,1.0],"tintindex":0,"rotation":0,"texture":"#1"},"south":{"uv":[0.032,0.032,15.1632,1.0],"tintindex":0,"rotation":0,"texture":"#1"},"north":{"uv":[0.032,0.032,15.1632,1.0],"tintindex":0,"rotation":0,"texture":"#1"},"west":{"uv":[0.032,0.032,6.2808027,1.0],"tintindex":0,"rotation":0,"texture":"#1"},"up":{"uv":[0.0,5.0,15.1312,11.248802],"tintindex":0,"rotation":0,"texture":"#1"},"down":{"uv":[0.032,0.032,15.1632,6.2808027],"tintindex":0,"rotation":0,"texture":"#1"}},"rotation":{"origin":[8.00248,8.0,8.00124],"angle":45.0,"axis":"y"}},{"from":[0.60890007,7.5,3.9391398],"to":[15.39606,8.5,12.06334],"faces":{"east":{"uv":[0.032,0.032,6.2808027,1.0],"tintindex":0,"rotation":0,"texture":"#1"},"south":{"uv":[0.032,0.032,15.1632,1.0],"tintindex":0,"rotation":0,"texture":"#1"},"north":{"uv":[0.032,0.032,15.1632,1.0],"tintindex":0,"rotation":0,"texture":"#1"},"west":{"uv":[0.032,0.032,6.2808027,1.0],"tintindex":0,"rotation":0,"texture":"#1"},"up":{"uv":[1.0,3.5,16.1312,9.748802],"tintindex":0,"rotation":0,"texture":"#1"},"down":{"uv":[0.032,0.032,15.1632,6.2808027],"tintindex":0,"rotation":0,"texture":"#1"}}}],"display":{"head":{"rotation":[0.0,0.0,0.0]},"firstperson_righthand":{"rotation":[0.0,0.0,0.0]},"thirdperson_lefthand":{"rotation":[0.0,-0.0,-0.0]},"firstperson_lefthand":{"rotation":[0.0,-0.0,-0.0]},"fixed":{"rotation":[0.0,0.0,0.0]},"ground":{"rotation":[0.0,0.0,0.0]},"thirdperson_righthand":{"rotation":[0.0,0.0,0.0]},"gui":{"rotation":[-150.0,-45.0,180.0]}}}