{"textures":{"0":"modelengine:entity/gandalf","particle":"#0"},"elements":[{"from":[6.5,1.9634895,4.54654],"to":[10.0,7.9634895,8.04654],"faces":{"east":{"uv":[8.008,14.507999,8.992001,15.992001],"tintindex":0,"rotation":0,"texture":"#0"},"south":{"uv":[11.007999,14.507999,11.992001,15.992001],"tintindex":0,"rotation":0,"texture":"#0"},"north":{"uv":[9.008,14.507999,9.992001,15.992001],"tintindex":0,"rotation":0,"texture":"#0"},"west":{"uv":[10.008,14.507999,10.992001,15.992001],"tintindex":0,"rotation":0,"texture":"#0"},"up":{"uv":[10.032001,13.032001,10.742001,13.742001],"tintindex":0,"rotation":0,"texture":"#0"},"down":{"uv":[10.742001,12.032001,10.032001,12.742001],"tintindex":0,"rotation":0,"texture":"#0"}}},{"from":[6.42,1.9980688,4.3119097],"to":[10.18,7.9670696,8.07191],"faces":{"east":{"uv":[12.032001,14.507999,12.742001,15.968],"tintindex":0,"rotation":0,"texture":"#0"},"south":{"uv":[15.007999,14.507999,15.992001,15.992001],"tintindex":0,"rotation":0,"texture":"#0"},"north":{"uv":[13.007999,14.507999,13.992001,15.992001],"tintindex":0,"rotation":0,"texture":"#0"},"west":{"uv":[14.032001,14.507999,14.989333,15.992001],"tintindex":0,"rotation":0,"texture":"#0"},"down":{"uv":[15.032001,12.032001,15.742001,12.742001],"tintindex":0,"rotation":0,"texture":"#0"}}}],"display":{"head":{"rotation":[0.0,0.0,0.0]},"firstperson_righthand":{"rotation":[0.0,0.0,0.0]},"thirdperson_lefthand":{"rotation":[0.0,-0.0,-0.0]},"firstperson_lefthand":{"rotation":[0.0,-0.0,-0.0]},"fixed":{"rotation":[0.0,0.0,0.0]},"ground":{"rotation":[0.0,0.0,0.0]},"thirdperson_righthand":{"rotation":[0.0,0.0,0.0]},"gui":{"rotation":[-150.0,-45.0,180.0]}}}