{"textures":{"0":"modelengine:entity/gandalf","particle":"#0"},"elements":[{"from":[5.3,3.375,5.75],"to":[9.3,9.725,9.75],"faces":{"east":{"uv":[12.032001,13.032001,12.742001,14.492001],"tintindex":0,"rotation":0,"texture":"#0"},"south":{"uv":[15.007999,13.007999,15.992001,14.492001],"tintindex":0,"rotation":0,"texture":"#0"},"north":{"uv":[13.007999,13.007999,13.992001,14.492001],"tintindex":0,"rotation":0,"texture":"#0"},"west":{"uv":[14.032001,13.032001,14.968,14.492001],"tintindex":0,"rotation":0,"texture":"#0"},"up":{"uv":[13.992001,12.992001,13.007999,12.007999],"tintindex":0,"rotation":0,"texture":"#0"}}},{"from":[5.5,3.5317192,6.09823],"to":[9.0,9.531719,9.59823],"faces":{"east":{"uv":[8.008,13.007999,8.992001,14.625],"tintindex":0,"rotation":0,"texture":"#0"},"south":{"uv":[11.007999,13.007999,11.992001,14.625],"tintindex":0,"rotation":0,"texture":"#0"},"north":{"uv":[9.008,13.007999,9.992001,14.625],"tintindex":0,"rotation":0,"texture":"#0"},"west":{"uv":[10.008,13.007999,10.992001,14.625],"tintindex":0,"rotation":0,"texture":"#0"},"up":{"uv":[9.258,12.032001,9.968,12.742001],"tintindex":0,"rotation":0,"texture":"#0"},"down":{"uv":[11.032001,4.2580004,11.742001,4.9680004],"tintindex":0,"rotation":0,"texture":"#0"}}}],"display":{"head":{"rotation":[0.0,0.0,0.0]},"firstperson_righthand":{"rotation":[0.0,0.0,0.0]},"thirdperson_lefthand":{"rotation":[0.0,-0.0,-0.0]},"firstperson_lefthand":{"rotation":[0.0,-0.0,-0.0]},"fixed":{"rotation":[0.0,0.0,0.0]},"ground":{"rotation":[0.0,0.0,0.0]},"thirdperson_righthand":{"rotation":[0.0,0.0,0.0]},"gui":{"rotation":[-150.0,-45.0,180.0]}}}