{"textures":{"1":"modelengine:entity/gandalf_hat","particle":"#1"},"elements":[{"from":[6.48066,6.011078,4.5356197],"to":[9.41528,8.373077,11.6204195],"faces":{"east":{"uv":[0.032,0.032,6.968,2.3226666],"tintindex":0,"rotation":0,"texture":"#1"},"south":{"uv":[0.032,0.032,2.93462,2.3226666],"tintindex":0,"rotation":0,"texture":"#1"},"north":{"uv":[0.032,0.032,2.93462,2.3226666],"tintindex":0,"rotation":0,"texture":"#1"},"west":{"uv":[0.032,0.032,6.968,2.3226666],"tintindex":0,"rotation":0,"texture":"#1"},"up":{"uv":[0.032,0.032,2.93462,6.968],"tintindex":0,"rotation":0,"texture":"#1"},"down":{"uv":[0.032,0.032,2.93462,6.968],"tintindex":0,"rotation":0,"texture":"#1"}},"rotation":{"origin":[8.0,8.0,8.0],"angle":45.0,"axis":"y"}},{"from":[4.40557,6.011078,6.61071],"to":[11.49037,8.373077,9.54533],"faces":{"east":{"uv":[0.032,0.032,2.93462,2.3226666],"tintindex":0,"rotation":0,"texture":"#1"},"south":{"uv":[0.032,0.032,6.968,2.3226666],"tintindex":0,"rotation":0,"texture":"#1"},"north":{"uv":[0.032,0.032,6.968,2.3226666],"tintindex":0,"rotation":0,"texture":"#1"},"west":{"uv":[0.032,0.032,2.93462,2.3226666],"tintindex":0,"rotation":0,"texture":"#1"},"up":{"uv":[0.032,0.032,6.968,2.93462],"tintindex":0,"rotation":0,"texture":"#1"},"down":{"uv":[0.032,0.032,6.968,2.93462],"tintindex":0,"rotation":0,"texture":"#1"}},"rotation":{"origin":[8.0,8.0,8.0],"angle":45.0,"axis":"y"}},{"from":[4.47598,6.011078,6.62465],"to":[11.56078,8.372677,9.55927],"faces":{"east":{"uv":[0.032,0.032,2.93462,2.3226666],"tintindex":0,"rotation":0,"texture":"#1"},"south":{"uv":[0.032,0.032,6.968,2.3226666],"tintindex":0,"rotation":0,"texture":"#1"},"north":{"uv":[0.032,0.032,6.968,2.3226666],"tintindex":0,"rotation":0,"texture":"#1"},"west":{"uv":[0.032,0.032,2.93462,2.3226666],"tintindex":0,"rotation":0,"texture":"#1"},"up":{"uv":[0.032,0.032,6.968,2.93462],"tintindex":0,"rotation":0,"texture":"#1"},"down":{"uv":[0.032,0.032,6.968,2.93462],"tintindex":0,"rotation":0,"texture":"#1"}}},{"from":[6.55107,6.011078,4.54956],"to":[9.48569,8.372677,11.63436],"faces":{"east":{"uv":[0.032,0.032,6.968,2.3226666],"tintindex":0,"rotation":0,"texture":"#1"},"south":{"uv":[0.032,0.032,2.93462,2.3226666],"tintindex":0,"rotation":0,"texture":"#1"},"north":{"uv":[0.032,0.032,2.93462,2.3226666],"tintindex":0,"rotation":0,"texture":"#1"},"west":{"uv":[0.032,0.032,6.968,2.3226666],"tintindex":0,"rotation":0,"texture":"#1"},"up":{"uv":[0.032,0.032,2.93462,6.968],"tintindex":0,"rotation":0,"texture":"#1"},"down":{"uv":[0.032,0.032,2.93462,6.968],"tintindex":0,"rotation":0,"texture":"#1"}}}],"display":{"head":{"rotation":[0.0,0.0,0.0]},"firstperson_righthand":{"rotation":[0.0,0.0,0.0]},"thirdperson_lefthand":{"rotation":[0.0,-0.0,-0.0]},"firstperson_lefthand":{"rotation":[0.0,-0.0,-0.0]},"fixed":{"rotation":[0.0,0.0,0.0]},"ground":{"rotation":[0.0,0.0,0.0]},"thirdperson_righthand":{"rotation":[0.0,0.0,0.0]},"gui":{"rotation":[-150.0,-45.0,180.0]}}}