{"textures":{"1":"modelengine:entity/gandalf_hat","particle":"#1"},"elements":[{"from":[5.4627104,6.5679684,7.00974],"to":[10.56376,8.968319,9.12267],"faces":{"east":{"uv":[0.032,0.032,2.1129267,2.4003534],"tintindex":0,"rotation":0,"texture":"#1"},"south":{"uv":[0.032,0.032,5.101057,2.4003534],"tintindex":0,"rotation":0,"texture":"#1"},"north":{"uv":[0.032,0.032,5.101057,2.4003534],"tintindex":0,"rotation":0,"texture":"#1"},"west":{"uv":[0.032,0.032,2.1129267,2.4003534],"tintindex":0,"rotation":0,"texture":"#1"},"up":{"uv":[0.032,0.032,5.101057,2.1129267],"tintindex":0,"rotation":0,"texture":"#1"},"down":{"uv":[0.032,0.032,5.101057,2.1129267],"tintindex":0,"rotation":0,"texture":"#1"}}},{"from":[6.9060802,6.5679684,5.50564],"to":[9.01901,8.968967,10.6067],"faces":{"east":{"uv":[0.032,0.032,5.101057,2.4003534],"tintindex":0,"rotation":0,"texture":"#1"},"south":{"uv":[0.032,0.032,2.1129267,2.4003534],"tintindex":0,"rotation":0,"texture":"#1"},"north":{"uv":[0.032,0.032,2.1129267,2.4003534],"tintindex":0,"rotation":0,"texture":"#1"},"west":{"uv":[0.032,0.032,5.101057,2.4003534],"tintindex":0,"rotation":0,"texture":"#1"},"up":{"uv":[0.032,0.032,2.1129267,5.101057],"tintindex":0,"rotation":0,"texture":"#1"},"down":{"uv":[0.032,0.032,2.1129267,5.101057],"tintindex":0,"rotation":0,"texture":"#1"}},"rotation":{"origin":[8.0,8.0,8.0],"angle":45.0,"axis":"y"}},{"from":[5.4120197,6.5679684,6.99971],"to":[10.51307,8.969269,9.11263],"faces":{"east":{"uv":[0.032,0.032,2.1129267,2.4003534],"tintindex":0,"rotation":0,"texture":"#1"},"south":{"uv":[0.032,0.032,5.101057,2.4003534],"tintindex":0,"rotation":0,"texture":"#1"},"north":{"uv":[0.032,0.032,5.101057,2.4003534],"tintindex":0,"rotation":0,"texture":"#1"},"west":{"uv":[0.032,0.032,2.1129267,2.4003534],"tintindex":0,"rotation":0,"texture":"#1"},"up":{"uv":[0.032,0.032,5.101057,2.1129267],"tintindex":0,"rotation":0,"texture":"#1"},"down":{"uv":[0.032,0.032,5.101057,2.1129267],"tintindex":0,"rotation":0,"texture":"#1"}},"rotation":{"origin":[8.0,8.0,8.0],"angle":45.0,"axis":"y"}},{"from":[6.95677,6.5679684,5.51567],"to":[9.0697,8.968319,10.61673],"faces":{"east":{"uv":[0.032,0.032,5.101057,2.4003534],"tintindex":0,"rotation":0,"texture":"#1"},"south":{"uv":[0.032,0.032,2.1129267,2.4003534],"tintindex":0,"rotation":0,"texture":"#1"},"north":{"uv":[0.032,0.032,2.1129267,2.4003534],"tintindex":0,"rotation":0,"texture":"#1"},"west":{"uv":[0.032,0.032,5.101057,2.4003534],"tintindex":0,"rotation":0,"texture":"#1"},"up":{"uv":[0.032,0.032,2.1129267,5.101057],"tintindex":0,"rotation":0,"texture":"#1"},"down":{"uv":[0.032,0.032,2.1129267,5.101057],"tintindex":0,"rotation":0,"texture":"#1"}}}],"display":{"head":{"rotation":[0.0,0.0,0.0]},"firstperson_righthand":{"rotation":[0.0,0.0,0.0]},"thirdperson_lefthand":{"rotation":[0.0,-0.0,-0.0]},"firstperson_lefthand":{"rotation":[0.0,-0.0,-0.0]},"fixed":{"rotation":[0.0,0.0,0.0]},"ground":{"rotation":[0.0,0.0,0.0]},"thirdperson_righthand":{"rotation":[0.0,0.0,0.0]},"gui":{"rotation":[-150.0,-45.0,180.0]}}}