{"textures":{"0":"modelengine:entity/gandalf","particle":"#0"},"elements":[{"from":[5.75,1.75,5.75],"to":[10.25,8.25,10.25],"faces":{"east":{"uv":[0.032,9.032001,0.96800005,10.492001],"tintindex":0,"rotation":0,"texture":"#0"},"south":{"uv":[3.032,9.032001,3.9680002,10.492001],"tintindex":0,"rotation":0,"texture":"#0"},"north":{"uv":[1.0320001,9.032001,1.9679999,10.492001],"tintindex":0,"rotation":0,"texture":"#0"},"west":{"uv":[2.032,9.032001,2.9680002,10.492001],"tintindex":0,"rotation":0,"texture":"#0"},"up":{"uv":[2.032,9.032001,2.9680002,9.968],"tintindex":0,"rotation":0,"texture":"#0"}}},{"from":[6.0,2.0,6.0],"to":[10.0,8.0,10.0],"faces":{"east":{"uv":[0.008,5.0080004,0.99200004,6.492],"tintindex":0,"rotation":0,"texture":"#0"},"south":{"uv":[3.0080001,5.0080004,3.992,6.492],"tintindex":0,"rotation":0,"texture":"#0"},"north":{"uv":[1.0320001,5.032,1.9893334,6.5320005],"tintindex":0,"rotation":0,"texture":"#0"},"west":{"uv":[2.032,5.032,2.9893336,6.5320005],"tintindex":0,"rotation":0,"texture":"#0"},"up":{"uv":[2.032,5.032,2.9680002,5.968],"tintindex":0,"rotation":0,"texture":"#0"},"down":{"uv":[2.742,4.032,1.7580001,4.9680004],"tintindex":0,"rotation":0,"texture":"#0"}}}],"display":{"head":{"rotation":[0.0,0.0,0.0]},"firstperson_righthand":{"rotation":[0.0,0.0,0.0]},"thirdperson_lefthand":{"rotation":[0.0,-0.0,-0.0]},"firstperson_lefthand":{"rotation":[0.0,-0.0,-0.0]},"fixed":{"rotation":[0.0,0.0,0.0]},"ground":{"rotation":[0.0,0.0,0.0]},"thirdperson_righthand":{"rotation":[0.0,0.0,0.0]},"gui":{"rotation":[-150.0,-45.0,180.0]}}}