{"textures":{"0":"modelengine:entity/gandalf","particle":"#0"},"elements":[{"from":[6.0,2.0064592,4.5238],"to":[9.5,8.00646,8.0238],"faces":{"east":{"uv":[10.008,6.5080004,10.992001,7.992],"tintindex":0,"rotation":0,"texture":"#0"},"south":{"uv":[13.007999,6.5080004,13.992001,7.992],"tintindex":0,"rotation":0,"texture":"#0"},"north":{"uv":[11.007999,6.5080004,11.992001,7.992],"tintindex":0,"rotation":0,"texture":"#0"},"west":{"uv":[12.007999,6.5080004,12.992001,7.992],"tintindex":0,"rotation":0,"texture":"#0"},"up":{"uv":[11.032001,4.032,11.742001,4.742],"tintindex":0,"rotation":0,"texture":"#0"},"down":{"uv":[12.032001,4.2580004,12.742001,4.9680004],"tintindex":0,"rotation":0,"texture":"#0"}}},{"from":[5.87,1.9741592,4.37574],"to":[9.63,8.037159,8.13574],"faces":{"east":{"uv":[10.008,10.508,10.992001,11.992001],"tintindex":0,"rotation":0,"texture":"#0"},"south":{"uv":[12.875,10.508,13.875,11.992001],"tintindex":0,"rotation":0,"texture":"#0"},"north":{"uv":[11.007999,10.508,11.992001,11.992001],"tintindex":0,"rotation":0,"texture":"#0"},"west":{"uv":[12.032001,10.508,12.742001,11.968],"tintindex":0,"rotation":0,"texture":"#0"},"down":{"uv":[13.032001,8.032001,13.742001,8.742001],"tintindex":0,"rotation":0,"texture":"#0"}}}],"display":{"head":{"rotation":[0.0,0.0,0.0]},"firstperson_righthand":{"rotation":[0.0,0.0,0.0]},"thirdperson_lefthand":{"rotation":[0.0,-0.0,-0.0]},"firstperson_lefthand":{"rotation":[0.0,-0.0,-0.0]},"fixed":{"rotation":[0.0,0.0,0.0]},"ground":{"rotation":[0.0,0.0,0.0]},"thirdperson_righthand":{"rotation":[0.0,0.0,0.0]},"gui":{"rotation":[-150.0,-45.0,180.0]}}}