{"textures":{"0":"modelengine:entity/gandalf","particle":"#0"},"elements":[{"from":[6.0,2.0,8.15],"to":[10.0,8.0,12.15],"faces":{"east":{"uv":[0.032,6.5080004,0.98933333,7.992],"tintindex":0,"rotation":0,"texture":"#0"},"south":{"uv":[3.0080001,6.5080004,3.992,7.992],"tintindex":0,"rotation":0,"texture":"#0"},"north":{"uv":[1.0320001,6.5080004,1.9893334,7.992],"tintindex":0,"rotation":0,"texture":"#0"},"west":{"uv":[2.032,6.5080004,2.9893336,7.992],"tintindex":0,"rotation":0,"texture":"#0"},"up":{"uv":[2.032,5.032,2.9680002,5.968],"tintindex":0,"rotation":0,"texture":"#0"},"down":{"uv":[2.9680002,4.032,2.032,4.9680004],"tintindex":0,"rotation":0,"texture":"#0"}}},{"from":[5.75,1.5791497,7.86213],"to":[10.25,8.079149,12.36213],"faces":{"east":{"uv":[0.032,10.508,0.96800005,11.968],"tintindex":0,"rotation":0,"texture":"#0"},"south":{"uv":[3.032,10.508,3.9680002,11.968],"tintindex":0,"rotation":0,"texture":"#0"},"north":{"uv":[1.0320001,10.508,1.9679999,11.968],"tintindex":0,"rotation":0,"texture":"#0"},"west":{"uv":[2.032,10.508,2.9680002,11.968],"tintindex":0,"rotation":0,"texture":"#0"},"down":{"uv":[2.032,8.032001,2.9680002,8.968],"tintindex":0,"rotation":0,"texture":"#0"}}}],"display":{"head":{"rotation":[0.0,0.0,0.0]},"firstperson_righthand":{"rotation":[0.0,0.0,0.0]},"thirdperson_lefthand":{"rotation":[0.0,-0.0,-0.0]},"firstperson_lefthand":{"rotation":[0.0,-0.0,-0.0]},"fixed":{"rotation":[0.0,0.0,0.0]},"ground":{"rotation":[0.0,0.0,0.0]},"thirdperson_righthand":{"rotation":[0.0,0.0,0.0]},"gui":{"rotation":[-150.0,-45.0,180.0]}}}