{"textures":{"0":"modelengine:entity/gandalf","particle":"#0"},"elements":[{"from":[7.57458,8.078891,22.38125],"to":[8.37458,8.62889,23.806252],"faces":{"east":{"uv":[6.375,1.25,6.7232504,1.3795002],"tintindex":0,"rotation":0,"texture":"#0"},"west":{"uv":[6.625,1.375,6.9812503,1.5045002],"tintindex":0,"rotation":0,"texture":"#0"},"up":{"uv":[6.375,1.125,6.5750003,1.4732502],"tintindex":0,"rotation":0,"texture":"#0"}},"rotation":{"origin":[7.97458,8.17889,22.03125],"angle":22.5,"axis":"x"}},{"from":[7.57458,7.4388905,22.519249],"to":[8.37458,7.913891,23.84425],"faces":{"east":{"uv":[6.375,1.25,6.656,1.3226666],"tintindex":0,"rotation":0,"texture":"#0"},"south":{"uv":[6.375,1.25,6.5750003,1.3226666],"tintindex":0,"rotation":0,"texture":"#0"},"west":{"uv":[6.625,1.375,6.94825,1.4857501],"tintindex":0,"rotation":0,"texture":"#0"}}},{"from":[7.57458,6.7288904,22.38125],"to":[8.37458,7.2788906,23.806252],"faces":{"east":{"uv":[6.625,1.25,6.9732504,1.3795002],"tintindex":0,"rotation":0,"texture":"#0"},"west":{"uv":[6.625,1.125,6.9732504,1.2420001],"tintindex":0,"rotation":0,"texture":"#0"},"down":{"uv":[6.75,1.125,6.9500003,1.4732502],"tintindex":0,"rotation":0,"texture":"#0"}},"rotation":{"origin":[7.97458,7.17889,22.03125],"angle":-22.5,"axis":"x"}},{"from":[7.57458,6.9038906,5.53125],"to":[8.37458,8.453891,22.53125],"faces":{"east":{"uv":[6.875,1.125,11.125,1.625],"tintindex":0,"rotation":0,"texture":"#0"},"north":{"uv":[11.125,1.25,11.325,1.6295002],"tintindex":0,"rotation":0,"texture":"#0"},"west":{"uv":[11.125,1.625,6.875,1.125],"tintindex":0,"rotation":0,"texture":"#0"},"up":{"uv":[11.125,1.25,6.875,1.5],"tintindex":0,"rotation":90,"texture":"#0"},"down":{"uv":[6.875,1.5,11.125,1.25],"tintindex":0,"rotation":90,"texture":"#0"}}}],"display":{"head":{"rotation":[0.0,0.0,0.0]},"firstperson_righthand":{"rotation":[0.0,0.0,0.0]},"thirdperson_lefthand":{"rotation":[0.0,-0.0,-0.0]},"firstperson_lefthand":{"rotation":[0.0,-0.0,-0.0]},"fixed":{"rotation":[0.0,0.0,0.0]},"ground":{"rotation":[0.0,0.0,0.0]},"thirdperson_righthand":{"rotation":[0.0,0.0,0.0]},"gui":{"rotation":[-150.0,-45.0,180.0]}}}