{"textures":{"1":"modelengine:entity/c4a028eb-7f54-32d8-9d15-ac7120b5811b","particle":"#1"},"elements":[{"from":[8.47351,6.658883,4.725],"to":[10.473511,9.408883,10.725],"faces":{"east":{"uv":[0.344,11.010665,2.322665,11.989335],"tintindex":0,"rotation":0,"texture":"#1"},"south":{"uv":[3.344,15.010665,3.989335,15.989335],"tintindex":0,"rotation":0,"texture":"#1"},"north":{"uv":[7.166665,11.010665,7.833335,11.989335],"tintindex":0,"rotation":0,"texture":"#1"},"west":{"uv":[0.677335,11.010665,2.656,11.989335],"tintindex":0,"rotation":0,"texture":"#1"},"up":{"uv":[3.989335,15.989335,3.344,14.010665],"tintindex":0,"rotation":0,"texture":"#1"},"down":{"uv":[3.989335,14.010665,3.344,15.989335],"tintindex":0,"rotation":0,"texture":"#1"}}}],"display":{"head":{"rotation":[-0.0,0.0,72.5]},"firstperson_righthand":{"rotation":[-0.0,0.0,72.5]},"thirdperson_lefthand":{"rotation":[-0.0,-0.0,-72.5]},"firstperson_lefthand":{"rotation":[-0.0,-0.0,-72.5]},"fixed":{"rotation":[-0.0,0.0,72.5]},"ground":{"rotation":[-0.0,0.0,72.5]},"thirdperson_righthand":{"rotation":[-0.0,0.0,72.5]},"gui":{"rotation":[-150.0,-45.0,-107.5]}}}