{"textures":{"1":"modelengine:entity/gandalf_hat","particle":"#1"},"elements":[{"from":[7.2073874,7.4836698,7.4459333],"to":[8.571387,10.483669,8.765933],"faces":{"east":{"uv":[0.032,0.032,1.492,2.968],"tintindex":0,"rotation":0,"texture":"#1"},"south":{"uv":[0.032,0.032,1.55,2.968],"tintindex":0,"rotation":0,"texture":"#1"},"north":{"uv":[0.032,0.032,1.55,2.968],"tintindex":0,"rotation":0,"texture":"#1"},"west":{"uv":[0.032,0.032,1.492,2.968],"tintindex":0,"rotation":0,"texture":"#1"},"up":{"uv":[0.032,0.032,1.55,1.492],"tintindex":0,"rotation":0,"texture":"#1"},"down":{"uv":[0.032,0.032,1.55,1.492],"tintindex":0,"rotation":0,"texture":"#1"}}}],"display":{"head":{"rotation":[-7.4454823,-1.2925664,4.8304505]},"firstperson_righthand":{"rotation":[-7.4454823,-1.2925664,4.8304505]},"thirdperson_lefthand":{"rotation":[-7.4454823,1.2925664,-4.8304505]},"firstperson_lefthand":{"rotation":[-7.4454823,1.2925664,-4.8304505]},"fixed":{"rotation":[-7.4454823,-1.2925664,4.8304505]},"ground":{"rotation":[-7.4454823,-1.2925664,4.8304505]},"thirdperson_righthand":{"rotation":[-7.4454823,-1.2925664,4.8304505]},"gui":{"rotation":[-139.75696,-43.23685,-167.94418]}}}