{"textures":{"0":"modelengine:entity/189ef4b5-41c6-3821-97b7-23f6c660801e","particle":"#0"},"elements":[{"from":[-1.3024607,15.4375,5.1972103],"to":[5.4786797,22.24422,5.1972103],"faces":{"north":{"uv":[6.379,6.004,6.996,6.621],"tintindex":0,"rotation":0,"texture":"#0"}},"rotation":{"origin":[1.7332096,18.48772,6.5130596],"angle":22.5,"axis":"z"}},{"from":[9.8043995,15.799421,5.1972103],"to":[19.60507,20.76372,5.1972103],"faces":{"north":{"uv":[4.504,3.879,5.4375,4.3125],"tintindex":0,"rotation":0,"texture":"#0"}},"rotation":{"origin":[14.43595,17.49566,6.5130596],"angle":-22.5,"axis":"z"}},{"from":[2.30188,15.8872795,5.06771],"to":[11.82106,22.69401,5.06771],"faces":{"north":{"uv":[5.254,1.129,6.121,1.746],"tintindex":0,"rotation":0,"texture":"#0"}}}],"display":{"head":{"rotation":[0.0,0.0,0.0]},"firstperson_righthand":{"rotation":[0.0,0.0,0.0]},"thirdperson_lefthand":{"rotation":[0.0,-0.0,-0.0]},"firstperson_lefthand":{"rotation":[0.0,-0.0,-0.0]},"fixed":{"rotation":[0.0,0.0,0.0]},"ground":{"rotation":[0.0,0.0,0.0]},"thirdperson_righthand":{"rotation":[0.0,0.0,0.0]},"gui":{"rotation":[-150.0,-45.0,180.0]}}}