{"textures":{"0":"modelengine:entity/189ef4b5-41c6-3821-97b7-23f6c660801e","particle":"#0"},"elements":[{"from":[9.4825,15.602731,11.0394],"to":[19.283161,20.567032,11.0394],"faces":{"south":{"uv":[6.379,3.004,7.3125,3.4375],"tintindex":0,"rotation":0,"texture":"#0"}},"rotation":{"origin":[14.38045,16.774158,9.50155],"angle":-22.5,"axis":"z"}},{"from":[2.2888298,16.053009,10.946899],"to":[11.80802,22.859741,10.946899],"faces":{"south":{"uv":[5.504,3.754,6.371,4.371],"tintindex":0,"rotation":0,"texture":"#0"}}},{"from":[-1.65032,15.548409,11.0949],"to":[5.13081,22.35514,11.0949],"faces":{"south":{"uv":[6.629,1.629,7.246,2.246],"tintindex":0,"rotation":0,"texture":"#0"}},"rotation":{"origin":[1.8442097,18.728222,9.50155],"angle":22.5,"axis":"z"}}],"display":{"head":{"rotation":[0.0,0.0,0.0]},"firstperson_righthand":{"rotation":[0.0,0.0,0.0]},"thirdperson_lefthand":{"rotation":[0.0,-0.0,-0.0]},"firstperson_lefthand":{"rotation":[0.0,-0.0,-0.0]},"fixed":{"rotation":[0.0,0.0,0.0]},"ground":{"rotation":[0.0,0.0,0.0]},"thirdperson_righthand":{"rotation":[0.0,0.0,0.0]},"gui":{"rotation":[-150.0,-45.0,180.0]}}}