{"textures":{"1":"modelengine:entity/8cd3584a-c6dc-3052-a1c4-85ddaa776035","particle":"#1"},"elements":[{"from":[10.125,19.66573,6.5369],"to":[11.75,20.16573,8.9744],"faces":{"east":{"uv":[15.5,7.166666,14.166666,7.5],"tintindex":0,"rotation":0,"texture":"#1"},"south":{"uv":[12.333334,7.333334,13.5,7.666666],"tintindex":0,"rotation":0,"texture":"#1"},"north":{"uv":[13.5,7.333334,12.333334,7.666666],"tintindex":0,"rotation":0,"texture":"#1"},"west":{"uv":[4.666666,13.833334,3.3333337,14.166666],"tintindex":0,"rotation":0,"texture":"#1"},"up":{"uv":[9.833334,9.166666,11.0,7.833334],"tintindex":0,"rotation":0,"texture":"#1"},"down":{"uv":[14.166666,4.5,15.333334,5.833334],"tintindex":0,"rotation":0,"texture":"#1"}}}],"display":{"head":{"rotation":[0.0,0.0,0.0]},"firstperson_righthand":{"rotation":[0.0,0.0,0.0]},"thirdperson_lefthand":{"rotation":[0.0,-0.0,-0.0]},"firstperson_lefthand":{"rotation":[0.0,-0.0,-0.0]},"fixed":{"rotation":[0.0,0.0,0.0]},"ground":{"rotation":[0.0,0.0,0.0]},"thirdperson_righthand":{"rotation":[0.0,0.0,0.0]},"gui":{"rotation":[-150.0,-45.0,180.0]}}}