{"textures":{"0":"modelengine:entity/189ef4b5-41c6-3821-97b7-23f6c660801e","particle":"#0"},"elements":[{"from":[2.1653996,5.9966307,6.70144],"to":[9.88431,7.5979805,9.224],"faces":{"east":{"uv":[1.004,4.504,1.246,4.621],"tintindex":0,"rotation":0,"texture":"#0"},"south":{"uv":[5.254,1.754,5.9375,1.871],"tintindex":0,"rotation":0,"texture":"#0"},"north":{"uv":[4.754,2.879,5.4375,2.996],"tintindex":0,"rotation":0,"texture":"#0"},"west":{"uv":[5.004,0.754,5.246,0.871],"tintindex":0,"rotation":0,"texture":"#0"},"up":{"uv":[7.8125,7.621,7.129,7.379],"tintindex":0,"rotation":0,"texture":"#0"},"down":{"uv":[8.1875,2.254,7.504,2.496],"tintindex":0,"rotation":0,"texture":"#0"}}},{"from":[2.3945007,7.6115007,7.1675],"to":[2.3945007,8.666,8.851],"faces":{"west":{"uv":[9.375,0.3125,9.625,0.490625],"tintindex":0,"rotation":0,"texture":"#0"}},"rotation":{"origin":[2.3945007,7.9815006,8.00925],"angle":22.5,"axis":"z"}}],"display":{"head":{"rotation":[0.0,0.0,0.0]},"firstperson_righthand":{"rotation":[0.0,0.0,0.0]},"thirdperson_lefthand":{"rotation":[0.0,-0.0,-0.0]},"firstperson_lefthand":{"rotation":[0.0,-0.0,-0.0]},"fixed":{"rotation":[0.0,0.0,0.0]},"ground":{"rotation":[0.0,0.0,0.0]},"thirdperson_righthand":{"rotation":[0.0,0.0,0.0]},"gui":{"rotation":[-150.0,-45.0,180.0]}}}