{"textures":{"0":"modelengine:entity/189ef4b5-41c6-3821-97b7-23f6c660801e","particle":"#0"},"elements":[{"from":[-0.015680313,12.106999,7.963],"to":[12.50956,21.063221,7.963],"faces":{"south":{"uv":[3.754,0.004,4.9375,0.8125],"tintindex":0,"rotation":0,"texture":"#0"}}},{"from":[-2.57016,3.99327,0.28956985],"to":[10.35912,15.104369,15.71043],"faces":{"east":{"uv":[0.004,1.504,1.4375,2.496],"tintindex":0,"rotation":0,"texture":"#0"},"south":{"uv":[2.504,2.504,3.6875,3.496],"tintindex":0,"rotation":0,"texture":"#0"},"north":{"uv":[1.254,2.504,2.4375,3.496],"tintindex":0,"rotation":0,"texture":"#0"},"west":{"uv":[1.504,1.504,2.9375,2.496],"tintindex":0,"rotation":0,"texture":"#0"},"up":{"uv":[1.1875,1.4375,0.004,0.004],"tintindex":0,"rotation":0,"texture":"#0"},"down":{"uv":[2.4375,0.004,1.254,1.4375],"tintindex":0,"rotation":0,"texture":"#0"}}}],"display":{"head":{"rotation":[0.0,0.0,0.0]},"firstperson_righthand":{"rotation":[0.0,0.0,0.0]},"thirdperson_lefthand":{"rotation":[0.0,-0.0,-0.0]},"firstperson_lefthand":{"rotation":[0.0,-0.0,-0.0]},"fixed":{"rotation":[0.0,0.0,0.0]},"ground":{"rotation":[0.0,0.0,0.0]},"thirdperson_righthand":{"rotation":[0.0,0.0,0.0]},"gui":{"rotation":[-150.0,-45.0,180.0]}}}