{"textures":{"0":"modelengine:entity/189ef4b5-41c6-3821-97b7-23f6c660801e","particle":"#0"},"elements":[{"from":[2.1031408,3.7038107,3.81465],"to":[8.53411,12.761042,11.96279],"faces":{"east":{"uv":[5.004,5.254,5.746,6.0625],"tintindex":0,"rotation":0,"texture":"#0"},"south":{"uv":[1.879,5.754,2.496,6.5625],"tintindex":0,"rotation":0,"texture":"#0"},"north":{"uv":[5.504,4.379,6.121,5.1875],"tintindex":0,"rotation":0,"texture":"#0"},"west":{"uv":[0.004,5.379,0.746,6.1875],"tintindex":0,"rotation":0,"texture":"#0"},"up":{"uv":[6.621,2.496,6.004,1.754],"tintindex":0,"rotation":0,"texture":"#0"},"down":{"uv":[6.371,6.004,5.754,6.746],"tintindex":0,"rotation":0,"texture":"#0"}}},{"from":[-0.36518002,6.7378807,7.83322],"to":[9.870501,15.32373,7.83322],"faces":{"south":{"uv":[4.504,3.004,5.4375,3.8125],"tintindex":0,"rotation":0,"texture":"#0"}},"rotation":{"origin":[4.73582,11.586552,7.88872],"angle":45.0,"axis":"z"}},{"from":[2.6731195,11.519522,9.9293995],"to":[9.96604,14.234671,9.9293995],"faces":{"south":{"uv":[5.629,7.379,6.3125,7.621],"tintindex":0,"rotation":0,"texture":"#0"}},"rotation":{"origin":[6.7960005,12.89147,10.20455],"angle":22.5,"axis":"z"}},{"from":[3.2054892,11.652821,6.02971],"to":[10.49841,14.367971,6.02971],"faces":{"north":{"uv":[7.379,3.254,8.0625,3.496],"tintindex":0,"rotation":0,"texture":"#0"}},"rotation":{"origin":[7.24,12.336472,6.05056],"angle":22.5,"axis":"z"}}],"display":{"head":{"rotation":[0.0,0.0,0.0]},"firstperson_righthand":{"rotation":[0.0,0.0,0.0]},"thirdperson_lefthand":{"rotation":[0.0,-0.0,-0.0]},"firstperson_lefthand":{"rotation":[0.0,-0.0,-0.0]},"fixed":{"rotation":[0.0,0.0,0.0]},"ground":{"rotation":[0.0,0.0,0.0]},"thirdperson_righthand":{"rotation":[0.0,0.0,0.0]},"gui":{"rotation":[-150.0,-45.0,180.0]}}}