{"textures":{"1":"modelengine:entity/8cd3584a-c6dc-3052-a1c4-85ddaa776035","particle":"#1"},"elements":[{"from":[7.1792,3.0517006,5.65912],"to":[10.8042,10.301701,9.784121],"faces":{"east":{"uv":[8.0,13.166666,6.5,15.666666],"tintindex":0,"rotation":0,"texture":"#1"},"south":{"uv":[4.333334,6.666666,5.5,9.166666],"tintindex":0,"rotation":0,"texture":"#1"},"north":{"uv":[5.5,6.666666,4.333334,9.166666],"tintindex":0,"rotation":0,"texture":"#1"},"west":{"uv":[7.833334,5.333334,6.333334,7.833334],"tintindex":0,"rotation":0,"texture":"#1"},"up":{"uv":[14.0,9.666666,15.166666,8.166666],"tintindex":0,"rotation":0,"texture":"#1"},"down":{"uv":[10.333334,13.166666,11.5,14.666666],"tintindex":0,"rotation":0,"texture":"#1"}}},{"from":[7.1167,4.8017006,5.59662],"to":[10.8042,12.051701,9.846621],"faces":{"east":{"uv":[8.0,13.166666,6.5,15.666666],"tintindex":0,"rotation":0,"texture":"#1"},"south":{"uv":[4.333334,6.666666,5.5,9.166666],"tintindex":0,"rotation":0,"texture":"#1"},"north":{"uv":[5.5,6.666666,4.333334,9.166666],"tintindex":0,"rotation":0,"texture":"#1"},"west":{"uv":[7.833334,5.333334,6.333334,7.833334],"tintindex":0,"rotation":0,"texture":"#1"},"up":{"uv":[14.0,9.666666,15.166666,8.166666],"tintindex":0,"rotation":0,"texture":"#1"},"down":{"uv":[10.333334,13.166666,11.5,14.666666],"tintindex":0,"rotation":0,"texture":"#1"}}},{"from":[7.0542,6.5517006,5.53412],"to":[10.5542,13.801701,10.034121],"faces":{"east":{"uv":[8.0,13.166666,6.5,15.666666],"tintindex":0,"rotation":0,"texture":"#1"},"south":{"uv":[4.333334,6.666666,5.5,9.166666],"tintindex":0,"rotation":0,"texture":"#1"},"north":{"uv":[5.5,6.666666,4.333334,9.166666],"tintindex":0,"rotation":0,"texture":"#1"},"west":{"uv":[7.833334,5.333334,6.333334,7.833334],"tintindex":0,"rotation":0,"texture":"#1"},"up":{"uv":[14.333334,8.333334,15.5,6.833334],"tintindex":0,"rotation":0,"texture":"#1"},"down":{"uv":[10.333334,13.166666,11.5,14.666666],"tintindex":0,"rotation":0,"texture":"#1"}}}],"display":{"head":{"rotation":[0.0,0.0,0.0]},"firstperson_righthand":{"rotation":[0.0,0.0,0.0]},"thirdperson_lefthand":{"rotation":[0.0,-0.0,-0.0]},"firstperson_lefthand":{"rotation":[0.0,-0.0,-0.0]},"fixed":{"rotation":[0.0,0.0,0.0]},"ground":{"rotation":[0.0,0.0,0.0]},"thirdperson_righthand":{"rotation":[0.0,0.0,0.0]},"gui":{"rotation":[-150.0,-45.0,180.0]}}}