{"textures":{"1":"modelengine:entity/8cd3584a-c6dc-3052-a1c4-85ddaa776035","particle":"#1"},"elements":[{"from":[3.5,7.768961,5.5738],"to":[12.25,17.768959,10.3238],"faces":{"east":{"uv":[0.0,0.0,1.6666663,3.3333337],"tintindex":0,"rotation":0,"texture":"#1"},"south":{"uv":[0.0,0.0,3.0,3.3333337],"tintindex":0,"rotation":0,"texture":"#1"},"north":{"uv":[0.0,0.0,3.0,3.3333337],"tintindex":0,"rotation":0,"texture":"#1"},"west":{"uv":[1.3333337,0.0,3.0,3.3333337],"tintindex":0,"rotation":0,"texture":"#1"},"up":{"uv":[3.0,1.6666663,0.0,0.0],"tintindex":0,"rotation":0,"texture":"#1"},"down":{"uv":[3.0,1.6666663,0.0,3.3333337],"tintindex":0,"rotation":0,"texture":"#1"}}},{"from":[3.3375,7.268961,5.4488],"to":[12.3375,8.768961,10.4488],"faces":{"east":{"uv":[0.33333376,13.333334,3.3333337,13.666666],"tintindex":0,"rotation":0,"texture":"#1"},"south":{"uv":[0.33333376,13.333334,3.3333337,13.666666],"tintindex":0,"rotation":0,"texture":"#1"},"north":{"uv":[0.33333376,13.333334,3.3333337,13.833334],"tintindex":0,"rotation":0,"texture":"#1"},"west":{"uv":[0.33333376,13.333334,3.3333337,13.666666],"tintindex":0,"rotation":0,"texture":"#1"},"up":{"uv":[0.33333376,13.333334,3.3333337,13.666666],"tintindex":0,"rotation":0,"texture":"#1"},"down":{"uv":[0.33333376,13.333334,3.3333337,13.666666],"tintindex":0,"rotation":0,"texture":"#1"}}}],"display":{"head":{"rotation":[0.0,0.0,0.0]},"firstperson_righthand":{"rotation":[0.0,0.0,0.0]},"thirdperson_lefthand":{"rotation":[0.0,-0.0,-0.0]},"firstperson_lefthand":{"rotation":[0.0,-0.0,-0.0]},"fixed":{"rotation":[0.0,0.0,0.0]},"ground":{"rotation":[0.0,0.0,0.0]},"thirdperson_righthand":{"rotation":[0.0,0.0,0.0]},"gui":{"rotation":[-150.0,-45.0,180.0]}}}