{"textures":{"0":"modelengine:entity/189ef4b5-41c6-3821-97b7-23f6c660801e","particle":"#0"},"elements":[{"from":[6.90279,8.018381,7.9812202],"to":[19.7984,14.55036,7.9812202],"faces":{"south":{"uv":[4.754,1.879,5.9375,2.496],"tintindex":0,"rotation":0,"texture":"#0"}},"rotation":{"origin":[13.35059,12.478731,7.99972],"angle":-22.5,"axis":"z"}},{"from":[6.35153,2.6060905,2.7472],"to":[18.97778,12.37039,13.25224],"faces":{"east":{"uv":[3.754,2.004,4.746,2.9375],"tintindex":0,"rotation":0,"texture":"#0"},"south":{"uv":[0.004,3.504,1.1875,4.4375],"tintindex":0,"rotation":0,"texture":"#0"},"north":{"uv":[3.004,1.004,4.1875,1.9375],"tintindex":0,"rotation":0,"texture":"#0"},"west":{"uv":[4.254,0.879,5.246,1.8125],"tintindex":0,"rotation":0,"texture":"#0"},"up":{"uv":[1.1875,3.496,0.004,2.504],"tintindex":0,"rotation":0,"texture":"#0"},"down":{"uv":[3.6875,0.004,2.504,0.996],"tintindex":0,"rotation":0,"texture":"#0"}}},{"from":[16.10498,5.586981,4.23541],"to":[19.471981,12.725019,11.76402],"faces":{"east":{"uv":[5.754,5.254,6.4375,5.9375],"tintindex":0,"rotation":0,"texture":"#0"},"south":{"uv":[2.629,7.004,2.9375,7.6875],"tintindex":0,"rotation":0,"texture":"#0"},"north":{"uv":[2.254,7.004,2.5625,7.6875],"tintindex":0,"rotation":0,"texture":"#0"},"west":{"uv":[5.879,0.004,6.5625,0.6875],"tintindex":0,"rotation":0,"texture":"#0"},"up":{"uv":[3.3125,7.6875,3.004,7.004],"tintindex":0,"rotation":0,"texture":"#0"},"down":{"uv":[3.6875,7.004,3.379,7.6875],"tintindex":0,"rotation":0,"texture":"#0"}},"rotation":{"origin":[13.91576,6.8605213,7.99972],"angle":-22.5,"axis":"z"}}],"display":{"head":{"rotation":[0.0,0.0,0.0]},"firstperson_righthand":{"rotation":[0.0,0.0,0.0]},"thirdperson_lefthand":{"rotation":[0.0,-0.0,-0.0]},"firstperson_lefthand":{"rotation":[0.0,-0.0,-0.0]},"fixed":{"rotation":[0.0,0.0,0.0]},"ground":{"rotation":[0.0,0.0,0.0]},"thirdperson_righthand":{"rotation":[0.0,0.0,0.0]},"gui":{"rotation":[-150.0,-45.0,180.0]}}}