{"textures":{"1":"modelengine:entity/25db90d6-8f42-3643-aae9-d4effe4aa5af","particle":"#1"},"elements":[{"from":[3.475,-1.3321505,5.25378],"to":[12.625,-0.58215046,10.10378],"faces":{"east":{"uv":[11.5,14.5,13.116665,14.75],"tintindex":0,"rotation":0,"texture":"#1"},"south":{"uv":[11.166665,12.333335,11.416665,15.383335],"tintindex":0,"rotation":90,"texture":"#1"},"north":{"uv":[12.833335,1.5,13.0,4.333335],"tintindex":0,"rotation":90,"texture":"#1"},"west":{"uv":[12.833335,3.333335,13.083335,4.95],"tintindex":0,"rotation":90,"texture":"#1"},"up":{"uv":[5.62963,0.666665,6.0,2.0],"tintindex":0,"rotation":90,"texture":"#1"},"down":{"uv":[5.62963,1.62963,6.0,2.444445],"tintindex":0,"rotation":90,"texture":"#1"}}},{"from":[3.6625,-2.52394,5.33536],"to":[12.4625,8.77606,10.03536],"faces":{"east":{"uv":[2.666665,10.666665,4.233335,14.433335],"tintindex":0,"rotation":0,"texture":"#1"},"south":{"uv":[3.833335,2.5,6.766665,6.266665],"tintindex":0,"rotation":0,"texture":"#1"},"north":{"uv":[8.5,2.666665,11.5,6.5],"tintindex":0,"rotation":0,"texture":"#1"},"west":{"uv":[4.666665,9.333335,6.233335,13.1],"tintindex":0,"rotation":0,"texture":"#1"},"up":{"uv":[2.5,11.333335,4.066665,14.266665],"tintindex":0,"rotation":90,"texture":"#1"},"down":{"uv":[4.666665,3.166665,6.233335,6.1],"tintindex":0,"rotation":90,"texture":"#1"}}}],"display":{"head":{"rotation":[0.0,0.0,0.0]},"firstperson_righthand":{"rotation":[0.0,0.0,0.0]},"thirdperson_lefthand":{"rotation":[0.0,-0.0,-0.0]},"firstperson_lefthand":{"rotation":[0.0,-0.0,-0.0]},"fixed":{"rotation":[0.0,0.0,0.0]},"ground":{"rotation":[0.0,0.0,0.0]},"thirdperson_righthand":{"rotation":[0.0,0.0,0.0]},"gui":{"rotation":[-150.0,-45.0,180.0]}}}