{"textures":{"0":"modelengine:entity/4549ecb9-16fc-35e9-8ada-268c0a5a0b84","particle":"#0"},"elements":[{"from":[-4.5708904,18.05067,4.21245],"to":[4.59281,27.248951,4.21245],"faces":{"north":{"uv":[6.379,6.004,6.996,6.621],"tintindex":0,"rotation":0,"texture":"#0"}},"rotation":{"origin":[-0.46862984,22.1726,5.9906197],"angle":22.5,"axis":"z"}},{"from":[10.43839,18.53976,4.21245],"to":[23.68253,25.24828,4.21245],"faces":{"north":{"uv":[4.504,3.879,5.4375,4.3125],"tintindex":0,"rotation":0,"texture":"#0"}},"rotation":{"origin":[16.69723,20.831982,5.9906197],"angle":-22.5,"axis":"z"}},{"from":[0.29983997,18.65849,4.03745],"to":[13.1636,27.85677,4.03745],"faces":{"north":{"uv":[5.254,1.129,6.121,1.746],"tintindex":0,"rotation":0,"texture":"#0"}}}],"display":{"head":{"rotation":[0.0,0.0,0.0]},"firstperson_righthand":{"rotation":[0.0,0.0,0.0]},"thirdperson_lefthand":{"rotation":[0.0,-0.0,-0.0]},"firstperson_lefthand":{"rotation":[0.0,-0.0,-0.0]},"fixed":{"rotation":[0.0,0.0,0.0]},"ground":{"rotation":[0.0,0.0,0.0]},"thirdperson_righthand":{"rotation":[0.0,0.0,0.0]},"gui":{"rotation":[-150.0,-45.0,180.0]}}}