{"textures":{"0":"modelengine:entity/4549ecb9-16fc-35e9-8ada-268c0a5a0b84","particle":"#0"},"elements":[{"from":[10.00338,18.27396,12.10729],"to":[23.24752,24.98248,12.10729],"faces":{"south":{"uv":[6.379,3.004,7.3125,3.4375],"tintindex":0,"rotation":0,"texture":"#0"}},"rotation":{"origin":[16.62223,19.85698,10.0291195],"angle":-22.5,"axis":"z"}},{"from":[0.28221035,18.88245,11.98229],"to":[13.14597,28.08073,11.98229],"faces":{"south":{"uv":[5.504,3.754,6.371,4.371],"tintindex":0,"rotation":0,"texture":"#0"}}},{"from":[-5.04097,18.200558,12.18229],"to":[4.1227303,27.398838,12.18229],"faces":{"south":{"uv":[6.629,1.629,7.246,2.246],"tintindex":0,"rotation":0,"texture":"#0"}},"rotation":{"origin":[-0.31863022,22.4976,10.0291195],"angle":22.5,"axis":"z"}}],"display":{"head":{"rotation":[0.0,0.0,0.0]},"firstperson_righthand":{"rotation":[0.0,0.0,0.0]},"thirdperson_lefthand":{"rotation":[0.0,-0.0,-0.0]},"firstperson_lefthand":{"rotation":[0.0,-0.0,-0.0]},"fixed":{"rotation":[0.0,0.0,0.0]},"ground":{"rotation":[0.0,0.0,0.0]},"thirdperson_righthand":{"rotation":[0.0,0.0,0.0]},"gui":{"rotation":[-150.0,-45.0,180.0]}}}