{"textures":{"0":"modelengine:entity/4549ecb9-16fc-35e9-8ada-268c0a5a0b84","particle":"#0"},"elements":[{"from":[0.031280518,2.1943417,2.34412],"to":[8.72178,14.43384,13.35512],"faces":{"east":{"uv":[5.004,5.254,5.746,6.0625],"tintindex":0,"rotation":0,"texture":"#0"},"south":{"uv":[1.879,5.754,2.496,6.5625],"tintindex":0,"rotation":0,"texture":"#0"},"north":{"uv":[5.504,4.379,6.121,5.1875],"tintindex":0,"rotation":0,"texture":"#0"},"west":{"uv":[0.004,5.379,0.746,6.1875],"tintindex":0,"rotation":0,"texture":"#0"},"up":{"uv":[6.621,2.496,6.004,1.754],"tintindex":0,"rotation":0,"texture":"#0"},"down":{"uv":[6.371,6.004,5.754,6.746],"tintindex":0,"rotation":0,"texture":"#0"}}},{"from":[-3.3043003,6.2944317,7.77462],"to":[10.527699,17.89693,7.77462],"faces":{"south":{"uv":[4.504,3.004,5.4375,3.8125],"tintindex":0,"rotation":0,"texture":"#0"}},"rotation":{"origin":[3.5889492,12.846682,7.84962],"angle":45.0,"axis":"z"}},{"from":[0.8015194,12.756111,10.60729],"to":[10.656819,16.42523,10.60729],"faces":{"south":{"uv":[5.629,7.379,6.3125,7.621],"tintindex":0,"rotation":0,"texture":"#0"}},"rotation":{"origin":[6.37298,14.6101,10.97912],"angle":22.5,"axis":"z"}},{"from":[1.5209389,12.936241,5.33745],"to":[11.37624,16.60536,5.33745],"faces":{"north":{"uv":[7.379,3.254,8.0625,3.496],"tintindex":0,"rotation":0,"texture":"#0"}},"rotation":{"origin":[6.9729805,13.8601,5.36562],"angle":22.5,"axis":"z"}}],"display":{"head":{"rotation":[0.0,0.0,0.0]},"firstperson_righthand":{"rotation":[0.0,0.0,0.0]},"thirdperson_lefthand":{"rotation":[0.0,-0.0,-0.0]},"firstperson_lefthand":{"rotation":[0.0,-0.0,-0.0]},"fixed":{"rotation":[0.0,0.0,0.0]},"ground":{"rotation":[0.0,0.0,0.0]},"thirdperson_righthand":{"rotation":[0.0,0.0,0.0]},"gui":{"rotation":[-150.0,-45.0,180.0]}}}