{"textures":{"0":"modelengine:entity/4549ecb9-16fc-35e9-8ada-268c0a5a0b84","particle":"#0"},"elements":[{"from":[6.51728,8.02483,7.97462],"to":[23.943779,16.851831,7.97462],"faces":{"south":{"uv":[4.754,1.879,5.9375,2.496],"tintindex":0,"rotation":0,"texture":"#0"}},"rotation":{"origin":[15.23053,14.05233,7.99962],"angle":-22.5,"axis":"z"}},{"from":[5.77234,0.7109394,0.9016199],"to":[22.834839,13.905939,15.09762],"faces":{"east":{"uv":[3.754,2.004,4.746,2.9375],"tintindex":0,"rotation":0,"texture":"#0"},"south":{"uv":[0.004,3.504,1.1875,4.4375],"tintindex":0,"rotation":0,"texture":"#0"},"north":{"uv":[3.004,1.004,4.1875,1.9375],"tintindex":0,"rotation":0,"texture":"#0"},"west":{"uv":[4.254,0.879,5.246,1.8125],"tintindex":0,"rotation":0,"texture":"#0"},"up":{"uv":[1.1875,3.496,0.004,2.504],"tintindex":0,"rotation":0,"texture":"#0"},"down":{"uv":[3.6875,0.004,2.504,0.996],"tintindex":0,"rotation":0,"texture":"#0"}}},{"from":[18.95267,4.7391605,2.9127202],"to":[23.50267,14.38516,13.08652],"faces":{"east":{"uv":[5.754,5.254,6.4375,5.9375],"tintindex":0,"rotation":0,"texture":"#0"},"south":{"uv":[2.629,7.004,2.9375,7.6875],"tintindex":0,"rotation":0,"texture":"#0"},"north":{"uv":[2.254,7.004,2.5625,7.6875],"tintindex":0,"rotation":0,"texture":"#0"},"west":{"uv":[5.879,0.004,6.5625,0.6875],"tintindex":0,"rotation":0,"texture":"#0"},"up":{"uv":[3.3125,7.6875,3.004,7.004],"tintindex":0,"rotation":0,"texture":"#0"},"down":{"uv":[3.6875,7.004,3.379,7.6875],"tintindex":0,"rotation":0,"texture":"#0"}},"rotation":{"origin":[15.99427,6.4601593,7.99962],"angle":-22.5,"axis":"z"}}],"display":{"head":{"rotation":[0.0,0.0,0.0]},"firstperson_righthand":{"rotation":[0.0,0.0,0.0]},"thirdperson_lefthand":{"rotation":[0.0,-0.0,-0.0]},"firstperson_lefthand":{"rotation":[0.0,-0.0,-0.0]},"fixed":{"rotation":[0.0,0.0,0.0]},"ground":{"rotation":[0.0,0.0,0.0]},"thirdperson_righthand":{"rotation":[0.0,0.0,0.0]},"gui":{"rotation":[-150.0,-45.0,180.0]}}}