{
	"format_version": "1.21.6",
	"credit": "Made with Blockbench",
	"texture_size": [64, 64],
	"textures": {
		"0": "item/boromir_shield",
		"particle": "item/boromir_shield"
	},
	"elements": [
		{
			"from": [7.56718, 13.04789, 6.30662],
			"to": [8.23282, 14.6787, 9.16888],
			"rotation": {"angle": -22.5, "axis": "x", "origin": [7.88729, 7.50057, 7.75]},
			"faces": {
				"north": {"uv": [5.016, 10.25, 5.75, 10.016], "rotation": 270, "texture": "#0"},
				"east": {"uv": [6.75, 6.484, 6.016, 5.016], "rotation": 90, "texture": "#0"},
				"south": {"uv": [5.016, 10.75, 5.75, 10.516], "rotation": 90, "texture": "#0"},
				"west": {"uv": [6.75, 3.516, 6.016, 4.984], "rotation": 90, "texture": "#0"},
				"up": {"uv": [10.016, 10.25, 11.484, 10.016], "rotation": 90, "texture": "#0"},
				"down": {"uv": [10.016, 9.75, 11.484, 9.516], "rotation": 90, "texture": "#0"}
			}
		},
		{
			"from": [7.56836, 13.05083, 6.29624],
			"to": [8.234, 14.68165, 9.15849],
			"rotation": {"angle": -45, "axis": "x", "origin": [7.88729, 7.50057, 7.75]},
			"faces": {
				"north": {"uv": [6.016, 11.75, 6.75, 11.516], "rotation": 270, "texture": "#0"},
				"east": {"uv": [7.75, 4.984, 7.016, 3.516], "rotation": 90, "texture": "#0"},
				"south": {"uv": [7.016, 11.75, 7.75, 11.516], "rotation": 90, "texture": "#0"},
				"west": {"uv": [6.75, 6.516, 6.016, 7.984], "rotation": 90, "texture": "#0"},
				"up": {"uv": [10.516, 0.75, 11.984, 0.516], "rotation": 90, "texture": "#0"},
				"down": {"uv": [10.516, 0.25, 11.984, 0.016], "rotation": 90, "texture": "#0"}
			}
		},
		{
			"from": [7.56718, 6.05498, 0.56223],
			"to": [8.23282, 8.91723, 2.19305],
			"rotation": {"angle": 22.5, "axis": "x", "origin": [7.88729, 7.50057, 7.75]},
			"faces": {
				"north": {"uv": [10.516, 1.25, 11.984, 1.016], "rotation": 270, "texture": "#0"},
				"east": {"uv": [8.484, 6.75, 7.016, 6.016], "rotation": 90, "texture": "#0"},
				"south": {"uv": [10.516, 3.75, 11.984, 3.516], "rotation": 90, "texture": "#0"},
				"west": {"uv": [8.484, 5.016, 7.016, 5.75], "rotation": 90, "texture": "#0"},
				"up": {"uv": [11.516, 7.75, 12.25, 7.516], "rotation": 90, "texture": "#0"},
				"down": {"uv": [11.516, 7.25, 12.25, 7.016], "rotation": 90, "texture": "#0"}
			}
		},
		{
			"from": [7.56836, 6.06158, 0.55359],
			"to": [8.234, 8.92383, 2.1844],
			"rotation": {"angle": 0, "axis": "y", "origin": [7.88729, 7.50057, 7.75]},
			"faces": {
				"north": {"uv": [10.516, 4.25, 11.984, 4.016], "rotation": 270, "texture": "#0"},
				"east": {"uv": [8.984, 2.75, 7.516, 2.016], "rotation": 90, "texture": "#0"},
				"south": {"uv": [10.516, 5.75, 11.984, 5.516], "rotation": 90, "texture": "#0"},
				"west": {"uv": [8.484, 7.016, 7.016, 7.75], "rotation": 90, "texture": "#0"},
				"up": {"uv": [9.016, 11.75, 9.75, 11.516], "rotation": 90, "texture": "#0"},
				"down": {"uv": [8.016, 11.75, 8.75, 11.516], "rotation": 90, "texture": "#0"}
			}
		},
		{
			"from": [7.56718, 0.32138, 6.30706],
			"to": [8.23282, 1.9522, 9.16931],
			"rotation": {"angle": 22.5, "axis": "x", "origin": [7.88729, 7.50057, 7.75]},
			"faces": {
				"north": {"uv": [11.516, 9.25, 12.25, 9.016], "rotation": 270, "texture": "#0"},
				"east": {"uv": [8.75, 4.484, 8.016, 3.016], "rotation": 90, "texture": "#0"},
				"south": {"uv": [11.516, 9.75, 12.25, 9.516], "rotation": 90, "texture": "#0"},
				"west": {"uv": [5.75, 7.016, 5.016, 8.484], "rotation": 90, "texture": "#0"},
				"up": {"uv": [10.516, 6.75, 11.984, 6.516], "rotation": 90, "texture": "#0"},
				"down": {"uv": [10.516, 6.25, 11.984, 6.016], "rotation": 90, "texture": "#0"}
			}
		},
		{
			"from": [7.56836, 0.31869, 6.29704],
			"to": [8.234, 1.9495, 9.1593],
			"rotation": {"angle": 45, "axis": "x", "origin": [7.88729, 7.50057, 7.75]},
			"faces": {
				"north": {"uv": [10.016, 11.75, 10.75, 11.516], "rotation": 270, "texture": "#0"},
				"east": {"uv": [7.75, 9.484, 7.016, 8.016], "rotation": 90, "texture": "#0"},
				"south": {"uv": [11.516, 10.25, 12.25, 10.016], "rotation": 90, "texture": "#0"},
				"west": {"uv": [6.75, 8.016, 6.016, 9.484], "rotation": 90, "texture": "#0"},
				"up": {"uv": [9.516, 10.75, 10.984, 10.516], "rotation": 90, "texture": "#0"},
				"down": {"uv": [8.016, 10.75, 9.484, 10.516], "rotation": 90, "texture": "#0"}
			}
		},
		{
			"from": [7.56718, 6.08285, 0.56179],
			"to": [8.23282, 8.94511, 2.19261],
			"rotation": {"angle": -22.5, "axis": "x", "origin": [7.88729, 7.50057, 7.75]},
			"faces": {
				"north": {"uv": [0.016, 11.25, 1.484, 11.016], "rotation": 270, "texture": "#0"},
				"east": {"uv": [9.984, 5.25, 8.516, 4.516], "rotation": 90, "texture": "#0"},
				"south": {"uv": [11.016, 1.75, 12.484, 1.516], "rotation": 90, "texture": "#0"},
				"west": {"uv": [9.484, 8.016, 8.016, 8.75], "rotation": 90, "texture": "#0"},
				"up": {"uv": [0.016, 12.25, 0.75, 12.016], "rotation": 90, "texture": "#0"},
				"down": {"uv": [11.016, 11.75, 11.75, 11.516], "rotation": 90, "texture": "#0"}
			}
		},
		{
			"from": [7.56836, 13.04145, 6.31887],
			"to": [8.234, 14.67227, 9.18113],
			"rotation": {"angle": 0, "axis": "y", "origin": [7.88729, 7.50057, 7.75]},
			"faces": {
				"north": {"uv": [12.016, 0.25, 12.75, 0.016], "rotation": 270, "texture": "#0"},
				"east": {"uv": [9.25, 6.984, 8.516, 5.516], "rotation": 90, "texture": "#0"},
				"south": {"uv": [12.016, 0.75, 12.75, 0.516], "rotation": 90, "texture": "#0"},
				"west": {"uv": [5.75, 8.516, 5.016, 9.984], "rotation": 90, "texture": "#0"},
				"up": {"uv": [11.016, 2.75, 12.484, 2.516], "rotation": 90, "texture": "#0"},
				"down": {"uv": [11.016, 2.25, 12.484, 2.016], "rotation": 90, "texture": "#0"}
			}
		},
		{
			"from": [7.56836, 0.32773, 6.31887],
			"to": [8.234, 1.95855, 9.18113],
			"rotation": {"angle": 0, "axis": "y", "origin": [7.88729, 7.50057, 7.75]},
			"faces": {
				"north": {"uv": [1.016, 12.25, 1.75, 12.016], "rotation": 270, "texture": "#0"},
				"east": {"uv": [8.75, 10.484, 8.016, 9.016], "rotation": 90, "texture": "#0"},
				"south": {"uv": [12.016, 1.25, 12.75, 1.016], "rotation": 90, "texture": "#0"},
				"west": {"uv": [9.75, 2.016, 9.016, 3.484], "rotation": 90, "texture": "#0"},
				"up": {"uv": [5.016, 11.25, 6.484, 11.016], "rotation": 90, "texture": "#0"},
				"down": {"uv": [3.516, 11.25, 4.984, 11.016], "rotation": 90, "texture": "#0"}
			}
		},
		{
			"from": [7.56718, 0.32138, 6.33069],
			"to": [8.23282, 1.9522, 9.19294],
			"rotation": {"angle": -22.5, "axis": "x", "origin": [7.88729, 7.50057, 7.75]},
			"faces": {
				"north": {"uv": [2.016, 12.25, 2.75, 12.016], "rotation": 270, "texture": "#0"},
				"east": {"uv": [10.25, 1.484, 9.516, 0.016], "rotation": 90, "texture": "#0"},
				"south": {"uv": [3.016, 12.25, 3.75, 12.016], "rotation": 90, "texture": "#0"},
				"west": {"uv": [9.75, 9.016, 9.016, 10.484], "rotation": 90, "texture": "#0"},
				"up": {"uv": [8.016, 11.25, 9.484, 11.016], "rotation": 90, "texture": "#0"},
				"down": {"uv": [6.516, 11.25, 7.984, 11.016], "rotation": 90, "texture": "#0"}
			}
		},
		{
			"from": [7.56836, 0.31869, 6.3407],
			"to": [8.234, 1.9495, 9.20296],
			"rotation": {"angle": -45, "axis": "x", "origin": [7.88729, 7.50057, 7.75]},
			"faces": {
				"north": {"uv": [12.016, 3.75, 12.75, 3.516], "rotation": 270, "texture": "#0"},
				"east": {"uv": [6.75, 10.984, 6.016, 9.516], "rotation": 90, "texture": "#0"},
				"south": {"uv": [4.016, 12.25, 4.75, 12.016], "rotation": 90, "texture": "#0"},
				"west": {"uv": [10.25, 5.516, 9.516, 6.984], "rotation": 90, "texture": "#0"},
				"up": {"uv": [11.016, 8.75, 12.484, 8.516], "rotation": 90, "texture": "#0"},
				"down": {"uv": [11.016, 8.25, 12.484, 8.016], "rotation": 90, "texture": "#0"}
			}
		},
		{
			"from": [7.56718, 6.08285, 13.30739],
			"to": [8.23282, 8.94511, 14.93821],
			"rotation": {"angle": 22.5, "axis": "x", "origin": [7.88729, 7.50057, 7.75]},
			"faces": {
				"north": {"uv": [9.516, 11.25, 10.984, 11.016], "rotation": 270, "texture": "#0"},