{"textures":{"8":"modelengine:entity/boromir_shield","particle":"#8"},"elements":[{"from":[6.5555,7.6573105,13.55739],"to":[9.41776,8.32295,15.18821],"faces":{"east":{"uv":[12.016001,4.0160003,12.75,4.25],"tintindex":0,"rotation":0,"texture":"#8"},"south":{"uv":[11.016001,10.516001,12.484,10.75],"tintindex":0,"rotation":0,"texture":"#8"},"north":{"uv":[9.516001,11.016001,10.984,11.25],"tintindex":0,"rotation":0,"texture":"#8"},"west":{"uv":[5.0160003,12.016001,5.75,12.25],"tintindex":0,"rotation":0,"texture":"#8"},"up":{"uv":[9.984,7.75,8.516001,7.0160003],"tintindex":0,"rotation":0,"texture":"#8"},"down":{"uv":[10.484,3.5160003,9.016001,4.25],"tintindex":0,"rotation":0,"texture":"#8"}},"rotation":{"origin":[8.00004,8.00284,8.0],"angle":22.5,"axis":"y"}},{"from":[0.8219094,7.6573105,6.55662],"to":[2.4527202,8.32295,9.41888],"faces":{"east":{"uv":[10.016001,9.516001,11.484,9.75],"tintindex":0,"rotation":0,"texture":"#8"},"south":{"uv":[5.0160003,10.516001,5.75,10.75],"tintindex":0,"rotation":0,"texture":"#8"},"north":{"uv":[5.0160003,10.016001,5.75,10.25],"tintindex":0,"rotation":0,"texture":"#8"},"west":{"uv":[10.016001,10.016001,11.484,10.25],"tintindex":0,"rotation":0,"texture":"#8"},"up":{"uv":[6.75,4.984,6.0160003,3.5160003],"tintindex":0,"rotation":0,"texture":"#8"},"down":{"uv":[6.75,5.0160003,6.0160003,6.484],"tintindex":0,"rotation":0,"texture":"#8"}},"rotation":{"origin":[8.00004,8.00284,8.0],"angle":-22.5,"axis":"y"}},{"from":[13.54206,7.65613,6.56887],"to":[15.17288,8.32177,9.431129],"faces":{"east":{"uv":[3.5160003,11.016001,4.984,11.25],"tintindex":0,"rotation":0,"texture":"#8"},"south":{"uv":[12.016001,1.016,12.75,1.25],"tintindex":0,"rotation":0,"texture":"#8"},"north":{"uv":[1.016,12.016001,1.75,12.25],"tintindex":0,"rotation":0,"texture":"#8"},"west":{"uv":[5.0160003,11.016001,6.484,11.25],"tintindex":0,"rotation":0,"texture":"#8"},"up":{"uv":[9.75,3.484,9.016001,2.016],"tintindex":0,"rotation":0,"texture":"#8"},"down":{"uv":[8.75,9.016001,8.016001,10.484],"tintindex":0,"rotation":0,"texture":"#8"}}},{"from":[0.8189597,7.65613,6.54624],"to":[2.44978,8.32177,9.40849],"faces":{"east":{"uv":[10.516001,0.016,11.984,0.25],"tintindex":0,"rotation":0,"texture":"#8"},"south":{"uv":[7.0160003,11.516001,7.75,11.75],"tintindex":0,"rotation":0,"texture":"#8"},"north":{"uv":[6.0160003,11.516001,6.75,11.75],"tintindex":0,"rotation":0,"texture":"#8"},"west":{"uv":[10.516001,0.51600003,11.984,0.75],"tintindex":0,"rotation":0,"texture":"#8"},"up":{"uv":[6.75,7.984,6.0160003,6.5160003],"tintindex":0,"rotation":0,"texture":"#8"},"down":{"uv":[7.75,3.5160003,7.0160003,4.984],"tintindex":0,"rotation":0,"texture":"#8"}},"rotation":{"origin":[8.00004,8.00284,8.0],"angle":-45.0,"axis":"y"}},{"from":[0.82834005,7.65613,6.56887],"to":[2.4591603,8.32177,9.431129],"faces":{"east":{"uv":[11.016001,2.016,12.484,2.25],"tintindex":0,"rotation":0,"texture":"#8"},"south":{"uv":[12.016001,0.51600003,12.75,0.75],"tintindex":0,"rotation":0,"texture":"#8"},"north":{"uv":[12.016001,0.016,12.75,0.25],"tintindex":0,"rotation":0,"texture":"#8"},"west":{"uv":[11.016001,2.516,12.484,2.75],"tintindex":0,"rotation":0,"texture":"#8"},"up":{"uv":[5.75,9.984,5.0160003,8.516001],"tintindex":0,"rotation":0,"texture":"#8"},"down":{"uv":[9.25,5.5160003,8.516001,6.984],"tintindex":0,"rotation":0,"texture":"#8"}}},{"from":[4.50061,7.6651297,2.0500002],"to":[11.47561,8.30573,3.025],"faces":{"up":{"uv":[9.484,1.4840001,6.0160003,1.016],"tintindex":0,"rotation":0,"texture":"#8"},"down":{"uv":[9.484,1.516,6.0160003,1.9840001],"tintindex":0,"rotation":0,"texture":"#8"}}},{"from":[6.68261,7.5561304,6.5945],"to":[9.41861,8.92413,9.3305],"faces":{"east":{"uv":[10.016001,7.0160003,11.25,7.484],"tintindex":0,"rotation":0,"texture":"#8"},"south":{"uv":[10.016001,7.5160003,11.25,7.984],"tintindex":0,"rotation":0,"texture":"#8"},"north":{"uv":[10.016001,3.0160003,11.25,3.484],"tintindex":0,"rotation":0,"texture":"#8"},"west":{"uv":[10.016001,9.016001,11.25,9.484],"tintindex":0,"rotation":0,"texture":"#8"},"up":{"uv":[7.25,3.25,6.0160003,2.016],"tintindex":0,"rotation":0,"texture":"#8"}}},{"from":[13.54841,7.6573105,6.5570602],"to":[15.17923,8.32295,9.41931],"faces":{"east":{"uv":[10.516001,6.0160003,11.984,6.25],"tintindex":0,"rotation":0,"texture":"#8"},"south":{"uv":[11.516001,9.516001,12.25,9.75],"tintindex":0,"rotation":0,"texture":"#8"},"north":{"uv":[11.516001,9.016001,12.25,9.25],"tintindex":0,"rotation":0,"texture":"#8"},"west":{"uv":[10.516001,6.5160003,11.984,6.75],"tintindex":0,"rotation":0,"texture":"#8"},"up":{"uv":[5.75,8.484,5.0160003,7.0160003],"tintindex":0,"rotation":0,"texture":"#8"},"down":{"uv":[8.75,3.0160003,8.016001,4.484],"tintindex":0,"rotation":0,"texture":"#8"}},"rotation":{"origin":[8.00004,8.00284,8.0],"angle":22.5,"axis":"y"}},{"from":[3.0006099,7.6651297,3.025],"to":[12.97561,8.30573,13.0],"faces":{"up":{"uv":[4.75,4.75,0.25,0.25],"tintindex":0,"rotation":0,"texture":"#8"},"down":{"uv":[4.984,5.0160003,0.016,9.984],"tintindex":0,"rotation":0,"texture":"#8"}}},{"from":[4.50061,7.6651297,12.975],"to":[11.47561,8.30573,13.95],"faces":{"up":{"uv":[9.484,0.48400003,6.0160003,0.016],"tintindex":0,"rotation":0,"texture":"#8"},"down":{"uv":[9.484,0.51600003,6.0160003,0.98399997],"tintindex":0,"rotation":0,"texture":"#8"}}},{"from":[13.551109,7.65613,6.54704],"to":[15.18192,8.32177,9.4093],"faces":{"east":{"uv":[8.016001,10.516001,9.484,10.75],"tintindex":0,"rotation":0,"texture":"#8"},"south":{"uv":[11.516001,10.016001,12.25,10.25],"tintindex":0,"rotation":0,"texture":"#8"},"north":{"uv":[10.016001,11.516001,10.75,11.75],"tintindex":0,"rotation":0,"texture":"#8"},"west":{"uv":[9.516001,10.516001,10.984,10.75],"tintindex":0,"rotation":0,"texture":"#8"},"up":{"uv":[6.75,9.484,6.0160003,8.016001],"tintindex":0,"rotation":0,"texture":"#8"},"down":{"uv":[7.75,8.016001,7.0160003,9.484],"tintindex":0,"rotation":0,"texture":"#8"}},"rotation":{"origin":[8.00004,8.00284,8.0],"angle":45.0,"axis":"y"}},{"from":[6.56219,7.65613,13.565599],"to":[9.42444,8.32177,15.19641],"faces":{"east":{"uv":[12.016001,5.5160003,12.75,5.75],"tintindex":0,"rotation":0,"texture":"#8"},"south":{"uv":[0.016,11.516001,1.4840001,11.75],"tintindex":0,"rotation":0,"texture":"#8"},"north":{"uv":[11.016001,11.016001,12.484,11.25],"tintindex":0,"rotation":0,"texture":"#8"},"west":{"uv":[6.0160003,12.016001,6.75,12.25],"tintindex":0,"rotation":0,"texture":"#8"},"up":{"uv":[10.984,8.75,9.516001,8.016001],"tintindex":0,"rotation":0,"texture":"#8"},"down":{"uv":[1.4840001,10.016001,0.016,10.75],"tintindex":0,"rotation":0,"texture":"#8"}}},{"from":[0.8219094,7.6573105,6.58112],"to":[2.4527202,8.32295,9.44338],"faces":{"east":{"uv":[1.516,11.516001,2.984,11.75],"tintindex":0,"rotation":0,"texture":"#8"},"south":{"uv":[12.016001,6.5160003,12.75,6.75],"tintindex":0,"rotation":0,"texture":"#8"},"north":{"uv":[12.016001,6.0160003,12.75,6.25],"tintindex":0,"rotation":0,"texture":"#8"},"west":{"uv":[3.0160003,11.516001,4.484,11.75],"tintindex":0,"rotation":0,"texture":"#8"},"up":{"uv":[7.75,10.984,7.0160003,9.516001],"tintindex":0,"rotation":0,"texture":"#8"},"down":{"uv":[2.25,10.016001,1.516,11.484],"tintindex":0,"rotation":0,"texture":"#8"}},"rotation":{"origin":[8.00004,8.00284,8.0],"angle":22.5,"axis":"y"}},{"from":[6.5833797,7.6573105,13.55695],"to":[9.44563,8.32295,15.18777],"faces":{"east":{"uv":[9.016001,12.016001,9.75,12.25],"tintindex":0,"rotation":0,"texture":"#8"},"south":{"uv":[11.516001,5.0160003,12.984,5.25],"tintindex":0,"rotation":0,"texture":"#8"},"north":{"uv":[11.516001,4.5160003,12.984,4.75],"tintindex":0,"rotation":0,"texture":"#8"},"west":{"uv":[10.016001,12.016001,10.75,12.25],"tintindex":0,"rotation":0,"texture":"#8"},"up":{"uv":[4.984,10.75,3.5160003,10.016001],"tintindex":0,"rotation":0,"texture":"#8"},"down":{"uv":[11.484,4.5160003,10.016001,5.25],"tintindex":0,"rotation":0,"texture":"#8"}},"rotation":{"origin":[8.00004,8.00284,8.0],"angle":-22.5,"axis":"y"}},{"from":[2.0256095,7.6651297,4.525],