{"textures":{"0":"modelengine:entity/potd_skeleton","2":"modelengine:entity/potd_skeleton_soldier","3":"modelengine:entity/potd_skeleton_armour","particle":"#0"},"elements":[{"from":[7.825,3.2000008,6.825],"to":[9.6,9.200001,8.9],"faces":{"east":{"uv":[1.0,6.25,0.5,7.75],"tintindex":0,"rotation":0,"texture":"#0"},"south":{"uv":[0.5,6.25,0.0,7.75],"tintindex":0,"rotation":0,"texture":"#0"},"north":{"uv":[5.0,5.75,4.5,7.25],"tintindex":0,"rotation":0,"texture":"#0"},"west":{"uv":[6.5,5.5,6.0,7.0],"tintindex":0,"rotation":0,"texture":"#0"},"up":{"uv":[7.0,0.5,7.5,0.0],"tintindex":0,"rotation":0,"texture":"#0"},"down":{"uv":[7.0,0.5,7.5,1.0],"tintindex":0,"rotation":0,"texture":"#0"}}},{"from":[9.41375,5.4537506,6.0775],"to":[10.26375,7.4537506,9.7775],"faces":{"east":{"uv":[7.3333335,5.666667,6.666667,7.666667],"tintindex":0,"rotation":90,"texture":"#3"},"south":{"uv":[9.333334,8.0,10.0,8.833334],"tintindex":0,"rotation":90,"texture":"#3"},"north":{"uv":[9.5,8.333334,10.166667,9.166667],"tintindex":0,"rotation":270,"texture":"#3"},"west":{"uv":[5.0,11.333334,5.666667,12.166667],"tintindex":0,"rotation":90,"texture":"#3"},"up":{"uv":[2.6666667,11.833334,3.3333335,12.666667],"tintindex":0,"rotation":90,"texture":"#3"},"down":{"uv":[2.6666667,11.833334,3.3333335,12.666667],"tintindex":0,"rotation":90,"texture":"#3"}}},{"from":[7.7999997,2.3942204,6.34823],"to":[9.85,8.39422,9.34823],"faces":{"east":{"uv":[2.1666667,6.0,3.1666667,8.0],"tintindex":0,"rotation":0,"texture":"#2"},"south":{"uv":[4.3500004,6.166667,5.033334,8.166667],"tintindex":0,"rotation":180,"texture":"#2"},"north":{"uv":[4.3500004,6.166667,5.033334,8.166667],"tintindex":0,"rotation":180,"texture":"#2"},"west":{"uv":[2.3333335,7.0,3.3333335,9.0],"tintindex":0,"rotation":0,"texture":"#2"}}},{"from":[7.81375,6.72875,5.9525003],"to":[10.313749,8.72875,9.9025],"faces":{"east":{"uv":[7.3333335,5.666667,6.666667,7.666667],"tintindex":0,"rotation":90,"texture":"#3"},"south":{"uv":[9.333334,8.0,10.0,8.833334],"tintindex":0,"rotation":90,"texture":"#3"},"north":{"uv":[9.5,8.333334,10.166667,9.166667],"tintindex":0,"rotation":270,"texture":"#3"},"west":{"uv":[3.6666667,11.333334,4.3333335,12.166667],"tintindex":0,"rotation":90,"texture":"#3"},"up":{"uv":[7.0,5.666667,7.8333335,7.666667],"tintindex":0,"rotation":180,"texture":"#3"},"down":{"uv":[5.0,11.333334,5.666667,12.166667],"tintindex":0,"rotation":90,"texture":"#3"}},"rotation":{"origin":[9.063749,7.72875,7.9275],"angle":22.5,"axis":"z"}}],"display":{"head":{"rotation":[0.0,0.0,0.0]},"firstperson_righthand":{"rotation":[0.0,0.0,0.0]},"thirdperson_lefthand":{"rotation":[0.0,-0.0,-0.0]},"firstperson_lefthand":{"rotation":[0.0,-0.0,-0.0]},"fixed":{"rotation":[0.0,0.0,0.0]},"ground":{"rotation":[0.0,0.0,0.0]},"thirdperson_righthand":{"rotation":[0.0,0.0,0.0]},"gui":{"rotation":[-150.0,-45.0,180.0]}}}