{"textures":{"9":"modelengine:entity/rohan_spear","particle":"#9"},"elements":[{"from":[7.9955997,-4.3912,8.083099],"to":[8.5756,14.1988,8.4881],"faces":{"east":{"uv":[0.25800002,0.008,0.4525,9.295],"tintindex":0,"rotation":0,"texture":"#9"},"south":{"uv":[0.508,0.008,0.74200004,9.242001],"tintindex":0,"rotation":0,"texture":"#9"},"north":{"uv":[0.008,0.008,0.24200001,9.242001],"tintindex":0,"rotation":0,"texture":"#9"},"west":{"uv":[0.758,0.008,0.95250005,9.295],"tintindex":0,"rotation":0,"texture":"#9"},"up":{"uv":[2.242,2.742,2.0080001,2.5080001],"tintindex":0,"rotation":0,"texture":"#9"},"down":{"uv":[2.492,2.5080001,2.2580001,2.742],"tintindex":0,"rotation":0,"texture":"#9"}}},{"from":[7.3581,14.2213,8.2581005],"to":[9.2131,19.1988,8.2581005],"faces":{"south":{"uv":[2.0080001,0.008,2.875,2.492],"tintindex":0,"rotation":0,"texture":"#9"},"north":{"uv":[1.008,0.008,1.875,2.492],"tintindex":0,"rotation":0,"texture":"#9"}}},{"from":[8.025,13.596,8.1875],"to":[8.5462,16.2866,8.383699],"faces":{"east":{"uv":[1.5,2.625,1.5981001,3.9703002],"tintindex":0,"rotation":0,"texture":"#9"},"south":{"uv":[1.25,2.625,1.5106,3.9703002],"tintindex":0,"rotation":0,"texture":"#9"},"north":{"uv":[1.0,2.625,1.2606001,3.9703002],"tintindex":0,"rotation":0,"texture":"#9"},"west":{"uv":[1.75,2.625,1.8481001,3.9703002],"tintindex":0,"rotation":0,"texture":"#9"},"up":{"uv":[2.742,2.625,2.5080001,2.5080001],"tintindex":0,"rotation":0,"texture":"#9"},"down":{"uv":[2.242,2.7580001,2.0080001,2.875],"tintindex":0,"rotation":0,"texture":"#9"}}}],"display":{"head":{"rotation":[0.0,0.0,0.0]},"firstperson_righthand":{"rotation":[0.0,0.0,0.0]},"thirdperson_lefthand":{"rotation":[0.0,-0.0,-0.0]},"firstperson_lefthand":{"rotation":[0.0,-0.0,-0.0]},"fixed":{"rotation":[0.0,0.0,0.0]},"ground":{"rotation":[0.0,0.0,0.0]},"thirdperson_righthand":{"rotation":[0.0,0.0,0.0]},"gui":{"rotation":[-150.0,-45.0,180.0]}}}