{"textures":{"0":"modelengine:entity/gandalf","particle":"#0"},"elements":[{"from":[5.2375,4.3463707,7.31875],"to":[10.7875,6.5293713,8.71875],"faces":{"east":{"uv":[14.007999,5.5080004,14.322666,6.0457506],"tintindex":0,"rotation":0,"texture":"#0"},"north":{"uv":[14.257999,5.2580004,15.742001,5.7957506],"tintindex":0,"rotation":0,"texture":"#0"},"west":{"uv":[15.625,5.2580004,15.975,5.7957506],"tintindex":0,"rotation":0,"texture":"#0"},"down":{"uv":[14.257999,5.7580004,15.742001,6.1],"tintindex":0,"rotation":0,"texture":"#0"}}},{"from":[6.0375,3.11487,7.54375],"to":[9.9875,4.9648705,8.46875],"faces":{"east":{"uv":[15.507999,6.125,15.85,6.5875006],"tintindex":0,"rotation":0,"texture":"#0"},"north":{"uv":[14.625,5.875,15.492001,6.322667],"tintindex":0,"rotation":0,"texture":"#0"},"west":{"uv":[14.007999,6.125,14.322666,6.5875006],"tintindex":0,"rotation":0,"texture":"#0"},"down":{"uv":[14.507999,7.125,15.3875,7.475],"tintindex":0,"rotation":0,"texture":"#0"}}},{"from":[6.9375,1.8148708,8.04375],"to":[8.9875,3.6648712,8.04375],"faces":{"north":{"uv":[14.757999,6.2580004,15.242001,6.7125006],"tintindex":0,"rotation":0,"texture":"#0"}}},{"from":[4.6375,6.2358704,6.9937496],"to":[11.3875,9.328871,8.86875],"faces":{"east":{"uv":[14.125,6.625,14.59375,7.54825],"tintindex":0,"rotation":0,"texture":"#0"},"south":{"uv":[14.007999,4.875,15.95,5.79825],"tintindex":0,"rotation":0,"texture":"#0"},"north":{"uv":[14.007999,4.2580004,15.775001,4.992],"tintindex":0,"rotation":0,"texture":"#0"},"west":{"uv":[15.507999,6.625,15.96875,7.54825],"tintindex":0,"rotation":0,"texture":"#0"},"up":{"uv":[14.125,4.2580004,16.075,4.71875],"tintindex":0,"rotation":0,"texture":"#0"},"down":{"uv":[14.007999,7.125,15.95,7.59375],"tintindex":0,"rotation":0,"texture":"#0"}}}],"display":{"head":{"rotation":[0.0,0.0,0.0]},"firstperson_righthand":{"rotation":[0.0,0.0,0.0]},"thirdperson_lefthand":{"rotation":[0.0,-0.0,-0.0]},"firstperson_lefthand":{"rotation":[0.0,-0.0,-0.0]},"fixed":{"rotation":[0.0,0.0,0.0]},"ground":{"rotation":[0.0,0.0,0.0]},"thirdperson_righthand":{"rotation":[0.0,0.0,0.0]},"gui":{"rotation":[-150.0,-45.0,180.0]}}}