{
	"format_version": "1.21.6",
	"credit": "Made with Blockbench",
	"textures": {
		"1": "modelengine:entity/gandalf_hat",
		"particle": "modelengine:entity/gandalf_hat"
	},
	"elements": [
		{
			"from": [3.94038, 7.5, 0.60766],
			"to": [12.06458, 8.5, 15.39482],
			"faces": {
				"north": {"uv": [0.032, 0.032, 6.2808, 1], "texture": "#1", "tintindex": 0},
				"east": {"uv": [0.032, 0.032, 15.1632, 1], "texture": "#1", "tintindex": 0},
				"south": {"uv": [0.032, 0.032, 6.2808, 1], "texture": "#1", "tintindex": 0},
				"west": {"uv": [0.032, 0.032, 15.1632, 1], "texture": "#1", "tintindex": 0},
				"up": {"uv": [0.032, 0.032, 6.2808, 15.1632], "texture": "#1", "tintindex": 0},
				"down": {"uv": [0.032, 0.032, 6.2808, 15.1632], "texture": "#1", "tintindex": 0}
			}
		},
		{
			"from": [5.64698, 7.495, -0.09936],
			"to": [10.35798, 8.505, 16.10184],
			"rotation": {"angle": 45, "axis": "y", "origin": [8.00248, 8, 8.00124]},
			"faces": {
				"north": {"uv": [0.032, 0.032, 6.2808, 1], "texture": "#1", "tintindex": 0},
				"east": {"uv": [0.032, 0.032, 15.1632, 1], "texture": "#1", "tintindex": 0},
				"south": {"uv": [0.032, 0.032, 6.2808, 1], "texture": "#1", "tintindex": 0},
				"west": {"uv": [0.032, 0.032, 15.1632, 1], "texture": "#1", "tintindex": 0},
				"up": {"uv": [1.5, 0.01067, 7.75, 14.98933], "texture": "#1", "tintindex": 0},
				"down": {"uv": [0.032, 0.032, 6.2808, 15.1632], "texture": "#1", "tintindex": 0}
			}
		},
		{
			"from": [-0.09812, 7.495, 5.64574],
			"to": [16.10308, 8.505, 10.35674],
			"rotation": {"angle": 45, "axis": "y", "origin": [8.00248, 8, 8.00124]},
			"faces": {
				"north": {"uv": [0.032, 0.032, 15.1632, 1], "texture": "#1", "tintindex": 0},
				"east": {"uv": [0.032, 0.032, 6.2808, 1], "texture": "#1", "tintindex": 0},
				"south": {"uv": [0.032, 0.032, 15.1632, 1], "texture": "#1", "tintindex": 0},
				"west": {"uv": [0.032, 0.032, 6.2808, 1], "texture": "#1", "tintindex": 0},
				"up": {"uv": [0.01067, 5.01067, 15.1312, 11.2488], "texture": "#1", "tintindex": 0},
				"down": {"uv": [0.032, 0.032, 15.1632, 6.2808], "texture": "#1", "tintindex": 0}
			}
		},
		{
			"from": [0.6089, 7.5, 3.93914],
			"to": [15.39606, 8.5, 12.06334],
			"faces": {
				"north": {"uv": [0.032, 0.032, 15.1632, 1], "texture": "#1", "tintindex": 0},
				"east": {"uv": [0.032, 0.032, 6.2808, 1], "texture": "#1", "tintindex": 0},
				"south": {"uv": [0.032, 0.032, 15.1632, 1], "texture": "#1", "tintindex": 0},
				"west": {"uv": [0.032, 0.032, 6.2808, 1], "texture": "#1", "tintindex": 0},
				"up": {"uv": [0.51067, 3.5, 15.6312, 9.7488], "texture": "#1", "tintindex": 0},
				"down": {"uv": [0.032, 0.032, 15.1632, 6.2808], "texture": "#1", "tintindex": 0}
			}
		}
	],
	"display": {
		"gui": {
			"rotation": [-150, -45, -180]
		}
	}
}