{"textures":{"0":"modelengine:entity/gandalf","particle":"#0"},"elements":[{"from":[5.75,1.75,7.75],"to":[10.25,8.25,12.25],"faces":{"east":{"uv":[0.032,14.507999,0.96800005,15.968],"tintindex":0,"rotation":0,"texture":"#0"},"south":{"uv":[3.032,14.507999,3.9680002,15.968],"tintindex":0,"rotation":0,"texture":"#0"},"north":{"uv":[1.0320001,14.507999,1.9679999,15.968],"tintindex":0,"rotation":0,"texture":"#0"},"west":{"uv":[2.032,14.507999,2.9680002,15.968],"tintindex":0,"rotation":0,"texture":"#0"},"down":{"uv":[2.032,12.032001,2.9680002,12.968],"tintindex":0,"rotation":0,"texture":"#0"}}},{"from":[6.0,2.0,8.0],"to":[10.0,8.0,12.0],"faces":{"east":{"uv":[4.032,14.507999,4.9893336,15.992001],"tintindex":0,"rotation":0,"texture":"#0"},"south":{"uv":[7.0320005,14.507999,7.9893336,15.992001],"tintindex":0,"rotation":0,"texture":"#0"},"north":{"uv":[5.0080004,14.507999,5.992,15.992001],"tintindex":0,"rotation":0,"texture":"#0"},"west":{"uv":[6.0320005,14.507999,6.9893336,15.992001],"tintindex":0,"rotation":0,"texture":"#0"},"up":{"uv":[6.0320005,13.032001,6.968,13.968],"tintindex":0,"rotation":0,"texture":"#0"},"down":{"uv":[6.968,12.032001,6.0320005,12.968],"tintindex":0,"rotation":0,"texture":"#0"}}}],"display":{"head":{"rotation":[0.0,0.0,0.0]},"firstperson_righthand":{"rotation":[0.0,0.0,0.0]},"thirdperson_lefthand":{"rotation":[0.0,-0.0,-0.0]},"firstperson_lefthand":{"rotation":[0.0,-0.0,-0.0]},"fixed":{"rotation":[0.0,0.0,0.0]},"ground":{"rotation":[0.0,0.0,0.0]},"thirdperson_righthand":{"rotation":[0.0,0.0,0.0]},"gui":{"rotation":[-150.0,-45.0,180.0]}}}