{"textures":{"1":"modelengine:entity/gandalf_hat","particle":"#1"},"elements":[{"from":[7.32152,6.6852875,6.32505],"to":[8.71183,8.789719,9.68154],"faces":{"east":{"uv":[0.032,0.032,3.322667,2.1044302],"tintindex":0,"rotation":0,"texture":"#1"},"south":{"uv":[0.032,0.032,1.3903067,2.1044302],"tintindex":0,"rotation":0,"texture":"#1"},"north":{"uv":[0.032,0.032,1.3903067,2.1044302],"tintindex":0,"rotation":0,"texture":"#1"},"west":{"uv":[0.032,0.032,3.322667,2.1044302],"tintindex":0,"rotation":0,"texture":"#1"},"up":{"uv":[0.032,0.032,1.3903067,3.322667],"tintindex":0,"rotation":0,"texture":"#1"},"down":{"uv":[0.032,0.032,1.3903067,3.322667],"tintindex":0,"rotation":0,"texture":"#1"}}},{"from":[7.28817,6.6852875,6.31845],"to":[8.67847,8.790787,9.67494],"faces":{"east":{"uv":[0.032,0.032,3.322667,2.1044302],"tintindex":0,"rotation":0,"texture":"#1"},"south":{"uv":[0.032,0.032,1.3903067,2.1044302],"tintindex":0,"rotation":0,"texture":"#1"},"north":{"uv":[0.032,0.032,1.3903067,2.1044302],"tintindex":0,"rotation":0,"texture":"#1"},"west":{"uv":[0.032,0.032,3.322667,2.1044302],"tintindex":0,"rotation":0,"texture":"#1"},"up":{"uv":[0.032,0.032,1.3903067,3.322667],"tintindex":0,"rotation":0,"texture":"#1"},"down":{"uv":[0.032,0.032,1.3903067,3.322667],"tintindex":0,"rotation":0,"texture":"#1"}},"rotation":{"origin":[8.00797,8.152557,7.95973],"angle":45.0,"axis":"y"}},{"from":[6.30507,6.6852875,7.30154],"to":[9.66157,8.790287,8.69185],"faces":{"east":{"uv":[0.032,0.032,1.3903067,2.1044302],"tintindex":0,"rotation":0,"texture":"#1"},"south":{"uv":[0.032,0.032,3.322667,2.1044302],"tintindex":0,"rotation":0,"texture":"#1"},"north":{"uv":[0.032,0.032,3.322667,2.1044302],"tintindex":0,"rotation":0,"texture":"#1"},"west":{"uv":[0.032,0.032,1.3903067,2.1044302],"tintindex":0,"rotation":0,"texture":"#1"},"up":{"uv":[0.032,0.032,3.322667,1.3903067],"tintindex":0,"rotation":0,"texture":"#1"},"down":{"uv":[0.032,0.032,3.322667,1.3903067],"tintindex":0,"rotation":0,"texture":"#1"}},"rotation":{"origin":[8.00797,8.152557,7.95973],"angle":45.0,"axis":"y"}},{"from":[6.33843,6.6852875,7.30814],"to":[9.69492,8.789719,8.69845],"faces":{"east":{"uv":[0.032,0.032,1.3903067,2.1044302],"tintindex":0,"rotation":0,"texture":"#1"},"south":{"uv":[0.032,0.032,3.322667,2.1044302],"tintindex":0,"rotation":0,"texture":"#1"},"north":{"uv":[0.032,0.032,3.322667,2.1044302],"tintindex":0,"rotation":0,"texture":"#1"},"west":{"uv":[0.032,0.032,1.3903067,2.1044302],"tintindex":0,"rotation":0,"texture":"#1"},"up":{"uv":[0.032,0.032,3.322667,1.3903067],"tintindex":0,"rotation":0,"texture":"#1"},"down":{"uv":[0.032,0.032,3.322667,1.3903067],"tintindex":0,"rotation":0,"texture":"#1"}}}],"display":{"head":{"rotation":[0.0,0.0,0.0]},"firstperson_righthand":{"rotation":[0.0,0.0,0.0]},"thirdperson_lefthand":{"rotation":[0.0,-0.0,-0.0]},"firstperson_lefthand":{"rotation":[0.0,-0.0,-0.0]},"fixed":{"rotation":[0.0,0.0,0.0]},"ground":{"rotation":[0.0,0.0,0.0]},"thirdperson_righthand":{"rotation":[0.0,0.0,0.0]},"gui":{"rotation":[-150.0,-45.0,180.0]}}}