{"textures":{"0":"modelengine:entity/gandalf","particle":"#0"},"elements":[{"from":[6.75,3.3500004,5.825],"to":[10.75,9.799999,9.825],"faces":{"east":{"uv":[10.032001,9.032001,10.742001,10.492001],"tintindex":0,"rotation":0,"texture":"#0"},"south":{"uv":[13.007999,9.008,13.992001,10.492001],"tintindex":0,"rotation":0,"texture":"#0"},"north":{"uv":[11.007999,9.008,11.992001,10.492001],"tintindex":0,"rotation":0,"texture":"#0"},"west":{"uv":[12.032001,9.032001,12.742001,10.4875],"tintindex":0,"rotation":0,"texture":"#0"},"up":{"uv":[11.992001,8.008,11.007999,8.992001],"tintindex":0,"rotation":0,"texture":"#0"}}},{"from":[7.0,3.581461,6.0738],"to":[10.5,9.581461,9.5738],"faces":{"east":{"uv":[10.008,5.0080004,10.992001,6.625],"tintindex":0,"rotation":0,"texture":"#0"},"south":{"uv":[13.007999,5.0080004,13.992001,6.492],"tintindex":0,"rotation":0,"texture":"#0"},"north":{"uv":[11.007999,5.0080004,11.992001,6.742],"tintindex":0,"rotation":0,"texture":"#0"},"west":{"uv":[12.007999,5.0080004,12.992001,6.492],"tintindex":0,"rotation":0,"texture":"#0"},"up":{"uv":[11.007999,4.0080004,11.992001,4.992],"tintindex":0,"rotation":0,"texture":"#0"},"down":{"uv":[11.742001,4.032,11.032001,4.742],"tintindex":0,"rotation":0,"texture":"#0"}}}],"display":{"head":{"rotation":[0.0,0.0,0.0]},"firstperson_righthand":{"rotation":[0.0,0.0,0.0]},"thirdperson_lefthand":{"rotation":[0.0,-0.0,-0.0]},"firstperson_lefthand":{"rotation":[0.0,-0.0,-0.0]},"fixed":{"rotation":[0.0,0.0,0.0]},"ground":{"rotation":[0.0,0.0,0.0]},"thirdperson_righthand":{"rotation":[0.0,0.0,0.0]},"gui":{"rotation":[-150.0,-45.0,180.0]}}}