{"textures":{"1":"modelengine:entity/gandalf_hat","particle":"#1"},"elements":[{"from":[2.8972402,5.655401,5.8856697],"to":[13.16156,8.5364,10.13729],"faces":{"east":{"uv":[0.032,0.032,3.9366865,2.88],"tintindex":0,"rotation":0,"texture":"#1"},"south":{"uv":[0.032,0.032,9.492001,2.88],"tintindex":0,"rotation":0,"texture":"#1"},"north":{"uv":[0.032,0.032,9.492001,2.88],"tintindex":0,"rotation":0,"texture":"#1"},"west":{"uv":[0.032,0.032,3.9366865,2.88],"tintindex":0,"rotation":0,"texture":"#1"},"up":{"uv":[0.032,0.032,9.492001,3.9366865],"tintindex":0,"rotation":0,"texture":"#1"},"down":{"uv":[0.032,0.032,9.492001,3.9366865],"tintindex":0,"rotation":0,"texture":"#1"}},"rotation":{"origin":[8.014,8.0,7.996],"angle":45.0,"axis":"y"}},{"from":[5.90359,5.655401,2.8793201],"to":[10.1552105,8.5364,13.1436405],"faces":{"east":{"uv":[0.032,0.032,9.492001,2.88],"tintindex":0,"rotation":0,"texture":"#1"},"south":{"uv":[0.032,0.032,3.9366865,2.88],"tintindex":0,"rotation":0,"texture":"#1"},"north":{"uv":[0.032,0.032,3.9366865,2.88],"tintindex":0,"rotation":0,"texture":"#1"},"west":{"uv":[0.032,0.032,9.492001,2.88],"tintindex":0,"rotation":0,"texture":"#1"},"up":{"uv":[0.032,0.032,3.9366865,9.492001],"tintindex":0,"rotation":0,"texture":"#1"},"down":{"uv":[0.032,0.032,3.9366865,9.492001],"tintindex":0,"rotation":0,"texture":"#1"}},"rotation":{"origin":[8.014,8.0,7.996],"angle":45.0,"axis":"y"}},{"from":[5.91002,5.655401,2.8639002],"to":[10.16165,8.5354,13.12822],"faces":{"east":{"uv":[0.032,0.032,9.492001,2.88],"tintindex":0,"rotation":0,"texture":"#1"},"south":{"uv":[0.032,0.032,3.9366865,2.88],"tintindex":0,"rotation":0,"texture":"#1"},"north":{"uv":[0.032,0.032,3.9366865,2.88],"tintindex":0,"rotation":0,"texture":"#1"},"west":{"uv":[0.032,0.032,9.492001,2.88],"tintindex":0,"rotation":0,"texture":"#1"},"up":{"uv":[0.032,0.032,3.9366865,9.492001],"tintindex":0,"rotation":0,"texture":"#1"},"down":{"uv":[0.032,0.032,3.9366865,9.492001],"tintindex":0,"rotation":0,"texture":"#1"}}},{"from":[2.9036798,5.655401,5.8702497],"to":[13.168,8.5354,10.12187],"faces":{"east":{"uv":[0.032,0.032,3.9366865,2.88],"tintindex":0,"rotation":0,"texture":"#1"},"south":{"uv":[0.032,0.032,9.492001,2.88],"tintindex":0,"rotation":0,"texture":"#1"},"north":{"uv":[0.032,0.032,9.492001,2.88],"tintindex":0,"rotation":0,"texture":"#1"},"west":{"uv":[0.032,0.032,3.9366865,2.88],"tintindex":0,"rotation":0,"texture":"#1"},"up":{"uv":[0.032,0.032,9.492001,3.9366865],"tintindex":0,"rotation":0,"texture":"#1"},"down":{"uv":[0.032,0.032,9.492001,3.9366865],"tintindex":0,"rotation":0,"texture":"#1"}}}],"display":{"head":{"rotation":[0.0,0.0,0.0]},"firstperson_righthand":{"rotation":[0.0,0.0,0.0]},"thirdperson_lefthand":{"rotation":[0.0,-0.0,-0.0]},"firstperson_lefthand":{"rotation":[0.0,-0.0,-0.0]},"fixed":{"rotation":[0.0,0.0,0.0]},"ground":{"rotation":[0.0,0.0,0.0]},"thirdperson_righthand":{"rotation":[0.0,0.0,0.0]},"gui":{"rotation":[-150.0,-45.0,180.0]}}}