{"textures":{"0":"modelengine:entity/rosiecottonpmc-18101803","particle":"#0"},"elements":[{"from":[7.2004404,4.8036995,6.977],"to":[8.96044,8.851699,9.045],"faces":{"east":{"uv":[0.5622867,10.25,0.00914,11.678574],"tintindex":0,"rotation":0,"texture":"#0"},"south":{"uv":[0.82142663,10.00914,0.25,11.419428],"tintindex":0,"rotation":0,"texture":"#0"},"north":{"uv":[0.74286,10.00914,0.17142668,11.419428],"tintindex":0,"rotation":0,"texture":"#0"},"west":{"uv":[0.5622867,10.00914,0.00914,11.419428],"tintindex":0,"rotation":0,"texture":"#0"},"down":{"uv":[0.82142663,10.25,0.25,10.821426],"tintindex":0,"rotation":0,"texture":"#0"}}},{"from":[7.1463203,6.02703,6.867],"to":[8.99432,8.887029,9.133],"faces":{"east":{"uv":[7.8571405,5.25,7.0,6.1071405],"tintindex":0,"rotation":0,"texture":"#0"},"south":{"uv":[11.321426,14.00914,10.75,14.848],"tintindex":0,"rotation":0,"texture":"#0"},"north":{"uv":[10.562286,5.0,10.00914,5.8571405],"tintindex":0,"rotation":0,"texture":"#0"},"west":{"uv":[9.821426,13.25,9.25,14.10714],"tintindex":0,"rotation":0,"texture":"#0"},"up":{"uv":[11.821426,4.00914,11.25,4.848],"tintindex":0,"rotation":0,"texture":"#0"}}}],"display":{"head":{"rotation":[0.0,0.0,0.0]},"firstperson_righthand":{"rotation":[0.0,0.0,0.0]},"thirdperson_lefthand":{"rotation":[0.0,-0.0,-0.0]},"firstperson_lefthand":{"rotation":[0.0,-0.0,-0.0]},"fixed":{"rotation":[0.0,0.0,0.0]},"ground":{"rotation":[0.0,0.0,0.0]},"thirdperson_righthand":{"rotation":[0.0,0.0,0.0]},"gui":{"rotation":[-150.0,-45.0,180.0]}}}