{"textures":{"0":"modelengine:entity/rosiecottonpmc-18101803","particle":"#0"},"elements":[{"from":[7.00814,3.39672,8.21702],"to":[8.76814,6.25672,9.97702],"faces":{"east":{"uv":[0.17142668,9.75,0.74286,10.607141],"tintindex":0,"rotation":0,"texture":"#0"},"south":{"uv":[0.17142668,10.00914,0.74286,10.848],"tintindex":0,"rotation":0,"texture":"#0"},"north":{"uv":[0.17142668,11.60714,0.74286,10.75],"tintindex":0,"rotation":0,"texture":"#0"},"west":{"uv":[0.25,10.00914,0.82142663,10.848],"tintindex":0,"rotation":0,"texture":"#0"}}},{"from":[6.90249,5.3767204,7.99049],"to":[9.102489,8.01672,10.19049],"faces":{"east":{"uv":[6.25,13.75,7.0,14.5],"tintindex":0,"rotation":0,"texture":"#0"},"south":{"uv":[6.75,13.75,7.5,14.5],"tintindex":0,"rotation":0,"texture":"#0"},"north":{"uv":[2.5,6.00914,3.25,6.75],"tintindex":0,"rotation":0,"texture":"#0"},"west":{"uv":[6.75,14.25,7.3214264,15.10714],"tintindex":0,"rotation":0,"texture":"#0"},"up":{"uv":[2.25914,5.00914,2.9758067,5.4758067],"tintindex":0,"rotation":0,"texture":"#0"}}}],"display":{"head":{"rotation":[0.0,0.0,0.0]},"firstperson_righthand":{"rotation":[0.0,0.0,0.0]},"thirdperson_lefthand":{"rotation":[0.0,-0.0,-0.0]},"firstperson_lefthand":{"rotation":[0.0,-0.0,-0.0]},"fixed":{"rotation":[0.0,0.0,0.0]},"ground":{"rotation":[0.0,0.0,0.0]},"thirdperson_righthand":{"rotation":[0.0,0.0,0.0]},"gui":{"rotation":[-150.0,-45.0,180.0]}}}