{"textures":{"0":"modelengine:entity/frodo","particle":"#0"},"elements":[{"from":[7.00568,6.02703,6.867],"to":[8.85368,8.887029,9.133],"faces":{"east":{"uv":[9.25,13.25,9.821426,14.10714],"tintindex":0,"rotation":0,"texture":"#0"},"south":{"uv":[10.75,14.00914,11.321426,14.848],"tintindex":0,"rotation":0,"texture":"#0"},"north":{"uv":[10.00914,5.0,10.562286,5.8571405],"tintindex":0,"rotation":0,"texture":"#0"},"west":{"uv":[7.0,5.25,7.8571405,6.1071405],"tintindex":0,"rotation":0,"texture":"#0"},"up":{"uv":[11.25,4.00914,11.821426,4.848],"tintindex":0,"rotation":0,"texture":"#0"}}},{"from":[7.0395603,4.8036995,6.977],"to":[8.79956,8.851699,9.045],"faces":{"east":{"uv":[0.00914,10.00914,0.5622867,11.419428],"tintindex":0,"rotation":0,"texture":"#0"},"south":{"uv":[0.25,10.00914,0.82142663,11.419428],"tintindex":0,"rotation":0,"texture":"#0"},"north":{"uv":[0.17142668,10.00914,0.74286,11.419428],"tintindex":0,"rotation":0,"texture":"#0"},"west":{"uv":[0.00914,10.25,0.5622867,11.678574],"tintindex":0,"rotation":0,"texture":"#0"},"down":{"uv":[0.25,10.25,0.82142663,10.821426],"tintindex":0,"rotation":0,"texture":"#0"}}}],"display":{"head":{"rotation":[0.0,0.0,0.0]},"firstperson_righthand":{"rotation":[0.0,0.0,0.0]},"thirdperson_lefthand":{"rotation":[0.0,-0.0,-0.0]},"firstperson_lefthand":{"rotation":[0.0,-0.0,-0.0]},"fixed":{"rotation":[0.0,0.0,0.0]},"ground":{"rotation":[0.0,0.0,0.0]},"thirdperson_righthand":{"rotation":[0.0,0.0,0.0]},"gui":{"rotation":[-150.0,-45.0,180.0]}}}