{"textures":{"1":"modelengine:entity/c4a028eb-7f54-32d8-9d15-ac7120b5811b","particle":"#1"},"elements":[{"from":[7.925,1.3249998,7.9625],"to":[11.925,8.325,12.0875],"faces":{"east":{"uv":[12.333335,2.666665,13.645335,4.978665],"tintindex":0,"rotation":0,"texture":"#1"},"south":{"uv":[11.333335,9.5,12.489335,11.812],"tintindex":0,"rotation":0,"texture":"#1"},"north":{"uv":[10.0,11.666665,11.156,13.978665],"tintindex":0,"rotation":0,"texture":"#1"},"west":{"uv":[13.833335,5.666665,15.166665,8.0],"tintindex":0,"rotation":0,"texture":"#1"},"up":{"uv":[13.833335,7.989335,12.677335,6.677335],"tintindex":0,"rotation":0,"texture":"#1"}}}],"display":{"head":{"rotation":[0.0,0.0,0.0]},"firstperson_righthand":{"rotation":[0.0,0.0,0.0]},"thirdperson_lefthand":{"rotation":[0.0,-0.0,-0.0]},"firstperson_lefthand":{"rotation":[0.0,-0.0,-0.0]},"fixed":{"rotation":[0.0,0.0,0.0]},"ground":{"rotation":[0.0,0.0,0.0]},"thirdperson_righthand":{"rotation":[0.0,0.0,0.0]},"gui":{"rotation":[-150.0,-45.0,180.0]}}}