{"textures":{"1":"modelengine:entity/c4a028eb-7f54-32d8-9d15-ac7120b5811b","particle":"#1"},"elements":[{"from":[3.9499998,1.9499998,8.0125],"to":[7.95,8.95,11.8875],"faces":{"east":{"uv":[2.666665,12.0,1.333335,14.333335],"tintindex":0,"rotation":0,"texture":"#1"},"south":{"uv":[13.822665,12.333335,12.666665,14.645335],"tintindex":0,"rotation":0,"texture":"#1"},"north":{"uv":[12.489335,12.166665,11.333335,14.478665],"tintindex":0,"rotation":0,"texture":"#1"},"west":{"uv":[13.645335,2.666665,12.333335,4.978665],"tintindex":0,"rotation":0,"texture":"#1"},"up":{"uv":[12.677335,7.989335,13.833335,6.677335],"tintindex":0,"rotation":0,"texture":"#1"}}}],"display":{"head":{"rotation":[0.0,0.0,0.0]},"firstperson_righthand":{"rotation":[0.0,0.0,0.0]},"thirdperson_lefthand":{"rotation":[0.0,-0.0,-0.0]},"firstperson_lefthand":{"rotation":[0.0,-0.0,-0.0]},"fixed":{"rotation":[0.0,0.0,0.0]},"ground":{"rotation":[0.0,0.0,0.0]},"thirdperson_righthand":{"rotation":[0.0,0.0,0.0]},"gui":{"rotation":[-150.0,-45.0,180.0]}}}