{"textures":{"1":"modelengine:entity/c4a028eb-7f54-32d8-9d15-ac7120b5811b","particle":"#1"},"elements":[{"from":[4.4,1.4399896,7.5064783],"to":[8.4,8.43999,11.818978],"faces":{"east":{"uv":[14.166665,5.666665,15.478665,7.978665],"tintindex":0,"rotation":0,"texture":"#1"},"south":{"uv":[10.010665,11.677335,11.166665,13.989335],"tintindex":0,"rotation":0,"texture":"#1"},"north":{"uv":[11.333335,9.5,12.489335,11.812],"tintindex":0,"rotation":0,"texture":"#1"},"west":{"uv":[11.666665,3.0,13.156,5.312],"tintindex":0,"rotation":0,"texture":"#1"},"up":{"uv":[13.5,2.5,12.344,1.010665],"tintindex":0,"rotation":0,"texture":"#1"}}}],"display":{"head":{"rotation":[-2.5,0.0,0.0]},"firstperson_righthand":{"rotation":[-2.5,0.0,0.0]},"thirdperson_lefthand":{"rotation":[-2.5,-0.0,-0.0]},"firstperson_lefthand":{"rotation":[-2.5,-0.0,-0.0]},"fixed":{"rotation":[-2.5,0.0,0.0]},"ground":{"rotation":[-2.5,0.0,0.0]},"thirdperson_righthand":{"rotation":[-2.5,0.0,0.0]},"gui":{"rotation":[-146.4667,-44.94549,-177.50238]}}}