{"textures":{"0":"modelengine:entity/aab4b125-bca4-37f9-ad4f-e7920863a1ed","1":"modelengine:entity/c4a028eb-7f54-32d8-9d15-ac7120b5811b","particle":"#0"},"elements":[{"from":[6.38963,2.1714497,6.03589],"to":[9.56963,8.531448,9.58689],"faces":{"east":{"uv":[10.677335,2.344,11.833335,4.5],"tintindex":0,"rotation":0,"texture":"#0"},"south":{"uv":[13.333335,9.333335,14.312,11.489335],"tintindex":0,"rotation":0,"texture":"#0"},"north":{"uv":[13.333335,9.333335,14.312,11.489335],"tintindex":0,"rotation":0,"texture":"#0"},"west":{"uv":[10.677335,2.344,11.833335,4.5],"tintindex":0,"rotation":0,"texture":"#0"},"up":{"uv":[13.978665,6.656,13.0,5.5],"tintindex":0,"rotation":0,"texture":"#0"},"down":{"uv":[14.322665,10.5,13.344,11.5],"tintindex":0,"rotation":0,"texture":"#0"}}},{"from":[6.1625,4.3652096,5.7334404],"to":[8.6625,9.86521,9.73344],"faces":{"south":{"uv":[5.5,13.010665,6.322665,14.833335],"tintindex":0,"rotation":0,"texture":"#1"},"north":{"uv":[12.677335,9.344,13.5,11.166665],"tintindex":0,"rotation":0,"texture":"#1"},"west":{"uv":[1.344,12.010665,2.656,13.833335],"tintindex":0,"rotation":0,"texture":"#1"},"down":{"uv":[10.156,8.5,9.333335,9.812],"tintindex":0,"rotation":0,"texture":"#1"}}}],"display":{"head":{"rotation":[0.0,0.0,0.0]},"firstperson_righthand":{"rotation":[0.0,0.0,0.0]},"thirdperson_lefthand":{"rotation":[0.0,-0.0,-0.0]},"firstperson_lefthand":{"rotation":[0.0,-0.0,-0.0]},"fixed":{"rotation":[0.0,0.0,0.0]},"ground":{"rotation":[0.0,0.0,0.0]},"thirdperson_righthand":{"rotation":[0.0,0.0,0.0]},"gui":{"rotation":[-150.0,-45.0,180.0]}}}