{"textures":{"0":"modelengine:entity/aab4b125-bca4-37f9-ad4f-e7920863a1ed","1":"modelengine:entity/c4a028eb-7f54-32d8-9d15-ac7120b5811b","particle":"#1"},"elements":[{"from":[-4.0283394,1.6378899,5.71789],"to":[-1.5283403,5.13789,10.46789],"faces":{"east":{"uv":[3.0,9.166665,4.645335,9.989335],"tintindex":0,"rotation":0,"texture":"#1"},"south":{"uv":[14.166665,9.0,15.333335,9.833335],"tintindex":0,"rotation":270,"texture":"#1"},"north":{"uv":[14.666665,9.166665,15.5,10.333335],"tintindex":0,"rotation":0,"texture":"#1"},"west":{"uv":[13.833335,1.0,15.166665,2.166665],"tintindex":0,"rotation":0,"texture":"#1"},"up":{"uv":[14.5,3.656,13.677335,2.010665],"tintindex":0,"rotation":0,"texture":"#1"},"down":{"uv":[9.156,6.0,8.333335,7.645335],"tintindex":0,"rotation":0,"texture":"#1"}},"rotation":{"origin":[12.284161,-16.54961,8.15539],"angle":-22.5,"axis":"z"}},{"from":[5.68668,8.366961,5.14289],"to":[8.43668,10.366961,11.14289],"faces":{"east":{"uv":[3.989335,15.989335,3.344,14.010665],"tintindex":0,"rotation":90,"texture":"#1"},"south":{"uv":[3.344,15.010665,3.989335,15.989335],"tintindex":0,"rotation":90,"texture":"#1"},"north":{"uv":[7.677335,11.010665,8.322665,11.989335],"tintindex":0,"rotation":270,"texture":"#1"},"west":{"uv":[3.989335,14.010665,3.344,15.989335],"tintindex":0,"rotation":90,"texture":"#1"},"up":{"uv":[0.344,11.010665,2.322665,11.989335],"tintindex":0,"rotation":90,"texture":"#1"},"down":{"uv":[0.5,11.010665,2.5,11.989335],"tintindex":0,"rotation":90,"texture":"#1"}},"rotation":{"origin":[7.06168,9.366961,8.44289],"angle":22.5,"axis":"z"}},{"from":[4.97166,5.63789,5.96789],"to":[7.47166,8.13789,9.96789],"faces":{"east":{"uv":[3.0,9.166665,4.645335,9.989335],"tintindex":0,"rotation":0,"texture":"#1"},"south":{"uv":[14.677335,9.010665,15.5,9.833335],"tintindex":0,"rotation":270,"texture":"#1"},"north":{"uv":[14.677335,9.010665,15.5,9.833335],"tintindex":0,"rotation":0,"texture":"#1"},"west":{"uv":[13.666665,1.0,15.333335,1.833335],"tintindex":0,"rotation":0,"texture":"#1"},"up":{"uv":[14.5,3.656,13.677335,2.010665],"tintindex":0,"rotation":0,"texture":"#1"},"down":{"uv":[5.989335,9.333335,5.166665,10.978665],"tintindex":0,"rotation":0,"texture":"#1"}}},{"from":[5.90916,5.4753895,6.03039],"to":[8.40916,7.9753895,10.03039],"faces":{"east":{"uv":[13.5,2.666665,15.166665,3.5],"tintindex":0,"rotation":180,"texture":"#1"},"south":{"uv":[14.677335,9.010665,15.5,9.833335],"tintindex":0,"rotation":90,"texture":"#1"},"north":{"uv":[14.666665,9.166665,15.489335,9.989335],"tintindex":0,"rotation":180,"texture":"#1"},"west":{"uv":[3.0,9.166665,4.645335,9.989335],"tintindex":0,"rotation":180,"texture":"#1"},"up":{"uv":[2.656,6.166665,1.833335,7.812],"tintindex":0,"rotation":180,"texture":"#1"},"down":{"uv":[14.5,3.656,13.677335,2.010665],"tintindex":0,"rotation":180,"texture":"#1"}}},{"from":[5.29115,2.7535305,6.22967],"to":[8.471149,9.113529,9.78067],"faces":{"east":{"uv":[10.344,7.010665,11.5,9.166665],"tintindex":0,"rotation":0,"texture":"#0"},"south":{"uv":[13.010665,4.677335,13.989335,6.833335],"tintindex":0,"rotation":0,"texture":"#0"},"north":{"uv":[13.344,0.010665,14.322665,2.166665],"tintindex":0,"rotation":0,"texture":"#0"},"west":{"uv":[10.344,7.010665,11.5,9.166665],"tintindex":0,"rotation":0,"texture":"#0"},"up":{"uv":[15.322665,12.5,14.344,11.344],"tintindex":0,"rotation":0,"texture":"#0"},"down":{"uv":[15.322665,12.677335,14.344,13.833335],"tintindex":0,"rotation":0,"texture":"#0"}}},{"from":[5.93416,3.4503899,5.96789],"to":[8.43416,5.95039,9.96789],"faces":{"east":{"uv":[14.5,3.656,13.677335,2.010665],"tintindex":0,"rotation":90,"texture":"#1"},"south":{"uv":[14.677335,9.010665,15.5,9.833335],"tintindex":0,"rotation":0,"texture":"#1"},"north":{"uv":[14.677335,9.010665,15.5,9.833335],"tintindex":0,"rotation":270,"texture":"#1"},"west":{"uv":[4.489335,8.833335,3.666665,10.478665],"tintindex":0,"rotation":90,"texture":"#1"},"up":{"uv":[13.5,2.666665,15.166665,3.5],"tintindex":0,"rotation":90,"texture":"#1"},"down":{"uv":[3.0,9.166665,4.645335,9.989335],"tintindex":0,"rotation":90,"texture":"#1"}}}],"display":{"head":{"rotation":[0.0,0.0,0.0]},"firstperson_righthand":{"rotation":[0.0,0.0,0.0]},"thirdperson_lefthand":{"rotation":[0.0,-0.0,-0.0]},"firstperson_lefthand":{"rotation":[0.0,-0.0,-0.0]},"fixed":{"rotation":[0.0,0.0,0.0]},"ground":{"rotation":[0.0,0.0,0.0]},"thirdperson_righthand":{"rotation":[0.0,0.0,0.0]},"gui":{"rotation":[-150.0,-45.0,180.0]}}}