{"textures":{"0":"modelengine:entity/aab4b125-bca4-37f9-ad4f-e7920863a1ed","particle":"#0"},"elements":[{"from":[6.09,2.0,6.1715],"to":[9.694,8.360001,9.7225],"faces":{"east":{"uv":[11.677335,7.010665,12.833335,9.166665],"tintindex":0,"rotation":0,"texture":"#0"},"south":{"uv":[11.677335,4.677335,12.833335,6.833335],"tintindex":0,"rotation":0,"texture":"#0"},"north":{"uv":[11.677335,4.677335,12.833335,6.833335],"tintindex":0,"rotation":0,"texture":"#0"},"west":{"uv":[11.666665,7.0,12.822665,9.156],"tintindex":0,"rotation":0,"texture":"#0"},"up":{"uv":[15.166665,15.166665,14.010665,14.010665],"tintindex":0,"rotation":0,"texture":"#0"},"down":{"uv":[12.833335,7.5,11.666665,8.5],"tintindex":0,"rotation":0,"texture":"#0"}}}],"display":{"head":{"rotation":[0.0,0.0,0.0]},"firstperson_righthand":{"rotation":[0.0,0.0,0.0]},"thirdperson_lefthand":{"rotation":[0.0,-0.0,-0.0]},"firstperson_lefthand":{"rotation":[0.0,-0.0,-0.0]},"fixed":{"rotation":[0.0,0.0,0.0]},"ground":{"rotation":[0.0,0.0,0.0]},"thirdperson_righthand":{"rotation":[0.0,0.0,0.0]},"gui":{"rotation":[-150.0,-45.0,180.0]}}}