{"textures":{"0":"modelengine:entity/aab4b125-bca4-37f9-ad4f-e7920863a1ed","particle":"#0"},"elements":[{"from":[6.09,2.3600001,6.1715],"to":[9.694,10.72,9.7225],"faces":{"east":{"uv":[10.344,7.010665,11.5,9.166665],"tintindex":0,"rotation":0,"texture":"#0"},"south":{"uv":[2.677335,10.010665,3.833335,12.166665],"tintindex":0,"rotation":0,"texture":"#0"},"north":{"uv":[2.677335,10.010665,3.833335,12.166665],"tintindex":0,"rotation":0,"texture":"#0"},"west":{"uv":[10.344,7.010665,11.5,9.166665],"tintindex":0,"rotation":0,"texture":"#0"},"up":{"uv":[12.5,15.166665,11.344,14.010665],"tintindex":0,"rotation":0,"texture":"#0"},"down":{"uv":[13.833335,14.010665,12.677335,15.166665],"tintindex":0,"rotation":0,"texture":"#0"}}}],"display":{"head":{"rotation":[0.0,0.0,0.0]},"firstperson_righthand":{"rotation":[0.0,0.0,0.0]},"thirdperson_lefthand":{"rotation":[0.0,-0.0,-0.0]},"firstperson_lefthand":{"rotation":[0.0,-0.0,-0.0]},"fixed":{"rotation":[0.0,0.0,0.0]},"ground":{"rotation":[0.0,0.0,0.0]},"thirdperson_righthand":{"rotation":[0.0,0.0,0.0]},"gui":{"rotation":[-150.0,-45.0,180.0]}}}