{"textures":{"0":"modelengine:entity/aab4b125-bca4-37f9-ad4f-e7920863a1ed","1":"modelengine:entity/c4a028eb-7f54-32d8-9d15-ac7120b5811b","particle":"#1"},"elements":[{"from":[8.05,5.75,5.175],"to":[10.55,8.25,9.175],"faces":{"east":{"uv":[15.333335,1.0,13.666665,1.833335],"tintindex":0,"rotation":0,"texture":"#1"},"south":{"uv":[14.677335,9.833335,15.5,9.010665],"tintindex":0,"rotation":270,"texture":"#1"},"north":{"uv":[15.5,9.010665,14.677335,9.833335],"tintindex":0,"rotation":0,"texture":"#1"},"west":{"uv":[4.645335,9.166665,3.0,9.989335],"tintindex":0,"rotation":0,"texture":"#1"},"up":{"uv":[13.677335,3.656,14.5,2.010665],"tintindex":0,"rotation":0,"texture":"#1"},"down":{"uv":[3.833335,9.333335,4.656,10.978665],"tintindex":0,"rotation":0,"texture":"#1"}}},{"from":[7.425,5.6875,5.2375],"to":[9.925,8.1875,9.2375],"faces":{"east":{"uv":[4.645335,9.166665,3.0,9.989335],"tintindex":0,"rotation":180,"texture":"#1"},"south":{"uv":[14.677335,9.833335,15.5,9.010665],"tintindex":0,"rotation":90,"texture":"#1"},"north":{"uv":[15.489335,9.166665,14.666665,9.989335],"tintindex":0,"rotation":180,"texture":"#1"},"west":{"uv":[15.166665,2.666665,13.5,3.5],"tintindex":0,"rotation":180,"texture":"#1"},"up":{"uv":[1.833335,6.166665,2.656,7.812],"tintindex":0,"rotation":180,"texture":"#1"},"down":{"uv":[13.677335,3.656,14.5,2.010665],"tintindex":0,"rotation":180,"texture":"#1"}}},{"from":[17.1125,1.75,4.925],"to":[19.6125,5.25,9.675],"faces":{"east":{"uv":[15.166665,1.0,13.833335,2.166665],"tintindex":0,"rotation":0,"texture":"#1"},"south":{"uv":[14.166665,9.833335,15.333335,9.0],"tintindex":0,"rotation":270,"texture":"#1"},"north":{"uv":[15.5,9.166665,14.666665,10.333335],"tintindex":0,"rotation":0,"texture":"#1"},"west":{"uv":[4.645335,9.166665,3.0,9.989335],"tintindex":0,"rotation":0,"texture":"#1"},"up":{"uv":[13.677335,3.656,14.5,2.010665],"tintindex":0,"rotation":0,"texture":"#1"},"down":{"uv":[8.333335,6.0,9.156,7.645335],"tintindex":0,"rotation":0,"texture":"#1"}},"rotation":{"origin":[3.3000002,-16.4375,7.3625],"angle":22.5,"axis":"z"}},{"from":[7.3,3.5625,5.175],"to":[9.8,6.0625,9.175],"faces":{"east":{"uv":[4.156,10.478665,3.333335,8.833335],"tintindex":0,"rotation":90,"texture":"#1"},"south":{"uv":[15.5,9.010665,14.677335,9.833335],"tintindex":0,"rotation":0,"texture":"#1"},"north":{"uv":[14.677335,9.833335,15.5,9.010665],"tintindex":0,"rotation":270,"texture":"#1"},"west":{"uv":[14.5,2.010665,13.677335,3.656],"tintindex":0,"rotation":90,"texture":"#1"},"up":{"uv":[13.5,3.5,15.166665,2.666665],"tintindex":0,"rotation":90,"texture":"#1"},"down":{"uv":[3.0,9.989335,4.645335,9.166665],"tintindex":0,"rotation":90,"texture":"#1"}}},{"from":[6.87825,2.8159294,5.4700203],"to":[10.05825,9.17593,8.9680195],"faces":{"east":{"uv":[10.333335,7.0,11.489335,9.156],"tintindex":0,"rotation":0,"texture":"#0"},"south":{"uv":[13.010665,7.010665,13.989335,9.166665],"tintindex":0,"rotation":0,"texture":"#0"},"north":{"uv":[2.833335,10.0,3.812,12.156],"tintindex":0,"rotation":0,"texture":"#0"},"west":{"uv":[2.677335,10.010665,3.833335,12.166665],"tintindex":0,"rotation":0,"texture":"#0"},"up":{"uv":[15.322665,2.5,14.344,1.344],"tintindex":0,"rotation":0,"texture":"#0"},"down":{"uv":[15.322665,2.677335,14.344,3.833335],"tintindex":0,"rotation":0,"texture":"#0"}}}],"display":{"head":{"rotation":[0.0,0.0,0.0]},"firstperson_righthand":{"rotation":[0.0,0.0,0.0]},"thirdperson_lefthand":{"rotation":[0.0,-0.0,-0.0]},"firstperson_lefthand":{"rotation":[0.0,-0.0,-0.0]},"fixed":{"rotation":[0.0,0.0,0.0]},"ground":{"rotation":[0.0,0.0,0.0]},"thirdperson_righthand":{"rotation":[0.0,0.0,0.0]},"gui":{"rotation":[-150.0,-45.0,180.0]}}}