{"textures":{"0":"modelengine:entity/aab4b125-bca4-37f9-ad4f-e7920863a1ed","particle":"#0"},"elements":[{"from":[6.206,2.3600001,6.41],"to":[9.81,10.72,9.961],"faces":{"east":{"uv":[10.344,6.833335,11.5,8.989335],"tintindex":0,"rotation":0,"texture":"#0"},"south":{"uv":[2.677335,10.010665,3.833335,12.166665],"tintindex":0,"rotation":0,"texture":"#0"},"north":{"uv":[3.833335,10.010665,2.677335,12.166665],"tintindex":0,"rotation":0,"texture":"#0"},"west":{"uv":[10.344,7.010665,11.5,9.166665],"tintindex":0,"rotation":0,"texture":"#0"},"up":{"uv":[15.166665,5.833335,14.010665,4.677335],"tintindex":0,"rotation":0,"texture":"#0"},"down":{"uv":[15.166665,6.010665,14.010665,7.166665],"tintindex":0,"rotation":0,"texture":"#0"}}}],"display":{"head":{"rotation":[0.0,0.0,0.0]},"firstperson_righthand":{"rotation":[0.0,0.0,0.0]},"thirdperson_lefthand":{"rotation":[0.0,-0.0,-0.0]},"firstperson_lefthand":{"rotation":[0.0,-0.0,-0.0]},"fixed":{"rotation":[0.0,0.0,0.0]},"ground":{"rotation":[0.0,0.0,0.0]},"thirdperson_righthand":{"rotation":[0.0,0.0,0.0]},"gui":{"rotation":[-150.0,-45.0,180.0]}}}