{"textures":{"0":"modelengine:entity/aab4b125-bca4-37f9-ad4f-e7920863a1ed","particle":"#0"},"elements":[{"from":[6.1435,2.039269,6.4314966],"to":[9.7475,8.399269,9.982496],"faces":{"east":{"uv":[11.666665,7.0,12.822665,9.156],"tintindex":0,"rotation":0,"texture":"#0"},"south":{"uv":[9.0,4.666665,10.156,6.822665],"tintindex":0,"rotation":0,"texture":"#0"},"north":{"uv":[11.666665,4.666665,12.822665,6.822665],"tintindex":0,"rotation":0,"texture":"#0"},"west":{"uv":[11.666665,4.666665,12.822665,6.822665],"tintindex":0,"rotation":0,"texture":"#0"},"up":{"uv":[11.5,8.989335,10.344,7.833335],"tintindex":0,"rotation":0,"texture":"#0"},"down":{"uv":[12.833335,5.333335,11.666665,6.333335],"tintindex":0,"rotation":0,"texture":"#0"}}}],"display":{"head":{"rotation":[5.0,0.0,-0.0]},"firstperson_righthand":{"rotation":[5.0,0.0,-0.0]},"thirdperson_lefthand":{"rotation":[5.0,-0.0,0.0]},"firstperson_lefthand":{"rotation":[5.0,-0.0,0.0]},"fixed":{"rotation":[5.0,0.0,-0.0]},"ground":{"rotation":[5.0,0.0,-0.0]},"thirdperson_righthand":{"rotation":[5.0,0.0,-0.0]},"gui":{"rotation":[-157.05322,-44.782387,175.01894]}}}