{"textures":{"0":"modelengine:entity/aab4b125-bca4-37f9-ad4f-e7920863a1ed","1":"modelengine:entity/c4a028eb-7f54-32d8-9d15-ac7120b5811b","particle":"#0"},"elements":[{"from":[7.01287,2.6129503,6.5334396],"to":[10.192869,8.97295,10.03144],"faces":{"east":{"uv":[10.333335,4.833335,11.489335,6.989335],"tintindex":0,"rotation":0,"texture":"#0"},"south":{"uv":[8.010665,13.010665,8.989335,15.166665],"tintindex":0,"rotation":0,"texture":"#0"},"north":{"uv":[8.010665,13.010665,8.989335,15.166665],"tintindex":0,"rotation":0,"texture":"#0"},"west":{"uv":[10.344,4.677335,11.5,6.833335],"tintindex":0,"rotation":0,"texture":"#0"},"up":{"uv":[13.978665,8.822665,13.0,7.666665],"tintindex":0,"rotation":0,"texture":"#0"},"down":{"uv":[14.322665,10.5,13.344,11.5],"tintindex":0,"rotation":0,"texture":"#0"}}},{"from":[8.114309,4.83428,6.2122602],"to":[10.614309,10.33428,10.21226],"faces":{"east":{"uv":[1.344,12.010665,2.656,13.833335],"tintindex":0,"rotation":0,"texture":"#1"},"south":{"uv":[12.677335,9.344,13.5,11.166665],"tintindex":0,"rotation":0,"texture":"#1"},"north":{"uv":[5.344,13.010665,6.166665,14.833335],"tintindex":0,"rotation":0,"texture":"#1"},"down":{"uv":[10.322665,8.666665,9.5,9.978665],"tintindex":0,"rotation":0,"texture":"#1"}}}],"display":{"head":{"rotation":[0.0,0.0,0.0]},"firstperson_righthand":{"rotation":[0.0,0.0,0.0]},"thirdperson_lefthand":{"rotation":[0.0,-0.0,-0.0]},"firstperson_lefthand":{"rotation":[0.0,-0.0,-0.0]},"fixed":{"rotation":[0.0,0.0,0.0]},"ground":{"rotation":[0.0,0.0,0.0]},"thirdperson_righthand":{"rotation":[0.0,0.0,0.0]},"gui":{"rotation":[-150.0,-45.0,180.0]}}}