{"textures":{"0":"modelengine:entity/022bc3a3-ccb0-3e20-acc9-3135d0be479b","1":"modelengine:entity/25db90d6-8f42-3643-aae9-d4effe4aa5af","particle":"#1"},"elements":[{"from":[21.7111,6.1613407,5.4089403],"to":[23.591099,8.511339,10.36577],"faces":{"east":{"uv":[1.333335,3.703705,2.351665,4.82648],"tintindex":0,"rotation":0,"texture":"#1"},"south":{"uv":[0.333335,9.0,1.0,9.833335],"tintindex":0,"rotation":0,"texture":"#1"},"north":{"uv":[1.0,9.0,0.333335,9.833335],"tintindex":0,"rotation":0,"texture":"#1"},"west":{"uv":[2.333335,11.166665,4.232915,12.0],"tintindex":0,"rotation":0,"texture":"#1"},"up":{"uv":[0.333335,10.666665,1.0,12.56625],"tintindex":0,"rotation":0,"texture":"#1"}},"rotation":{"origin":[12.37808,-10.95019,7.80452],"angle":45.0,"axis":"z"}},{"from":[5.5,3.5317192,6.09823],"to":[9.0,9.531719,9.59823],"faces":{"east":{"uv":[8.0,8.25,9.166665,10.25],"tintindex":0,"rotation":0,"texture":"#0"},"south":{"uv":[8.25,8.0,10.0,11.0],"tintindex":0,"rotation":0,"texture":"#0"},"north":{"uv":[7.75,8.0,9.5,11.0],"tintindex":0,"rotation":0,"texture":"#0"},"west":{"uv":[8.5,8.0,10.25,11.0],"tintindex":0,"rotation":0,"texture":"#0"},"up":{"uv":[3.555555,3.88889,4.333335,5.22222],"tintindex":0,"rotation":0,"texture":"#0"},"down":{"uv":[5.25,12.75,6.416665,13.916665],"tintindex":0,"rotation":0,"texture":"#0"}}},{"from":[5.0711493,7.86059,5.5746202],"to":[7.4211497,9.34109,10.20009],"faces":{"south":{"uv":[0.333335,9.0,0.858335,9.833335],"tintindex":0,"rotation":270,"texture":"#1"},"north":{"uv":[0.858335,10.666665,0.333335,11.5],"tintindex":0,"rotation":90,"texture":"#1"},"west":{"uv":[0.333335,10.166665,0.858335,11.94875],"tintindex":0,"rotation":270,"texture":"#1"},"up":{"uv":[1.25926,4.37037,2.277595,5.49315],"tintindex":0,"rotation":270,"texture":"#1"},"down":{"uv":[4.333335,4.5,6.115415,5.333335],"tintindex":0,"rotation":270,"texture":"#1"}},"rotation":{"origin":[6.41065,8.26009,7.88736],"angle":-22.5,"axis":"z"}},{"from":[15.2909,8.98604,5.24327],"to":[17.1709,11.3360405,10.48327],"faces":{"east":{"uv":[4.333335,4.333335,6.333335,5.166665],"tintindex":0,"rotation":0,"texture":"#1"},"south":{"uv":[0.333335,14.666665,1.0,15.5],"tintindex":0,"rotation":0,"texture":"#1"},"north":{"uv":[1.0,10.833335,0.333335,11.666665],"tintindex":0,"rotation":0,"texture":"#1"},"west":{"uv":[4.333335,3.833335,6.333335,4.666665],"tintindex":0,"rotation":0,"texture":"#1"},"up":{"uv":[0.333335,11.833335,1.0,13.833335],"tintindex":0,"rotation":0,"texture":"#1"}},"rotation":{"origin":[12.37808,-10.95019,7.80452],"angle":22.5,"axis":"z"}},{"from":[17.1709,9.221041,4.7732697],"to":[17.1709,12.276039,10.95327],"faces":{"east":{"uv":[2.0,0.666665,3.0,2.666665],"tintindex":0,"rotation":90,"texture":"#1"},"south":{"uv":[0.14815,6.51852,0.444445,6.88889],"tintindex":0,"rotation":0,"texture":"#1"},"west":{"uv":[2.0,2.666665,3.0,0.666665],"tintindex":0,"rotation":90,"texture":"#1"},"up":{"uv":[0.14815,5.62963,0.444445,6.51852],"tintindex":0,"rotation":0,"texture":"#1"}},"rotation":{"origin":[12.37808,-10.95019,7.80452],"angle":22.5,"axis":"z"}},{"from":[5.303151,6.5960903,5.73912],"to":[7.37115,8.47609,10.03559],"faces":{"south":{"uv":[0.333335,9.0,1.0,9.733335],"tintindex":0,"rotation":270,"texture":"#1"},"north":{"uv":[6.333335,9.0,7.0,9.733335],"tintindex":0,"rotation":90,"texture":"#1"},"west":{"uv":[0.333335,9.5,1.0,11.165415],"tintindex":0,"rotation":270,"texture":"#1"},"up":{"uv":[1.25926,4.37037,2.277595,5.49315],"tintindex":0,"rotation":270,"texture":"#1"},"down":{"uv":[0.296295,2.074075,0.592595,2.962965],"tintindex":0,"rotation":270,"texture":"#1"}}}],"display":{"head":{"rotation":[0.0,0.0,0.0]},"firstperson_righthand":{"rotation":[0.0,0.0,0.0]},"thirdperson_lefthand":{"rotation":[0.0,-0.0,-0.0]},"firstperson_lefthand":{"rotation":[0.0,-0.0,-0.0]},"fixed":{"rotation":[0.0,0.0,0.0]},"ground":{"rotation":[0.0,0.0,0.0]},"thirdperson_righthand":{"rotation":[0.0,0.0,0.0]},"gui":{"rotation":[-150.0,-45.0,180.0]}}}