{"textures":{"0":"modelengine:entity/9b2c604489ec073f","particle":"#0"},"elements":[{"from":[5.58,8.181559,5.58],"to":[10.42,13.021559,10.42],"faces":{"east":{"uv":[0.0,2.0,1.9910734,3.9910734],"tintindex":0,"rotation":0,"texture":"#0"},"south":{"uv":[6.0,2.0,7.9910736,3.9910734],"tintindex":0,"rotation":0,"texture":"#0"},"north":{"uv":[2.00914,2.0,3.99086,3.99086],"tintindex":0,"rotation":0,"texture":"#0"},"west":{"uv":[4.0,2.0,5.9910736,3.9910734],"tintindex":0,"rotation":0,"texture":"#0"},"up":{"uv":[2.0,0.0,3.9910734,1.9910734],"tintindex":0,"rotation":0,"texture":"#0"},"down":{"uv":[4.0,0.0,5.9910736,1.9910734],"tintindex":0,"rotation":0,"texture":"#0"}}},{"from":[5.3380003,7.93956,5.3622],"to":[10.662001,13.21516,10.6136],"faces":{"east":{"uv":[9.25,2.25,10.800001,3.80714],"tintindex":0,"rotation":0,"texture":"#0"},"south":{"uv":[12.25,2.25,13.821426,3.80714],"tintindex":0,"rotation":0,"texture":"#0"},"north":{"uv":[10.00914,2.5,11.705141,3.9285734],"tintindex":0,"rotation":0,"texture":"#0"},"west":{"uv":[11.0,2.25,12.550001,3.80714],"tintindex":0,"rotation":0,"texture":"#0"},"up":{"uv":[10.25,0.25,11.821426,1.8000001],"tintindex":0,"rotation":0,"texture":"#0"}}}],"display":{"head":{"rotation":[0.0,0.0,0.0]},"firstperson_righthand":{"rotation":[0.0,0.0,0.0]},"thirdperson_lefthand":{"rotation":[0.0,-0.0,-0.0]},"firstperson_lefthand":{"rotation":[0.0,-0.0,-0.0]},"fixed":{"rotation":[0.0,0.0,0.0]},"ground":{"rotation":[0.0,0.0,0.0]},"thirdperson_righthand":{"rotation":[0.0,0.0,0.0]},"gui":{"rotation":[-150.0,-45.0,180.0]}}}