{"textures":{"0":"modelengine:entity/8cd3584a-c6dc-3052-a1c4-85ddaa776035","particle":"#0"},"elements":[{"from":[4.25,19.66573,6.5369],"to":[5.875,20.16573,8.9744],"faces":{"east":{"uv":[3.333335,13.833335,4.666665,14.166665],"tintindex":0,"rotation":0,"texture":"#0"},"south":{"uv":[13.5,7.333335,12.333335,7.666665],"tintindex":0,"rotation":0,"texture":"#0"},"north":{"uv":[12.333335,7.333335,13.5,7.666665],"tintindex":0,"rotation":0,"texture":"#0"},"west":{"uv":[14.166665,7.166665,15.5,7.5],"tintindex":0,"rotation":0,"texture":"#0"},"up":{"uv":[11.0,9.166665,9.833335,7.833335],"tintindex":0,"rotation":0,"texture":"#0"},"down":{"uv":[15.333335,4.5,14.166665,5.833335],"tintindex":0,"rotation":0,"texture":"#0"}}}],"display":{"head":{"rotation":[0.0,0.0,0.0]},"firstperson_righthand":{"rotation":[0.0,0.0,0.0]},"thirdperson_lefthand":{"rotation":[0.0,-0.0,-0.0]},"firstperson_lefthand":{"rotation":[0.0,-0.0,-0.0]},"fixed":{"rotation":[0.0,0.0,0.0]},"ground":{"rotation":[0.0,0.0,0.0]},"thirdperson_righthand":{"rotation":[0.0,0.0,0.0]},"gui":{"rotation":[-150.0,-45.0,180.0]}}}