{"textures":{"0":"modelengine:entity/8cd3584a-c6dc-3052-a1c4-85ddaa776035","particle":"#0"},"elements":[{"from":[7.1792,3.0517,5.65912],"to":[10.8042,10.3017,9.784121],"faces":{"east":{"uv":[8.0,13.166665,6.5,15.666665],"tintindex":0,"rotation":0,"texture":"#0"},"south":{"uv":[4.333335,6.666665,5.5,9.166665],"tintindex":0,"rotation":0,"texture":"#0"},"north":{"uv":[5.5,6.666665,4.333335,9.166665],"tintindex":0,"rotation":0,"texture":"#0"},"west":{"uv":[7.833335,5.333335,6.333335,7.833335],"tintindex":0,"rotation":0,"texture":"#0"},"up":{"uv":[14.0,9.666665,15.166665,8.166665],"tintindex":0,"rotation":0,"texture":"#0"},"down":{"uv":[10.333335,13.166665,11.5,14.666665],"tintindex":0,"rotation":0,"texture":"#0"}}},{"from":[7.1167,4.8017,5.59662],"to":[10.8042,12.0517,9.846621],"faces":{"east":{"uv":[8.0,13.166665,6.5,15.666665],"tintindex":0,"rotation":0,"texture":"#0"},"south":{"uv":[4.333335,6.666665,5.5,9.166665],"tintindex":0,"rotation":0,"texture":"#0"},"north":{"uv":[5.5,6.666665,4.333335,9.166665],"tintindex":0,"rotation":0,"texture":"#0"},"west":{"uv":[7.833335,5.333335,6.333335,7.833335],"tintindex":0,"rotation":0,"texture":"#0"},"up":{"uv":[14.0,9.666665,15.166665,8.166665],"tintindex":0,"rotation":0,"texture":"#0"},"down":{"uv":[10.333335,13.166665,11.5,14.666665],"tintindex":0,"rotation":0,"texture":"#0"}}},{"from":[7.0542,6.5517,5.53412],"to":[10.5542,13.8017,10.034121],"faces":{"east":{"uv":[8.0,13.166665,6.5,15.666665],"tintindex":0,"rotation":0,"texture":"#0"},"south":{"uv":[4.333335,6.666665,5.5,9.166665],"tintindex":0,"rotation":0,"texture":"#0"},"north":{"uv":[5.5,6.666665,4.333335,9.166665],"tintindex":0,"rotation":0,"texture":"#0"},"west":{"uv":[7.833335,5.333335,6.333335,7.833335],"tintindex":0,"rotation":0,"texture":"#0"},"up":{"uv":[14.333335,8.333335,15.5,6.833335],"tintindex":0,"rotation":0,"texture":"#0"},"down":{"uv":[10.333335,13.166665,11.5,14.666665],"tintindex":0,"rotation":0,"texture":"#0"}}}],"display":{"head":{"rotation":[0.0,0.0,0.0]},"firstperson_righthand":{"rotation":[0.0,0.0,0.0]},"thirdperson_lefthand":{"rotation":[0.0,-0.0,-0.0]},"firstperson_lefthand":{"rotation":[0.0,-0.0,-0.0]},"fixed":{"rotation":[0.0,0.0,0.0]},"ground":{"rotation":[0.0,0.0,0.0]},"thirdperson_righthand":{"rotation":[0.0,0.0,0.0]},"gui":{"rotation":[-150.0,-45.0,180.0]}}}