{"textures":{"0":"modelengine:entity/8cd3584a-c6dc-3052-a1c4-85ddaa776035","particle":"#0"},"elements":[{"from":[5.1958,4.8017,5.59662],"to":[8.8833,12.0517,9.846621],"faces":{"east":{"uv":[6.333335,5.333335,7.833335,7.833335],"tintindex":0,"rotation":0,"texture":"#0"},"south":{"uv":[5.5,6.666665,4.333335,9.166665],"tintindex":0,"rotation":0,"texture":"#0"},"north":{"uv":[4.333335,6.666665,5.5,9.166665],"tintindex":0,"rotation":0,"texture":"#0"},"west":{"uv":[6.5,13.166665,8.0,15.666665],"tintindex":0,"rotation":0,"texture":"#0"},"up":{"uv":[15.166665,9.666665,14.0,8.166665],"tintindex":0,"rotation":0,"texture":"#0"},"down":{"uv":[11.5,13.166665,10.333335,14.666665],"tintindex":0,"rotation":0,"texture":"#0"}}},{"from":[5.4458,6.5517,5.53412],"to":[8.9458,13.8017,10.034121],"faces":{"east":{"uv":[6.333335,5.333335,7.833335,7.833335],"tintindex":0,"rotation":0,"texture":"#0"},"south":{"uv":[5.5,6.666665,4.333335,9.166665],"tintindex":0,"rotation":0,"texture":"#0"},"north":{"uv":[4.333335,6.666665,5.5,9.166665],"tintindex":0,"rotation":0,"texture":"#0"},"west":{"uv":[6.5,13.166665,8.0,15.666665],"tintindex":0,"rotation":0,"texture":"#0"},"up":{"uv":[15.5,8.333335,14.333335,6.833335],"tintindex":0,"rotation":0,"texture":"#0"},"down":{"uv":[11.5,13.166665,10.333335,14.666665],"tintindex":0,"rotation":0,"texture":"#0"}}},{"from":[5.1958,3.0517,5.65912],"to":[8.8208,10.3017,9.784121],"faces":{"east":{"uv":[6.333335,5.333335,7.833335,7.833335],"tintindex":0,"rotation":0,"texture":"#0"},"south":{"uv":[5.5,6.666665,4.333335,9.166665],"tintindex":0,"rotation":0,"texture":"#0"},"north":{"uv":[4.333335,6.666665,5.5,9.166665],"tintindex":0,"rotation":0,"texture":"#0"},"west":{"uv":[6.5,13.166665,8.0,15.666665],"tintindex":0,"rotation":0,"texture":"#0"},"up":{"uv":[15.166665,9.666665,14.0,8.166665],"tintindex":0,"rotation":0,"texture":"#0"},"down":{"uv":[11.5,13.166665,10.333335,14.666665],"tintindex":0,"rotation":0,"texture":"#0"}}}],"display":{"head":{"rotation":[0.0,0.0,0.0]},"firstperson_righthand":{"rotation":[0.0,0.0,0.0]},"thirdperson_lefthand":{"rotation":[0.0,-0.0,-0.0]},"firstperson_lefthand":{"rotation":[0.0,-0.0,-0.0]},"fixed":{"rotation":[0.0,0.0,0.0]},"ground":{"rotation":[0.0,0.0,0.0]},"thirdperson_righthand":{"rotation":[0.0,0.0,0.0]},"gui":{"rotation":[-150.0,-45.0,180.0]}}}