{"textures":{"0":"modelengine:entity/8cd3584a-c6dc-3052-a1c4-85ddaa776035","particle":"#0"},"elements":[{"from":[3.5,7.76896,5.5738],"to":[12.25,17.76896,10.3238],"faces":{"east":{"uv":[0.0,0.0,1.666665,3.333335],"tintindex":0,"rotation":0,"texture":"#0"},"south":{"uv":[0.0,0.0,3.0,3.333335],"tintindex":0,"rotation":0,"texture":"#0"},"north":{"uv":[0.0,0.0,3.0,3.333335],"tintindex":0,"rotation":0,"texture":"#0"},"west":{"uv":[1.333335,0.0,3.0,3.333335],"tintindex":0,"rotation":0,"texture":"#0"},"up":{"uv":[3.0,1.666665,0.0,0.0],"tintindex":0,"rotation":0,"texture":"#0"},"down":{"uv":[3.0,1.666665,0.0,3.333335],"tintindex":0,"rotation":0,"texture":"#0"}}},{"from":[3.3375,7.26896,5.4488],"to":[12.3375,8.76896,10.4488],"faces":{"east":{"uv":[0.333335,13.333335,3.333335,13.666665],"tintindex":0,"rotation":0,"texture":"#0"},"south":{"uv":[0.333335,13.333335,3.333335,13.666665],"tintindex":0,"rotation":0,"texture":"#0"},"north":{"uv":[0.333335,13.333335,3.333335,13.833335],"tintindex":0,"rotation":0,"texture":"#0"},"west":{"uv":[0.333335,13.333335,3.333335,13.666665],"tintindex":0,"rotation":0,"texture":"#0"},"up":{"uv":[0.333335,13.333335,3.333335,13.666665],"tintindex":0,"rotation":0,"texture":"#0"},"down":{"uv":[0.333335,13.333335,3.333335,13.666665],"tintindex":0,"rotation":0,"texture":"#0"}}}],"display":{"head":{"rotation":[0.0,0.0,0.0]},"firstperson_righthand":{"rotation":[0.0,0.0,0.0]},"thirdperson_lefthand":{"rotation":[0.0,-0.0,-0.0]},"firstperson_lefthand":{"rotation":[0.0,-0.0,-0.0]},"fixed":{"rotation":[0.0,0.0,0.0]},"ground":{"rotation":[0.0,0.0,0.0]},"thirdperson_righthand":{"rotation":[0.0,0.0,0.0]},"gui":{"rotation":[-150.0,-45.0,180.0]}}}