{"textures":{"0":"modelengine:entity/texture","particle":"#0"},"elements":[{"from":[4.36378,7.330921,4.14128],"to":[11.63622,15.923359,11.77622],"faces":{"east":{"uv":[2.0075,7.1325,2.8675,8.0625],"tintindex":0,"rotation":0,"texture":"#0"},"south":{"uv":[7.5075,0.0075,8.3125,0.9375],"tintindex":0,"rotation":0,"texture":"#0"},"north":{"uv":[7.3825,1.0075,8.1875,1.9375],"tintindex":0,"rotation":0,"texture":"#0"},"west":{"uv":[2.8825,7.1325,3.7425,8.0625],"tintindex":0,"rotation":0,"texture":"#0"},"up":{"uv":[8.3125,4.9925,7.5075,4.1325],"tintindex":0,"rotation":0,"texture":"#0"}}},{"from":[4.5108,7.50482,4.37],"to":[11.489201,15.754822,11.63],"faces":{"east":{"uv":[6.3825,1.0075,7.3125,1.9925],"tintindex":0,"rotation":0,"texture":"#0"},"south":{"uv":[6.6325,3.6325,7.4925,4.6175],"tintindex":0,"rotation":0,"texture":"#0"},"north":{"uv":[6.6325,2.6325,7.4925,3.6175],"tintindex":0,"rotation":0,"texture":"#0"},"west":{"uv":[6.5075,0.0075,7.4375,0.9925],"tintindex":0,"rotation":0,"texture":"#0"},"up":{"uv":[7.4925,5.5625,6.6325,4.6325],"tintindex":0,"rotation":0,"texture":"#0"},"down":{"uv":[7.3675,6.7575,6.5075,7.6875],"tintindex":0,"rotation":0,"texture":"#0"}}},{"from":[5.7062798,15.910919,4.54128],"to":[10.39372,17.010921,11.16872],"faces":{"east":{"uv":[8.0,6.625,8.8125,6.75],"tintindex":0,"rotation":0,"texture":"#0"},"south":{"uv":[4.0,6.0,4.4375,6.125],"tintindex":0,"rotation":0,"texture":"#0"},"north":{"uv":[5.125,1.5,5.5625,1.625],"tintindex":0,"rotation":0,"texture":"#0"},"west":{"uv":[10.125,0.625,10.9375,0.75],"tintindex":0,"rotation":0,"texture":"#0"},"up":{"uv":[10.0625,3.4375,9.6325,2.6325],"tintindex":0,"rotation":0,"texture":"#0"}}}],"display":{"head":{"rotation":[0.0,0.0,0.0]},"firstperson_righthand":{"rotation":[0.0,0.0,0.0]},"thirdperson_lefthand":{"rotation":[0.0,-0.0,-0.0]},"firstperson_lefthand":{"rotation":[0.0,-0.0,-0.0]},"fixed":{"rotation":[0.0,0.0,0.0]},"ground":{"rotation":[0.0,0.0,0.0]},"thirdperson_righthand":{"rotation":[0.0,0.0,0.0]},"gui":{"rotation":[-150.0,-45.0,180.0]}}}