{"textures":{"0":"modelengine:entity/texture","particle":"#0"},"elements":[{"from":[6.57,2.9125004,5.525],"to":[10.969999,9.897501,9.925],"faces":{"east":{"uv":[9.9925,4.3825,9.5075,5.1875],"tintindex":0,"rotation":0,"texture":"#0"},"south":{"uv":[9.9925,3.5075,9.5075,4.3125],"tintindex":0,"rotation":0,"texture":"#0"},"north":{"uv":[2.3675,9.5075,1.8825,10.3125],"tintindex":0,"rotation":0,"texture":"#0"},"west":{"uv":[2.8675,9.5075,2.3825,10.3125],"tintindex":0,"rotation":0,"texture":"#0"},"up":{"uv":[10.1325,7.6175,10.6175,7.1325],"tintindex":0,"rotation":0,"texture":"#0"}}},{"from":[6.9,3.0848904,5.90805],"to":[10.75,9.684891,9.75805],"faces":{"east":{"uv":[9.9925,0.8825,9.5075,1.6875],"tintindex":0,"rotation":0,"texture":"#0"},"south":{"uv":[9.7425,9.3825,9.2575,10.1875],"tintindex":0,"rotation":0,"texture":"#0"},"north":{"uv":[7.3675,9.2575,6.8825,10.0625],"tintindex":0,"rotation":0,"texture":"#0"},"west":{"uv":[9.2425,9.3825,8.7575,10.1875],"tintindex":0,"rotation":0,"texture":"#0"},"up":{"uv":[6.6325,10.6175,7.1175,10.1325],"tintindex":0,"rotation":0,"texture":"#0"},"down":{"uv":[10.1325,6.6325,10.6175,7.1175],"tintindex":0,"rotation":0,"texture":"#0"}}}],"display":{"head":{"rotation":[0.0,0.0,0.0]},"firstperson_righthand":{"rotation":[0.0,0.0,0.0]},"thirdperson_lefthand":{"rotation":[0.0,-0.0,-0.0]},"firstperson_lefthand":{"rotation":[0.0,-0.0,-0.0]},"fixed":{"rotation":[0.0,0.0,0.0]},"ground":{"rotation":[0.0,0.0,0.0]},"thirdperson_righthand":{"rotation":[0.0,0.0,0.0]},"gui":{"rotation":[-150.0,-45.0,180.0]}}}