{"textures":{"0":"modelengine:entity/sam","particle":"#0"},"elements":[{"from":[7.12,3.8593102,6.966],"to":[8.88,8.28131,9.034],"faces":{"east":{"uv":[0.08571334,9.75,0.75714004,11.185714],"tintindex":0,"rotation":0,"texture":"#0"},"south":{"uv":[0.17142668,9.75,0.74286,11.178574],"tintindex":0,"rotation":0,"texture":"#0"},"north":{"uv":[0.00914,10.00914,0.5622867,11.419428],"tintindex":0,"rotation":0,"texture":"#0"},"west":{"uv":[0.00914,10.00914,0.5622867,11.419428],"tintindex":0,"rotation":0,"texture":"#0"},"up":{"uv":[0.00914,10.25,0.5622867,10.821426],"tintindex":0,"rotation":0,"texture":"#0"},"down":{"uv":[0.041666668,10.75,0.6130934,11.321426],"tintindex":0,"rotation":0,"texture":"#0"}}}],"display":{"head":{"rotation":[0.0,0.0,0.0]},"firstperson_righthand":{"rotation":[0.0,0.0,0.0]},"thirdperson_lefthand":{"rotation":[0.0,-0.0,-0.0]},"firstperson_lefthand":{"rotation":[0.0,-0.0,-0.0]},"fixed":{"rotation":[0.0,0.0,0.0]},"ground":{"rotation":[0.0,0.0,0.0]},"thirdperson_righthand":{"rotation":[0.0,0.0,0.0]},"gui":{"rotation":[-150.0,-45.0,180.0]}}}