{"textures":{"0":"modelengine:entity/troll3","particle":"#0"},"elements":[{"from":[12.27826,6.6527214,-9.99449],"to":[15.62826,10.00272,-8.6544895],"faces":{"east":{"uv":[6.75,2.375,6.875,2.6875],"tintindex":0,"rotation":0,"texture":"#0"},"south":{"uv":[6.875,14.75,7.1875,15.0625],"tintindex":0,"rotation":0,"texture":"#0"},"north":{"uv":[14.75,4.875,15.0625,5.1875],"tintindex":0,"rotation":0,"texture":"#0"},"west":{"uv":[6.75,2.75,6.875,3.0625],"tintindex":0,"rotation":0,"texture":"#0"},"up":{"uv":[5.8125,3.75,5.5,3.625],"tintindex":0,"rotation":0,"texture":"#0"},"down":{"uv":[6.1875,3.625,5.875,3.75],"tintindex":0,"rotation":0,"texture":"#0"}},"rotation":{"origin":[12.27826,6.6527214,-9.99449],"angle":-22.5,"axis":"y"}},{"from":[4.9082603,1.2927208,-9.32449],"to":[11.60826,3.972721,-8.6544895],"faces":{"east":{"uv":[6.75,3.125,6.8125,3.375],"tintindex":0,"rotation":0,"texture":"#0"},"south":{"uv":[1.375,14.625,2.0,14.875],"tintindex":0,"rotation":0,"texture":"#0"},"north":{"uv":[13.875,4.0,14.5,4.25],"tintindex":0,"rotation":0,"texture":"#0"},"west":{"uv":[6.75,3.375,6.8125,3.625],"tintindex":0,"rotation":0,"texture":"#0"},"up":{"uv":[6.875,3.6875,6.25,3.625],"tintindex":0,"rotation":0,"texture":"#0"},"down":{"uv":[8.0,2.25,7.375,2.3125],"tintindex":0,"rotation":0,"texture":"#0"}}},{"from":[0.8882599,6.6527214,-8.6544895],"to":[4.2382603,10.00272,-5.304489],"faces":{"east":{"uv":[11.0,14.625,11.3125,14.9375],"tintindex":0,"rotation":0,"texture":"#0"},"south":{"uv":[14.75,1.375,15.0625,1.6875],"tintindex":0,"rotation":0,"texture":"#0"},"north":{"uv":[10.625,14.625,10.9375,14.9375],"tintindex":0,"rotation":0,"texture":"#0"},"west":{"uv":[14.75,3.25,15.0625,3.5625],"tintindex":0,"rotation":0,"texture":"#0"},"up":{"uv":[3.8125,15.0625,3.5,14.75],"tintindex":0,"rotation":0,"texture":"#0"},"down":{"uv":[15.0625,3.625,14.75,3.9375],"tintindex":0,"rotation":0,"texture":"#0"}},"rotation":{"origin":[0.8882599,6.6527214,-8.6544895],"angle":22.5,"axis":"y"}},{"from":[4.9082603,4.19606,-9.771149],"to":[11.60826,12.236061,-3.0711498],"faces":{"east":{"uv":[13.75,12.5,14.375,13.25],"tintindex":0,"rotation":0,"texture":"#0"},"south":{"uv":[0.0,13.875,0.625,14.625],"tintindex":0,"rotation":0,"texture":"#0"},"north":{"uv":[10.0,4.75,10.625,5.5],"tintindex":0,"rotation":0,"texture":"#0"},"west":{"uv":[13.875,0.0,14.5,0.75],"tintindex":0,"rotation":0,"texture":"#0"},"up":{"uv":[14.75,2.0,14.125,1.375],"tintindex":0,"rotation":0,"texture":"#0"},"down":{"uv":[14.75,4.875,14.125,5.5],"tintindex":0,"rotation":0,"texture":"#0"}}},{"from":[1.55826,-1.6106186,-1.9544897],"to":[14.95826,15.80938,10.10551],"faces":{"east":{"uv":[8.625,0.0,9.75,1.625],"tintindex":0,"rotation":0,"texture":"#0"},"south":{"uv":[8.25,8.5,9.5,10.125],"tintindex":0,"rotation":0,"texture":"#0"},"north":{"uv":[7.0,8.5,8.25,10.125],"tintindex":0,"rotation":0,"texture":"#0"},"west":{"uv":[8.875,3.875,10.0,5.5],"tintindex":0,"rotation":0,"texture":"#0"},"up":{"uv":[10.75,10.875,9.5,9.75],"tintindex":0,"rotation":0,"texture":"#0"},"down":{"uv":[11.25,3.625,10.0,4.75],"tintindex":0,"rotation":0,"texture":"#0"}}},{"from":[11.60826,1.962719,-8.6544895],"to":[15.62826,12.68272,-1.2844896],"faces":{"east":{"uv":[13.125,9.5,13.8125,10.5],"tintindex":0,"rotation":0,"texture":"#0"},"south":{"uv":[14.125,5.5,14.5,6.5],"tintindex":0,"rotation":0,"texture":"#0"},"north":{"uv":[3.5,13.75,3.875,14.75],"tintindex":0,"rotation":0,"texture":"#0"},"west":{"uv":[13.125,10.5,13.8125,11.5],"tintindex":0,"rotation":0,"texture":"#0"},"up":{"uv":[9.125,13.3125,8.75,12.625],"tintindex":0,"rotation":0,"texture":"#0"},"down":{"uv":[6.125,14.125,5.75,14.8125],"tintindex":0,"rotation":0,"texture":"#0"}}},{"from":[1.5797,8.66272,-8.319489],"to":[14.93682,12.68272,0.39051008],"faces":{"east":{"uv":[11.5,6.0,12.3125,6.375],"tintindex":0,"rotation":0,"texture":"#0"},"south":{"uv":[13.125,12.125,14.375,12.5],"tintindex":0,"rotation":0,"texture":"#0"},"north":{"uv":[7.375,1.875,8.625,2.25],"tintindex":0,"rotation":0,"texture":"#0"},"west":{"uv":[11.625,2.25,12.4375,2.625],"tintindex":0,"rotation":0,"texture":"#0"},"up":{"uv":[3.125,12.4375,1.875,11.625],"tintindex":0,"rotation":0,"texture":"#0"},"down":{"uv":[5.25,11.875,4.0,12.6875],"tintindex":0,"rotation":0,"texture":"#0"}},"rotation":{"origin":[1.55826,8.66272,-8.319489],"angle":-22.5,"axis":"x"}},{"from":[0.8882599,1.962719,-8.6544895],"to":[4.9082603,12.68272,-1.2844896],"faces":{"east":{"uv":[13.0,12.625,13.6875,13.625],"tintindex":0,"rotation":0,"texture":"#0"},"south":{"uv":[1.5,12.625,1.875,13.625],"tintindex":0,"rotation":0,"texture":"#0"},"north":{"uv":[2.375,4.75,2.75,5.75],"tintindex":0,"rotation":0,"texture":"#0"},"west":{"uv":[13.125,0.0,13.8125,1.0],"tintindex":0,"rotation":0,"texture":"#0"},"up":{"uv":[9.0,2.3125,8.625,1.625],"tintindex":0,"rotation":0,"texture":"#0"},"down":{"uv":[3.5,11.625,3.125,12.3125],"tintindex":0,"rotation":0,"texture":"#0"}}},{"from":[4.88682,-2.1001587,-9.32449],"to":[11.6297,0.5798416,-0.61448956],"faces":{"east":{"uv":[9.0,3.625,9.8125,3.875],"tintindex":0,"rotation":0,"texture":"#0"},"south":{"uv":[13.25,9.125,13.875,9.375],"tintindex":0,"rotation":0,"texture":"#0"},"north":{"uv":[1.875,11.25,2.5,11.5],"tintindex":0,"rotation":0,"texture":"#0"},"west":{"uv":[14.125,8.75,14.9375,9.0],"tintindex":0,"rotation":0,"texture":"#0"},"up":{"uv":[2.875,14.5625,2.25,13.75],"tintindex":0,"rotation":0,"texture":"#0"},"down":{"uv":[3.5,13.75,2.875,14.5625],"tintindex":0,"rotation":0,"texture":"#0"}},"rotation":{"origin":[4.9082603,0.6227188,-0.61448956],"angle":22.5,"axis":"x"}},{"from":[1.60114,-1.3872795,-7.9844894],"to":[4.9082603,1.2927208,0.7255101],"faces":{"east":{"uv":[14.5,4.625,15.3125,4.875],"tintindex":0,"rotation":0,"texture":"#0"},"south":{"uv":[10.75,3.375,11.0625,3.625],"tintindex":0,"rotation":0,"texture":"#0"},"north":{"uv":[2.5,10.125,2.8125,10.375],"tintindex":0,"rotation":0,"texture":"#0"},"west":{"uv":[14.5,5.5,15.3125,5.75],"tintindex":0,"rotation":0,"texture":"#0"},"up":{"uv":[6.4375,14.9375,6.125,14.125],"tintindex":0,"rotation":0,"texture":"#0"},"down":{"uv":[6.8125,14.125,6.5,14.9375],"tintindex":0,"rotation":0,"texture":"#0"}},"rotation":{"origin":[1.55826,1.2927208,0.7255101],"angle":22.5,"axis":"x"}},{"from":[11.60826,-1.3872795,-7.9844894],"to":[14.9153805,1.2927208,0.7255101],"faces":{"east":{"uv":[14.5,5.75,15.3125,6.0],"tintindex":0,"rotation":0,"texture":"#0"},"south":{"uv":[7.875,12.375,8.1875,12.625],"tintindex":0,"rotation":0,"texture":"#0"},"north":{"uv":[5.75,11.125,6.0625,11.375],"tintindex":0,"rotation":0,"texture":"#0"},"west":{"uv":[14.5,6.0,15.3125,6.25],"tintindex":0,"rotation":0,"texture":"#0"},"up":{"uv":[14.4375,7.3125,14.125,6.5],"tintindex":0,"rotation":0,"texture":"#0"},"down":{"uv":[14.4375,7.375,14.125,8.1875],"tintindex":0,"rotation":0,"texture":"#0"}},"rotation":{"origin":[11.60826,1.2927208,0.7255101],"angle":22.5,"axis":"x"}}],"display":{"head":{"rotation":[0.0,0.0,0.0]},"firstperson_righthand":{"rotation":[0.0,0.0,0.0]},"thirdperson_lefthand":{"rotation":[0.0,-0.0,-0.0]},"firstperson_lefthand":{"rotation":[0.0,-0.0,-0.0]},"fixed":{"rotation":[0.0,0.0,0.0]},"ground":{"rotation":[0.0,0.0,0.0]},"thirdperson_righthand":{"rotation":[0.0,0.0,0.0]},"gui":{"rotation":[-150.0,-45.0,180.0]}}}