{"textures":{"0":"modelengine:entity/troll3","particle":"#0"},"elements":[{"from":[2.22826,5.42992,-3.964491],"to":[7.5882597,10.78992,1.3955097],"faces":{"east":{"uv":[13.375,7.75,13.875,8.25],"tintindex":0,"rotation":0,"texture":"#0"},"south":{"uv":[13.875,11.0,14.375,11.5],"tintindex":0,"rotation":0,"texture":"#0"},"north":{"uv":[5.25,11.875,5.75,12.375],"tintindex":0,"rotation":0,"texture":"#0"},"west":{"uv":[14.125,8.25,14.625,8.75],"tintindex":0,"rotation":0,"texture":"#0"},"up":{"uv":[9.25,14.625,8.75,14.125],"tintindex":0,"rotation":0,"texture":"#0"},"down":{"uv":[9.75,14.125,9.25,14.625],"tintindex":0,"rotation":0,"texture":"#0"}},"rotation":{"origin":[7.5882597,5.42992,1.3955097],"angle":22.5,"axis":"y"}},{"from":[8.25826,5.42992,-3.2944908],"to":[13.61826,10.78992,2.0655098],"faces":{"east":{"uv":[11.125,14.125,11.625,14.625],"tintindex":0,"rotation":0,"texture":"#0"},"south":{"uv":[6.875,14.25,7.375,14.75],"tintindex":0,"rotation":0,"texture":"#0"},"north":{"uv":[10.625,14.125,11.125,14.625],"tintindex":0,"rotation":0,"texture":"#0"},"west":{"uv":[7.375,14.25,7.875,14.75],"tintindex":0,"rotation":0,"texture":"#0"},"up":{"uv":[12.125,14.75,11.625,14.25],"tintindex":0,"rotation":0,"texture":"#0"},"down":{"uv":[12.625,14.25,12.125,14.75],"tintindex":0,"rotation":0,"texture":"#0"}}},{"from":[2.22826,5.32272,0.055509567],"to":[14.28826,11.35272,12.78551],"faces":{"east":{"uv":[13.125,11.5,14.3125,12.0625],"tintindex":0,"rotation":0,"texture":"#0"},"south":{"uv":[8.75,13.5,9.875,14.0625],"tintindex":0,"rotation":0,"texture":"#0"},"north":{"uv":[5.75,13.5,6.875,14.0625],"tintindex":0,"rotation":0,"texture":"#0"},"west":{"uv":[13.25,2.125,14.4375,2.6875],"tintindex":0,"rotation":0,"texture":"#0"},"up":{"uv":[7.25,11.3125,6.125,10.125],"tintindex":0,"rotation":0,"texture":"#0"},"down":{"uv":[8.375,10.125,7.25,11.3125],"tintindex":0,"rotation":0,"texture":"#0"}}}],"display":{"head":{"rotation":[0.0,0.0,0.0]},"firstperson_righthand":{"rotation":[0.0,0.0,0.0]},"thirdperson_lefthand":{"rotation":[0.0,-0.0,-0.0]},"firstperson_lefthand":{"rotation":[0.0,-0.0,-0.0]},"fixed":{"rotation":[0.0,0.0,0.0]},"ground":{"rotation":[0.0,0.0,0.0]},"thirdperson_righthand":{"rotation":[0.0,0.0,0.0]},"gui":{"rotation":[-150.0,-45.0,180.0]}}}