{"textures":{"0":"modelengine:entity/troll3","particle":"#0"},"elements":[{"from":[4.2382603,-4.7172813,-3.63449],"to":[7.5882587,1.3127193,0.3855095],"faces":{"east":{"uv":[1.375,14.5,1.0,15.0625],"tintindex":0,"rotation":0,"texture":"#0"},"south":{"uv":[8.1875,14.5,7.875,15.0625],"tintindex":0,"rotation":0,"texture":"#0"},"north":{"uv":[14.8125,7.5,14.5,8.0625],"tintindex":0,"rotation":0,"texture":"#0"},"west":{"uv":[1.0,14.5,0.625,15.0625],"tintindex":0,"rotation":0,"texture":"#0"},"up":{"uv":[2.0,15.0,2.3125,14.625],"tintindex":0,"rotation":0,"texture":"#0"},"down":{"uv":[2.375,14.625,2.6875,15.0],"tintindex":0,"rotation":0,"texture":"#0"}},"rotation":{"origin":[9.598259,-7.3972816,-2.964491],"angle":22.5,"axis":"x"}},{"from":[9.598259,-7.3972816,-2.964491],"to":[12.948259,-1.367281,1.0555096],"faces":{"east":{"uv":[14.75,12.0,14.375,12.5625],"tintindex":0,"rotation":0,"texture":"#0"},"south":{"uv":[5.6875,14.5,5.375,15.0625],"tintindex":0,"rotation":0,"texture":"#0"},"north":{"uv":[5.3125,14.5,5.0,15.0625],"tintindex":0,"rotation":0,"texture":"#0"},"west":{"uv":[10.625,14.375,10.25,14.9375],"tintindex":0,"rotation":0,"texture":"#0"},"up":{"uv":[4.75,6.125,5.0625,5.75],"tintindex":0,"rotation":0,"texture":"#0"},"down":{"uv":[4.125,9.125,4.4375,9.5],"tintindex":0,"rotation":0,"texture":"#0"}},"rotation":{"origin":[9.598259,-7.3972816,-2.964491],"angle":22.5,"axis":"x"}},{"from":[9.598259,-7.3972816,1.7255096],"to":[12.948259,-1.367281,5.745509],"faces":{"east":{"uv":[14.875,0.0,14.5,0.5625],"tintindex":0,"rotation":0,"texture":"#0"},"south":{"uv":[14.8125,6.875,14.5,7.4375],"tintindex":0,"rotation":0,"texture":"#0"},"north":{"uv":[14.8125,6.25,14.5,6.8125],"tintindex":0,"rotation":0,"texture":"#0"},"west":{"uv":[14.75,12.625,14.375,13.1875],"tintindex":0,"rotation":0,"texture":"#0"},"up":{"uv":[11.625,13.625,11.9375,13.25],"tintindex":0,"rotation":0,"texture":"#0"},"down":{"uv":[13.75,13.25,14.0625,13.625],"tintindex":0,"rotation":0,"texture":"#0"}},"rotation":{"origin":[9.598259,-7.3972816,-2.964491],"angle":22.5,"axis":"x"}},{"from":[5.5782604,-1.367281,-2.964491],"to":[12.948259,10.6927185,5.745509],"faces":{"east":{"uv":[6.9375,12.375,6.125,13.5],"tintindex":0,"rotation":0,"texture":"#0"},"south":{"uv":[13.3125,1.0,12.625,2.125],"tintindex":0,"rotation":0,"texture":"#0"},"north":{"uv":[13.1875,2.25,12.5,3.375],"tintindex":0,"rotation":0,"texture":"#0"},"west":{"uv":[6.0625,12.375,5.25,13.5],"tintindex":0,"rotation":0,"texture":"#0"},"up":{"uv":[9.875,14.3125,10.5625,13.5],"tintindex":0,"rotation":0,"texture":"#0"},"down":{"uv":[4.0,13.625,4.6875,14.4375],"tintindex":0,"rotation":0,"texture":"#0"}},"rotation":{"origin":[9.598259,-7.3972816,-2.964491],"angle":22.5,"axis":"x"}}],"display":{"head":{"rotation":[0.0,0.0,0.0]},"firstperson_righthand":{"rotation":[0.0,0.0,0.0]},"thirdperson_lefthand":{"rotation":[0.0,-0.0,-0.0]},"firstperson_lefthand":{"rotation":[0.0,-0.0,-0.0]},"fixed":{"rotation":[0.0,0.0,0.0]},"ground":{"rotation":[0.0,0.0,0.0]},"thirdperson_righthand":{"rotation":[0.0,0.0,0.0]},"gui":{"rotation":[-150.0,-45.0,180.0]}}}