{"textures":{"0":"modelengine:entity/troll3","particle":"#0"},"elements":[{"from":[3.5682602,-7.3972816,-2.964491],"to":[6.9182606,-1.367281,1.0555096],"faces":{"east":{"uv":[10.25,14.375,10.625,14.9375],"tintindex":0,"rotation":0,"texture":"#0"},"south":{"uv":[5.375,14.5,5.6875,15.0625],"tintindex":0,"rotation":0,"texture":"#0"},"north":{"uv":[5.0,14.5,5.3125,15.0625],"tintindex":0,"rotation":0,"texture":"#0"},"west":{"uv":[14.375,12.0,14.75,12.5625],"tintindex":0,"rotation":0,"texture":"#0"},"up":{"uv":[5.0625,6.125,4.75,5.75],"tintindex":0,"rotation":0,"texture":"#0"},"down":{"uv":[4.4375,9.125,4.125,9.5],"tintindex":0,"rotation":0,"texture":"#0"}},"rotation":{"origin":[6.9182606,-7.3972816,-2.964491],"angle":22.5,"axis":"x"}},{"from":[3.5682602,-7.3972816,1.7255096],"to":[6.9182606,-1.367281,5.745509],"faces":{"east":{"uv":[14.375,12.625,14.75,13.1875],"tintindex":0,"rotation":0,"texture":"#0"},"south":{"uv":[14.5,6.875,14.8125,7.4375],"tintindex":0,"rotation":0,"texture":"#0"},"north":{"uv":[14.5,6.25,14.8125,6.8125],"tintindex":0,"rotation":0,"texture":"#0"},"west":{"uv":[14.5,0.0,14.875,0.5625],"tintindex":0,"rotation":0,"texture":"#0"},"up":{"uv":[11.9375,13.625,11.625,13.25],"tintindex":0,"rotation":0,"texture":"#0"},"down":{"uv":[14.0625,13.25,13.75,13.625],"tintindex":0,"rotation":0,"texture":"#0"}},"rotation":{"origin":[6.9182606,-7.3972816,-2.964491],"angle":22.5,"axis":"x"}},{"from":[8.928261,-4.7172813,-3.63449],"to":[12.278261,1.3127193,0.3855095],"faces":{"east":{"uv":[0.625,14.5,1.0,15.0625],"tintindex":0,"rotation":0,"texture":"#0"},"south":{"uv":[7.875,14.5,8.1875,15.0625],"tintindex":0,"rotation":0,"texture":"#0"},"north":{"uv":[14.5,7.5,14.8125,8.0625],"tintindex":0,"rotation":0,"texture":"#0"},"west":{"uv":[1.0,14.5,1.375,15.0625],"tintindex":0,"rotation":0,"texture":"#0"},"up":{"uv":[2.3125,15.0,2.0,14.625],"tintindex":0,"rotation":0,"texture":"#0"},"down":{"uv":[2.6875,14.625,2.375,15.0],"tintindex":0,"rotation":0,"texture":"#0"}},"rotation":{"origin":[6.9182606,-7.3972816,-2.964491],"angle":22.5,"axis":"x"}},{"from":[3.5682602,-1.367281,-2.964491],"to":[10.938261,10.6927185,5.745509],"faces":{"east":{"uv":[5.25,12.375,6.0625,13.5],"tintindex":0,"rotation":0,"texture":"#0"},"south":{"uv":[12.625,1.0,13.3125,2.125],"tintindex":0,"rotation":0,"texture":"#0"},"north":{"uv":[12.5,2.25,13.1875,3.375],"tintindex":0,"rotation":0,"texture":"#0"},"west":{"uv":[6.125,12.375,6.9375,13.5],"tintindex":0,"rotation":0,"texture":"#0"},"up":{"uv":[10.5625,14.3125,9.875,13.5],"tintindex":0,"rotation":0,"texture":"#0"},"down":{"uv":[4.6875,13.625,4.0,14.4375],"tintindex":0,"rotation":0,"texture":"#0"}},"rotation":{"origin":[6.9182606,-7.3972816,-2.964491],"angle":22.5,"axis":"x"}}],"display":{"head":{"rotation":[0.0,0.0,0.0]},"firstperson_righthand":{"rotation":[0.0,0.0,0.0]},"thirdperson_lefthand":{"rotation":[0.0,-0.0,-0.0]},"firstperson_lefthand":{"rotation":[0.0,-0.0,-0.0]},"fixed":{"rotation":[0.0,0.0,0.0]},"ground":{"rotation":[0.0,0.0,0.0]},"thirdperson_righthand":{"rotation":[0.0,0.0,0.0]},"gui":{"rotation":[-150.0,-45.0,180.0]}}}