{"textures":{"0":"modelengine:entity/troll3","particle":"#0"},"elements":[{"from":[2.89826,5.42992,-3.2944908],"to":[8.25826,10.78992,2.0655098],"faces":{"east":{"uv":[7.875,14.25,7.375,14.75],"tintindex":0,"rotation":0,"texture":"#0"},"south":{"uv":[7.375,14.25,6.875,14.75],"tintindex":0,"rotation":0,"texture":"#0"},"north":{"uv":[11.125,14.125,10.625,14.625],"tintindex":0,"rotation":0,"texture":"#0"},"west":{"uv":[11.625,14.125,11.125,14.625],"tintindex":0,"rotation":0,"texture":"#0"},"up":{"uv":[11.625,14.75,12.125,14.25],"tintindex":0,"rotation":0,"texture":"#0"},"down":{"uv":[12.125,14.25,12.625,14.75],"tintindex":0,"rotation":0,"texture":"#0"}}},{"from":[8.92826,5.42992,-3.964491],"to":[14.2882595,10.78992,1.3955097],"faces":{"east":{"uv":[14.625,8.25,14.125,8.75],"tintindex":0,"rotation":0,"texture":"#0"},"south":{"uv":[14.375,11.0,13.875,11.5],"tintindex":0,"rotation":0,"texture":"#0"},"north":{"uv":[5.75,11.875,5.25,12.375],"tintindex":0,"rotation":0,"texture":"#0"},"west":{"uv":[13.875,7.75,13.375,8.25],"tintindex":0,"rotation":0,"texture":"#0"},"up":{"uv":[8.75,14.625,9.25,14.125],"tintindex":0,"rotation":0,"texture":"#0"},"down":{"uv":[9.25,14.125,9.75,14.625],"tintindex":0,"rotation":0,"texture":"#0"}},"rotation":{"origin":[8.92826,5.42992,1.3955097],"angle":-22.5,"axis":"y"}},{"from":[2.22826,5.32272,0.055509567],"to":[14.2882595,11.35272,12.78551],"faces":{"east":{"uv":[14.4375,2.125,13.25,2.6875],"tintindex":0,"rotation":0,"texture":"#0"},"south":{"uv":[9.875,13.5,8.75,14.0625],"tintindex":0,"rotation":0,"texture":"#0"},"north":{"uv":[6.875,13.5,5.75,14.0625],"tintindex":0,"rotation":0,"texture":"#0"},"west":{"uv":[14.3125,11.5,13.125,12.0625],"tintindex":0,"rotation":0,"texture":"#0"},"up":{"uv":[6.125,11.3125,7.25,10.125],"tintindex":0,"rotation":0,"texture":"#0"},"down":{"uv":[7.25,10.125,8.375,11.3125],"tintindex":0,"rotation":0,"texture":"#0"}}}],"display":{"head":{"rotation":[0.0,0.0,0.0]},"firstperson_righthand":{"rotation":[0.0,0.0,0.0]},"thirdperson_lefthand":{"rotation":[0.0,-0.0,-0.0]},"firstperson_lefthand":{"rotation":[0.0,-0.0,-0.0]},"fixed":{"rotation":[0.0,0.0,0.0]},"ground":{"rotation":[0.0,0.0,0.0]},"thirdperson_righthand":{"rotation":[0.0,0.0,0.0]},"gui":{"rotation":[-150.0,-45.0,180.0]}}}