{"textures":{"0":"modelengine:entity/troll3","particle":"#0"},"elements":[{"from":[1.5682602,-6.377281,2.0655098],"to":[10.278259,10.372719,12.11551],"faces":{"east":{"uv":[6.0625,9.5,5.125,11.0625],"tintindex":0,"rotation":0,"texture":"#0"},"south":{"uv":[11.3125,8.125,10.5,9.6875],"tintindex":0,"rotation":0,"texture":"#0"},"north":{"uv":[11.3125,6.5,10.5,8.0625],"tintindex":0,"rotation":0,"texture":"#0"},"west":{"uv":[5.0625,9.5,4.125,11.0625],"tintindex":0,"rotation":0,"texture":"#0"},"up":{"uv":[7.875,13.5625,8.6875,12.625],"tintindex":0,"rotation":0,"texture":"#0"},"down":{"uv":[12.125,12.625,12.9375,13.5625],"tintindex":0,"rotation":0,"texture":"#0"}},"rotation":{"origin":[10.278259,10.372719,2.0655098],"angle":22.5,"axis":"z"}},{"from":[7.598261,-11.06728,2.7355094],"to":[16.30826,-5.037281,11.44551],"faces":{"east":{"uv":[14.6875,3.375,13.875,3.9375],"tintindex":0,"rotation":0,"texture":"#0"},"south":{"uv":[1.4375,13.875,0.625,14.4375],"tintindex":0,"rotation":0,"texture":"#0"},"north":{"uv":[6.9375,9.5,6.125,10.0625],"tintindex":0,"rotation":0,"texture":"#0"},"west":{"uv":[10.5625,1.0,9.75,1.5625],"tintindex":0,"rotation":0,"texture":"#0"},"up":{"uv":[1.125,9.0625,1.9375,8.25],"tintindex":0,"rotation":0,"texture":"#0"},"down":{"uv":[13.25,4.875,14.0625,5.6875],"tintindex":0,"rotation":0,"texture":"#0"}}}],"display":{"head":{"rotation":[0.0,0.0,0.0]},"firstperson_righthand":{"rotation":[0.0,0.0,0.0]},"thirdperson_lefthand":{"rotation":[0.0,-0.0,-0.0]},"firstperson_lefthand":{"rotation":[0.0,-0.0,-0.0]},"fixed":{"rotation":[0.0,0.0,0.0]},"ground":{"rotation":[0.0,0.0,0.0]},"thirdperson_righthand":{"rotation":[0.0,0.0,0.0]},"gui":{"rotation":[-150.0,-45.0,180.0]}}}